[17:31:05] [main/INFO]: Loading Minecraft 26.2 with Fabric Loader 0.19.3
[17:31:05] [main/INFO]: Mappings not present!
[17:31:05] [main/WARN]: Warnings were found!
 - 模组 'Reese's Sodium Options' (reeses-sodium-options) 2.2.3+mc26.2 建议安装 sodium-extra 的 0.4.2 及以上版本，但没有安装它！
	 - 为了最佳体验，您应该安装 sodium-extra 的 0.4.2 及以上版本。
[17:31:05] [main/INFO]: Loading 140 mods:
	- appleskin 3.0.10+mc26.2
	- architectury 21.0.6
	- berezka_api 1.2.9.5-beta.5
	- carryon 2.11.0
	- chat_heads 1.2.5
	- cloth-config 26.2.155
	   \-- cloth-basic-math 0.6.1
	- continuity 3.0.1+26.2
	- dream_equipment 0.1.0-FIX
	- euphoria_patcher 1.9.3-r5.8.1-fabric
	- fabric-api 0.156.0+26.2
	   |-- fabric-api-base 2.0.4+ece063239e
	   |-- fabric-api-lookup-api-v1 2.0.17+11e1c9a39e
	   |-- fabric-biome-api-v1 18.0.6+c7bd5b8e9e
	   |-- fabric-block-api-v1 3.0.3+ec56b6019e
	   |-- fabric-block-getter-api-v2 2.0.7+ec56b6019e
	   |-- fabric-command-api-v2 3.1.0+00cb03469e
	   |-- fabric-content-registries-v0 11.3.0+d0a699d09e
	   |-- fabric-convention-tags-v2 4.7.0+1f023a9e9e
	   |-- fabric-crash-report-info-v1 1.0.5+086d547a9e
	   |-- fabric-creative-tab-api-v1 5.0.14+d871b99e9e
	   |-- fabric-data-attachment-api-v1 2.2.18+515ac5339e
	   |-- fabric-data-generation-api-v1 25.5.0+aed122aa9e
	   |-- fabric-debug-api-v1 1.0.2+c792624d9e
	   |-- fabric-dimensions-v1 5.1.11+515ac5339e
	   |-- fabric-entity-events-v1 5.0.5+06488ac19e
	   |-- fabric-events-interaction-v0 5.2.7+515ac5339e
	   |-- fabric-game-rule-api-v1 4.0.8+46a6d00c9e
	   |-- fabric-item-api-v1 14.4.0+49a69a7b9e
	   |-- fabric-key-mapping-api-v1 2.0.5+e2bdee789e
	   |-- fabric-lifecycle-events-v1 4.1.3+4575b05f9e
	   |-- fabric-loot-api-v3 3.0.17+06488ac19e
	   |-- fabric-menu-api-v1 2.0.16+086d547a9e
	   |-- fabric-message-api-v1 7.0.7+086d547a9e
	   |-- fabric-model-loading-api-v1 8.0.16+c80601bb9e
	   |-- fabric-networking-api-v1 6.3.3+72073ef09e
	   |-- fabric-object-builder-api-v1 24.1.0+6fcd5f039e
	   |-- fabric-particles-v1 5.0.18+d1756aa99e
	   |-- fabric-permission-api-v1 1.0.4+536fad2f9e
	   |-- fabric-recipe-api-v1 9.0.20+11e1c9a39e
	   |-- fabric-registry-sync-v0 7.1.0+c7bd5b8e9e
	   |-- fabric-renderer-api-v1 14.1.3+2b0d8a229e
	   |-- fabric-renderer-indigo 9.1.3+2b0d8a229e
	   |-- fabric-rendering-fluids-v1 6.0.4+06488ac19e
	   |-- fabric-rendering-v1 25.3.2+515ac5339e
	   |-- fabric-resource-conditions-api-v1 6.1.0+10e9a28b9e
	   |-- fabric-resource-loader-v0 3.3.20+4fc5413f9e
	   |-- fabric-resource-loader-v1 2.0.13+9edec1269e
	   |-- fabric-screen-api-v1 5.1.0+48e3c0b09e
	   |-- fabric-serialization-api-v1 2.0.4+11a26f319e
	   |-- fabric-sound-api-v1 2.0.5+11a26f319e
	   |-- fabric-tag-api-v1 2.1.4+515ac5339e
	   |-- fabric-transfer-api-v1 8.0.12+11dbb7d79e
	   \-- fabric-transitive-access-wideners-v1 8.1.4+67c847259e
	- fabric-language-kotlin 1.13.13+kotlin.2.4.10
	   |-- org_jetbrains_kotlin_kotlin-reflect 2.4.10
	   |-- org_jetbrains_kotlin_kotlin-stdlib 2.4.10
	   |-- org_jetbrains_kotlin_kotlin-stdlib-jdk7 2.4.10
	   |-- org_jetbrains_kotlin_kotlin-stdlib-jdk8 2.4.10
	   |-- org_jetbrains_kotlinx_atomicfu-jvm 0.33.0
	   |-- org_jetbrains_kotlinx_kotlinx-coroutines-core-jvm 1.11.0
	   |-- org_jetbrains_kotlinx_kotlinx-coroutines-jdk8 1.11.0
	   |-- org_jetbrains_kotlinx_kotlinx-datetime-jvm 0.8.0
	   |-- org_jetbrains_kotlinx_kotlinx-io-bytestring-jvm 0.9.1
	   |-- org_jetbrains_kotlinx_kotlinx-io-core-jvm 0.9.1
	   |-- org_jetbrains_kotlinx_kotlinx-serialization-cbor-jvm 1.11.0
	   |-- org_jetbrains_kotlinx_kotlinx-serialization-core-jvm 1.11.0
	   \-- org_jetbrains_kotlinx_kotlinx-serialization-json-jvm 1.11.0
	- fabricloader 0.19.3
	   \-- mixinextras 0.5.4
	- firstaid 1.3.1-hotfix20181682026+fabric26.2
	- forgeconfigapiport 26.2.1
	   |-- com_electronwill_night-config_core 3.8.4
	   \-- com_electronwill_night-config_toml 3.8.4
	- fwa 1.2.36
	- immediatelyfast 1.16.2+26.2
	- inventoryhud 3.4.32
	- inventorymanagement 2.0.1+26.2
	- iris 1.11.2+mc26.2
	   |-- io_github_douira_glsl-transformer 3.0.0-pre3
	   |-- org_anarres_jcpp 1.4.14
	   \-- org_antlr_antlr4-runtime 4.13.1
	- jade 26.2.10+fabric
	- jamlib 2.3.1+26.2.x
	- java 25
	- justzoom 2.1.5
	- konkrete 1.11.1
	- lambdynlights 4.12.2+26.2
	   |-- lambdynlights_api 4.12.2+26.2
	   |    |-- yumi_commons_collections 2.0.0
	   |    |-- yumi_commons_core 2.0.0
	   |    \-- yumi_commons_event 2.0.0
	   |-- pride 1.7.0+26.2
	   |-- spruceui 11.0.0+26.2
	   \-- yumi_mc_core 1.1.1+26.2
	        |-- yumi_commons_collections 2.0.0
	        |-- yumi_commons_core 2.0.0
	        \-- yumi_commons_event 2.0.0
	- malilib 0.29.3
	   |-- conditional-mixin 0.6.4
	   \-- fabric-api-base 2.0.4+ece063239e
	- mcwifipnp 2.0.0
	- minecraft 26.2
	- minihud 0.40.4
	   \-- conditional-mixin 0.6.4
	- modmenu 20.0.1
	   \-- fabric-api-base 2.0.4+ece063239e
	- mousetweaks 2.31
	- nochatreports 26.2-v2.20.1
	- notenoughanimations 1.12.4
	   |-- transition 1.0.21
	   \-- trender 1.0.15
	- placeholder-api 3.1.0-beta.1+26.2
	- player_animation_library 1.2.5+mc.26.2
	   |-- com_zigythebird_mochafloats 5.0.0
	   \-- org_redlance_common-utils_services 1.3.3
	- puzzleslib 26.2.3
	- reeses-sodium-options 2.2.3+mc26.2
	- resourcify 1.8.5
	- roughlyenoughitems 26.2.820
	- skinlayers3d 1.11.2
	   |-- transition 1.0.21
	   \-- trender 1.0.15
	- sodium 0.9.1+mc26.2
	- tacz 1.1.8+fabric.26.2.R2
	   |-- com_github_figuramc_luaj_luaj-core 3.0.8-figura
	   |-- com_github_figuramc_luaj_luaj-jse 3.0.8-figura
	   |-- com_maydaymemory_mae 1.1.1
	   |-- org_apache_bcel_bcel 6.6.1
	   \-- org_apache_commons_commons-math3 3.6.1
	- tacztweaks 2.14.2+fabric.26.2.R2
	   \-- mixinextras 0.5.4
	- touhou_little_maid 1.0.0-neo2.0.0+mc26.2
	- trade_cycling 1.0.21+26.2
	- tweakermore 3.32.0
	   \-- conditional-mixin 0.6.4
	- tweakeroo 0.29.2
	   \-- conditional-mixin 0.6.4
	- xaerominimap 26.4.2
	   \-- xaerolib 1.7.1
	- xaeroworldmap 1.44.2
	   \-- xaerolib 1.7.1
	- yeetusexperimentus 102.0.0
	- yet_another_config_lib_v3 3.9.6+26.2-fabric
	   |-- com_twelvemonkeys_common_common-image 3.12.0
	   |-- com_twelvemonkeys_common_common-io 3.12.0
	   |-- com_twelvemonkeys_common_common-lang 3.12.0
	   |-- com_twelvemonkeys_imageio_imageio-core 3.12.0
	   |-- com_twelvemonkeys_imageio_imageio-metadata 3.12.0
	   |-- com_twelvemonkeys_imageio_imageio-webp 3.12.0
	   |-- org_quiltmc_parsers_gson 0.2.1
	   \-- org_quiltmc_parsers_json 0.2.1
[17:31:06] [main/INFO]: SpongePowered MIXIN Subsystem Version=0.8.7 Source=file:/D:/DOWLOD/.minecraft/libraries/net/fabricmc/sponge-mixin/0.17.3+mixin.0.8.7/sponge-mixin-0.17.3+mixin.0.8.7.jar Service=Knot/Fabric Env=CLIENT
[17:31:06] [main/INFO]: Compatibility level set to JAVA_25
[17:31:06] [main/WARN]: Reference map 'carryon.refmap.json' for carryon.mixins.json could not be read. If this is a development environment you can ignore this message
[17:31:06] [main/WARN]: Reference map 'iris.refmap.json' for mixins.iris.json could not be read. If this is a development environment you can ignore this message
[17:31:06] [main/WARN]: Reference map 'iris-fabric.refmap.json' for mixins.iris.fabric.json could not be read. If this is a development environment you can ignore this message
[17:31:06] [main/WARN]: Reference map 'iris.refmap.json' for mixins.iris.vertexformat.json could not be read. If this is a development environment you can ignore this message
[17:31:06] [main/WARN]: Reference map 'iris.refmap.json' for mixins.iris.bettermipmaps.json could not be read. If this is a development environment you can ignore this message
[17:31:06] [main/WARN]: Reference map 'iris.refmap.json' for mixins.iris.compat.sodium.json could not be read. If this is a development environment you can ignore this message
[17:31:06] [main/WARN]: Reference map 'iris.refmap.json' for mixins.iris.fixes.maxfpscrash.json could not be read. If this is a development environment you can ignore this message
[17:31:06] [main/WARN]: Reference map 'mcwifipnp-refmap.json' for mcwifipnp.mixins.json could not be read. If this is a development environment you can ignore this message
[17:31:06] [main/WARN]: Reference map 'reeses-sodium-options.refmap.json' for reeses-sodium-options.mixins.json could not be read. If this is a development environment you can ignore this message
[17:31:06] [main/WARN]: Reference map 'skinlayers3d.refmap.mixins.json' for skinlayers3d.mixins.json could not be read. If this is a development environment you can ignore this message
[17:31:06] [main/INFO]: Loaded configuration file for Sodium: 36 options available, 1 override(s) found
[17:31:06] [main/INFO]: [TACZ Scope] Iris compat mixin config loaded: package=com.tacz.guns.mixin.client.iris, irisLoaded=true
[17:31:06] [main/WARN]: Reference map 'touhou_little_maid.refmap.json' for touhou_little_maid.mixins.json could not be read. If this is a development environment you can ignore this message
[17:31:06] [main/WARN]: Reference map 'touhou_little_maid.refmap.json' for touhou_little_maid_fabric.mixins.json could not be read. If this is a development environment you can ignore this message
[17:31:06] [main/WARN]: Reference map 'xaerolib.refmap.json' for xaerolib.mixins.json could not be read. If this is a development environment you can ignore this message
[17:31:06] [main/WARN]: Reference map 'xaeroworldmap.refmap.json' for xaeroworldmap.mixins.json could not be read. If this is a development environment you can ignore this message
[17:31:06] [main/WARN]: Reference map 'yet_another_config_lib_v3.refmap.json' for yacl.mixins.json could not be read. If this is a development environment you can ignore this message
[17:31:06] [main/WARN]: Reference map 'yet_another_config_lib_v3.refmap.json' for yacl-fabric.mixins.json could not be read. If this is a development environment you can ignore this message
[17:31:06] [main/WARN]: Error loading class: mezz/jei/fabric/platform/RenderHelper (java.lang.ClassNotFoundException: mezz/jei/fabric/platform/RenderHelper)
[17:31:06] [main/WARN]: @Mixin target mezz.jei.fabric.platform.RenderHelper was not found appleskin.jei.mixins.json:JEIRenderHelperMixin from mod appleskin
[17:31:07] [main/WARN]: Error loading class: net/caffeinemc/sodium/client/render/chunk/compile/pipeline/BlockRenderer (java.lang.ClassNotFoundException: net/caffeinemc/sodium/client/render/chunk/compile/pipeline/BlockRenderer)
[17:31:07] [main/WARN]: @Mixin target net/caffeinemc/sodium/client/render/chunk/compile/pipeline/BlockRenderer was not found fwa.client.mixins.json:compat.sodium.BlockRendererMixin from mod fwa
[17:31:07] [main/WARN]: Error loading class: me/jellysquid/mods/sodium/client/render/chunk/compile/pipeline/BlockRenderer (java.lang.ClassNotFoundException: me/jellysquid/mods/sodium/client/render/chunk/compile/pipeline/BlockRenderer)
[17:31:07] [main/WARN]: @Mixin target me/jellysquid/mods/sodium/client/render/chunk/compile/pipeline/BlockRenderer was not found fwa.client.mixins.json:compat.sodium.BlockRendererMixin from mod fwa
[17:31:07] [main/WARN]: Error loading class: traben/entity_model_features/models/parts/EMFModelPart (java.lang.ClassNotFoundException: traben/entity_model_features/models/parts/EMFModelPart)
[17:31:07] [main/WARN]: Force-disabling mixin 'features.render.world.sky.LevelRendererMixin' as rule 'mixin.features.render.world.sky' (added by mods [iris]) disables it and children
[17:31:07] [main/INFO]: [TACZ Scope] Iris compat mixin decision: apply=true, firstMixin=com.tacz.guns.mixin.client.iris.IrisShaderCreatorMixin, firstTarget=net.irisshaders.iris.pipeline.programs.ShaderCreator
[17:31:07] [main/WARN]: Error loading class: net/coderbot/iris/uniforms/WorldTimeUniforms (java.lang.ClassNotFoundException: net/coderbot/iris/uniforms/WorldTimeUniforms)
[17:31:07] [main/WARN]: Error loading class: net/fabricmc/fabric/impl/client/rendering/SpecialGuiElementRegistryImpl (java.lang.ClassNotFoundException: net/fabricmc/fabric/impl/client/rendering/SpecialGuiElementRegistryImpl)
[17:31:07] [main/WARN]: Disabled mixin 'fi.dy.masa.tweakeroo.mixin.fog.sodium_breaks.MixinGameRenderer_disableFog_sodiumBreaks' due to: 'conflicted/unsupported mod sodium@0.9.1+mc26.2 found'
[17:31:07] [main/WARN]: Disabled mixin 'fi.dy.masa.tweakeroo.mixin.freecam.sodium_breaks.MixinLevelRenderer_freeCam_sodiumBreaks' due to: 'conflicted/unsupported mod sodium@0.9.1+mc26.2 found'
[17:31:07] [main/WARN]: Disabled mixin 'fi.dy.masa.tweakeroo.mixin.render.MixinGameRenderer_ViewBob' due to: 'conflicted/unsupported mod iris@1.11.2+mc26.2 found'
[17:31:07] [main/INFO]: Searching for graphics cards...
[17:31:07] [main/INFO]: Found graphics adapter: AdapterInfo{vendor=AMD, description='AMD Radeon(TM) Graphics', adapterType=0x00002303, openglIcdFilePath='C:\Windows\System32\DriverStore\FileRepository\u0202642.inf_amd64_870f6b155aa057ce\B026261\atig6pxx.dll', openglIcdVersion=32.0.21045.1000}
[17:31:07] [main/INFO]: Found graphics adapter: AdapterInfo{vendor=AMD, description='AMD  Radeon RX 7800 XT', adapterType=0x0000230B, openglIcdFilePath='C:\Windows\System32\DriverStore\FileRepository\u0202643.inf_amd64_8835e06f359414be\B026283\atig6pxx.dll', openglIcdVersion=32.0.31035.1003}
[17:31:07] [main/WARN]: Sodium has applied one or more workarounds to prevent crashes or other issues on your system: [AMD_GAME_OPTIMIZATION_BROKEN]
[17:31:07] [main/WARN]: This is not necessarily an issue, but it may result in certain features or optimizations being disabled. You can sometimes fix these issues by upgrading your graphics driver.
[17:31:07] [main/INFO]: Initializing MixinExtras via com.llamalad7.mixinextras.service.MixinExtrasServiceImpl(version=0.5.4).
[17:31:09] [main/INFO]: EuphoriaPatcher: [UPDATE CHECKER] The EuphoriaPatcher Mod is up to date
[17:31:09] [main/INFO]: EuphoriaPatcher: We're chasing unicorns... back in a sec!
[17:31:09] [main/INFO]: EuphoriaPatcher: EuphoriaPatches_1.9.3 is already installed.
[17:31:10] [Datafixer Bootstrap #0/INFO]: 295 Datafixer optimizations took 266 milliseconds
[17:31:10] [main/WARN]: Invalid registry value type detected for PerfOS counters. Should be REG_DWORD. Ignoring: HKEY_LOCAL_MACHINE\SYSTEM\CurrentControlSet\Services\PerfOS\Performance\Disable Performance Counters.
[17:31:15] [Render thread/INFO]: [Berezka API] injectDynamicProviders()
[17:31:15] [Render thread/INFO]: Environment: Environment[sessionHost=https://sessionserver.mojang.com, servicesHost=https://api.minecraftservices.com, profilesHost=https://api.mojang.com, name=PROD]
[17:31:15] [Render thread/INFO]: Setting user: GIG
[17:31:15] [Render thread/INFO]: [Berezka API] initializing config. data:{gameDir:D:\DOWLOD\.minecraft\versions\26.2-Fabric 0.19.3 测试, path:D:\DOWLOD\.minecraft\versions\26.2-Fabric 0.19.3 测试\config}
[17:31:15] [Render thread/INFO]: [Berezka API] createConfig for modid: berezka_api, content: #Just debug mode
DebugMode = false
#Dev mode adds some commands, must be turned off for release version of modpack.
DevMode = false
#Default value of doExtraChecks (if value isn't provided)
DefaultDoExtraChecksValue = true
#Creates berezka_plugins folder and loads data from it.
UseFolderPluginSystem = false
#Defines loot tables to replace: modid:path:target.json (path from loot_tables folder to target, target - name of loot table, required file must be in berezka_plugins/modid/target.json, example: berezka_api:chests/:berezkahousesmall_0.json)
FolderPluginSystemList = []
#Spawns less loot.
SpawnLessLoot = false
#Maximum size of cache
MaxSizeOfStructuresCache = 500
#LifeTimeOfStricturesCacheEntry.
LifeTimeOfStricturesCacheEntry = 20000
#Multiplier of Structures Spacing and Separation.
StructuresRarityMultiplier = 1.0
#Sets default rotation for all structures.
GlobalStructuresRotation = 0
#Use GlobalStructuresRotation?
UseGlobalStructuresRotation = false

[17:31:15] [Render thread/INFO]: [Berezka API] trying to read config. data:{configPath:D:\DOWLOD\.minecraft\versions\26.2-Fabric 0.19.3 测试\config\BerezkaAPI.toml}
[17:31:15] [Render thread/INFO]: [Berezka API] reading config: #Just debug mode
DebugMode = false
#Dev mode adds some commands, must be turned off for release version of modpack.
DevMode = false
#Default value of doExtraChecks (if value isn't provided)
DefaultDoExtraChecksValue = true
#Creates berezka_plugins folder and loads data from it.
UseFolderPluginSystem = false
#Defines loot tables to replace: modid:path:target.json (path from loot_tables folder to target, target - name of loot table, required file must be in berezka_plugins/modid/target.json, example: berezka_api:chests/:berezkahousesmall_0.json)
FolderPluginSystemList = []
#Spawns less loot.
SpawnLessLoot = false
#Maximum size of cache
MaxSizeOfStructuresCache = 500
#LifeTimeOfStricturesCacheEntry.
LifeTimeOfStricturesCacheEntry = 20000
#Multiplier of Structures Spacing and Separation.
StructuresRarityMultiplier = 1.0
#Sets default rotation for all structures.
GlobalStructuresRotation = 0
#Use GlobalStructuresRotation?
UseGlobalStructuresRotation = false

[17:31:15] [Render thread/INFO]: [Berezka API] reading line. data:{count:2, parts:[DebugMode ,  false], line:DebugMode = false}
[17:31:15] [Render thread/INFO]: [Berezka API] parseValue(false) return boolean
[17:31:15] [Render thread/INFO]: [Berezka API] reading line. data:{count:2, parts:[DevMode ,  false], line:DevMode = false}
[17:31:15] [Render thread/INFO]: [Berezka API] parseValue(false) return boolean
[17:31:15] [Render thread/INFO]: [Berezka API] reading line. data:{count:2, parts:[DefaultDoExtraChecksValue ,  true], line:DefaultDoExtraChecksValue = true}
[17:31:15] [Render thread/INFO]: [Berezka API] parseValue(true) return boolean
[17:31:15] [Render thread/INFO]: [Berezka API] reading line. data:{count:2, parts:[UseFolderPluginSystem ,  false], line:UseFolderPluginSystem = false}
[17:31:15] [Render thread/INFO]: [Berezka API] parseValue(false) return boolean
[17:31:15] [Render thread/INFO]: [Berezka API] reading line. data:{count:2, parts:[FolderPluginSystemList ,  []], line:FolderPluginSystemList = []}
[17:31:15] [Render thread/INFO]: [Berezka API] reading line. data:{count:2, parts:[SpawnLessLoot ,  false], line:SpawnLessLoot = false}
[17:31:15] [Render thread/INFO]: [Berezka API] parseValue(false) return boolean
[17:31:15] [Render thread/INFO]: [Berezka API] reading line. data:{count:2, parts:[MaxSizeOfStructuresCache ,  500], line:MaxSizeOfStructuresCache = 500}
[17:31:15] [Render thread/INFO]: [Berezka API] reading line. data:{count:2, parts:[LifeTimeOfStricturesCacheEntry ,  20000], line:LifeTimeOfStricturesCacheEntry = 20000}
[17:31:15] [Render thread/INFO]: [Berezka API] reading line. data:{count:2, parts:[StructuresRarityMultiplier ,  1.0], line:StructuresRarityMultiplier = 1.0}
[17:31:15] [Render thread/INFO]: [Berezka API] reading line. data:{count:2, parts:[GlobalStructuresRotation ,  0], line:GlobalStructuresRotation = 0}
[17:31:15] [Render thread/INFO]: [Berezka API] reading line. data:{count:2, parts:[UseGlobalStructuresRotation ,  false], line:UseGlobalStructuresRotation = false}
[17:31:15] [Render thread/INFO]: [Berezka API] parseValue(false) return boolean
[17:31:15] [Render thread/INFO]: [Berezka API] new configValues: {berezka_api:FolderPluginSystemList=[], berezka_api:DevMode=false, berezka_api:SpawnLessLoot=false, berezka_api:GlobalStructuresRotation=0, berezka_api:StructuresRarityMultiplier=1.0, berezka_api:UseFolderPluginSystem=false, berezka_api:DefaultDoExtraChecksValue=true, berezka_api:MaxSizeOfStructuresCache=500, berezka_api:UseGlobalStructuresRotation=false, berezka_api:LifeTimeOfStricturesCacheEntry=20000, berezka_api:DebugMode=false}
[17:31:15] [Render thread/INFO]: [Berezka API] trying to read config. data:{configPath:D:\DOWLOD\.minecraft\versions\26.2-Fabric 0.19.3 测试\config\BerezkaAPI.toml}
[17:31:15] [Render thread/INFO]: [Berezka API] updating config. data:{original:
#Just debug mode
DebugMode = false
#Dev mode adds some commands, must be turned off for release version of modpack.
DevMode = false
#Default value of doExtraChecks (if value isn't provided)
DefaultDoExtraChecksValue = true
#Creates berezka_plugins folder and loads data from it.
UseFolderPluginSystem = false
#Defines loot tables to replace: modid:path:target.json (path from loot_tables folder to target, target - name of loot table, required file must be in berezka_plugins/modid/target.json, example: berezka_api:chests/:berezkahousesmall_0.json)
FolderPluginSystemList = []
#Spawns less loot.
SpawnLessLoot = false
#Maximum size of cache
MaxSizeOfStructuresCache = 500
#LifeTimeOfStricturesCacheEntry.
LifeTimeOfStricturesCacheEntry = 20000
#Multiplier of Structures Spacing and Separation.
StructuresRarityMultiplier = 1.0
#Sets default rotation for all structures.
GlobalStructuresRotation = 0
#Use GlobalStructuresRotation?
UseGlobalStructuresRotation = false

new:
#Just debug mode
DebugMode = false
#Dev mode adds some commands, must be turned off for release version of modpack.
DevMode = false
#Default value of doExtraChecks (if value isn't provided)
DefaultDoExtraChecksValue = true
#Creates berezka_plugins folder and loads data from it.
UseFolderPluginSystem = false
#Defines loot tables to replace: modid:path:target.json (path from loot_tables folder to target, target - name of loot table, required file must be in berezka_plugins/modid/target.json, example: berezka_api:chests/:berezkahousesmall_0.json)
FolderPluginSystemList = []
#Spawns less loot.
SpawnLessLoot = false
#Maximum size of cache
MaxSizeOfStructuresCache = 500
#LifeTimeOfStricturesCacheEntry.
LifeTimeOfStricturesCacheEntry = 20000
#Multiplier of Structures Spacing and Separation.
StructuresRarityMultiplier = 1.0
#Sets default rotation for all structures.
GlobalStructuresRotation = 0
#Use GlobalStructuresRotation?
UseGlobalStructuresRotation = false
}
[17:31:15] [Render thread/INFO]: [Berezka API] created file. data:{path: D:\DOWLOD\.minecraft\versions\26.2-Fabric 0.19.3 测试\config\BerezkaAPI.toml}
[17:31:15] [Render thread/INFO]: [Berezka API] config load: {berezka_api:FolderPluginSystemList=[], berezka_api:DevMode=false, berezka_api:SpawnLessLoot=false, berezka_api:GlobalStructuresRotation=0, berezka_api:StructuresRarityMultiplier=1.0, berezka_api:UseFolderPluginSystem=false, berezka_api:DefaultDoExtraChecksValue=true, berezka_api:MaxSizeOfStructuresCache=500, berezka_api:UseGlobalStructuresRotation=false, berezka_api:LifeTimeOfStricturesCacheEntry=20000, berezka_api:DebugMode=false}
[17:31:15] [Render thread/INFO]: [Berezka API] string debug: false, dev: false
[17:31:15] [Render thread/INFO]: [Berezka API] debug: false, dev: false
[17:31:15] [Render thread/INFO]: firstaid starting...
[17:31:16] [Render thread/INFO]: [FWA] Fancy World Animations initialized!
[17:31:16] [Render thread/INFO]: Initializing JamLib on Fabric
[17:31:16] [Render thread/INFO]: [JUST ZOOM] Starting version 2.1.5 on Fabric..
[17:31:16] [Render thread/INFO]: [KONKRETE] Loading v1.11.1 in client-side mode on FABRIC!
[17:31:16] [Render thread/INFO]: [KONKRETE] Server-side modules initialized and ready to use!
[17:31:16] [Render thread/INFO]: Constructing components for puzzleslib:common
[17:31:16] [Download-2/ERROR]: Failed to fetch user properties
com.mojang.authlib.exceptions.InvalidCredentialsException: Status: 401
	at knot//com.mojang.authlib.exceptions.MinecraftClientHttpException.toAuthenticationException(MinecraftClientHttpException.java:70)
	at knot//com.mojang.authlib.yggdrasil.YggdrasilUserApiService.fetchProperties(YggdrasilUserApiService.java:173)
	at knot//net.minecraft.client.Minecraft.lambda$new$1(Minecraft.java:438)
	at java.base/java.util.concurrent.CompletableFuture$AsyncSupply.run(CompletableFuture.java:1789)
	at java.base/java.util.concurrent.ThreadPoolExecutor.runWorker(ThreadPoolExecutor.java:1090)
	at java.base/java.util.concurrent.ThreadPoolExecutor$Worker.run(ThreadPoolExecutor.java:614)
	at java.base/java.lang.Thread.run(Thread.java:1474)
Caused by: MinecraftClientHttpException[type=HTTP_ERROR, status=401, response=ErrorResponse[path=/player/attributes, error=null, errorMessage=null, details=null]]
	at knot//com.mojang.authlib.minecraft.client.MinecraftClient.buildHttpException(MinecraftClient.java:170)
	at knot//com.mojang.authlib.minecraft.client.MinecraftClient.readServiceResponse(MinecraftClient.java:147)
	at knot//com.mojang.authlib.minecraft.client.MinecraftClient.getWithEtag(MinecraftClient.java:81)
	at knot//com.mojang.authlib.minecraft.client.MinecraftClient.get(MinecraftClient.java:65)
	at knot//com.mojang.authlib.yggdrasil.YggdrasilUserApiService.fetchProperties(YggdrasilUserApiService.java:123)
	... 5 more
[17:31:16] [Render thread/INFO]: [REI] Config loaded
[17:31:16] [Render thread/INFO]: Registering S2C receiver with id roughlyenoughitems:request_tags_s2c
[17:31:16] [Render thread/INFO]: Registering C2S receiver with id roughlyenoughitems:request_tags_c2s
[17:31:16] [Render thread/INFO]: [REI] Registered plugin provider DefaultPlugin [roughlyenoughitems] for REICommonPlugin
[17:31:16] [Render thread/INFO]: [REI] Registered plugin provider DefaultRuntimePlugin [roughlyenoughitems] for REICommonPlugin
[17:31:16] [Render thread/INFO]: [REI] Registered plugin provider REIPlugin [tacz] for REICommonPlugin
[17:31:16] [Render thread/INFO]: [REI] Registered plugin provider FabricFluidAPISupportPlugin for REICommonPlugin
[17:31:16] [Render thread/INFO]: Registering C2S receiver with id roughlyenoughitems:delete_item
[17:31:16] [Render thread/INFO]: Registering C2S receiver with id roughlyenoughitems:create_item
[17:31:16] [Render thread/INFO]: Registering C2S receiver with id roughlyenoughitems:create_item_grab
[17:31:16] [Render thread/INFO]: Registering C2S receiver with id roughlyenoughitems:create_item_hotbar
[17:31:16] [Render thread/INFO]: Registering C2S receiver with id roughlyenoughitems:move_items_new
[17:31:16] [Render thread/INFO]: Registered synced data key tacz:shoot_cool_down for minecraft:living_entity
[17:31:16] [Render thread/INFO]: Registered synced data key tacz:melee_cool_down for minecraft:living_entity
[17:31:16] [Render thread/INFO]: Registered synced data key tacz:reload_state for minecraft:living_entity
[17:31:16] [Render thread/INFO]: Registered synced data key tacz:aiming_progress for minecraft:living_entity
[17:31:16] [Render thread/INFO]: Registered synced data key tacz:draw_cool_down for minecraft:living_entity
[17:31:16] [Render thread/INFO]: Registered synced data key tacz:is_aiming for minecraft:living_entity
[17:31:16] [Render thread/INFO]: Registered synced data key tacz:sprint_time for minecraft:living_entity
[17:31:16] [Render thread/INFO]: Registered synced data key tacz:is_bolting for minecraft:living_entity
[17:31:16] [Render thread/INFO]: Registered synced data key tacz:throwable_using for minecraft:living_entity
[17:31:16] [Render thread/INFO]: LRTactical (unofficial 26.2 port) initialized
[17:31:17] [Render thread/INFO]: common default pack init start...
[17:31:18] [Render thread/INFO]: common default pack init finished, cost time: 1709.111 ms
[17:31:19] [Render thread/INFO]: Registering S2C receiver with id architectury:spawn_entity_packet
[17:31:19] [Render thread/INFO]: [Indigo] Different rendering plugin detected; not applying Indigo.
[17:31:19] [Render thread/INFO]: [STDOUT]: Inventory HUD + has been initialized!
[17:31:19] [Render thread/INFO]: Checking mod updates...
[17:31:19] [Render thread/INFO]: [STDOUT]: [Mouse Tweaks] Main.initialize()
[17:31:19] [Render thread/INFO]: [STDOUT]: [Mouse Tweaks] Initialized.
[17:31:19] [Render thread/INFO]: Constructing components for puzzleslib:client
[17:31:19] [Render thread/INFO]: [REI] Registered plugin provider REITooltipPlugin [appleskin] for REIClientPlugin
[17:31:19] [Render thread/INFO]: [REI] Registered plugin provider DefaultClientPlugin [roughlyenoughitems] for REIClientPlugin
[17:31:19] [Render thread/INFO]: [REI] Registered plugin provider DefaultClientRuntimePlugin [roughlyenoughitems] for REIClientPlugin
[17:31:19] [Render thread/INFO]: [REI] Registered plugin provider HideIngredientsFromTagsPlugin [roughlyenoughitems] for REIClientPlugin
[17:31:19] [Render thread/INFO]: [REI] Registered plugin provider REIClientPlugin [tacz] for REIClientPlugin
[17:31:19] [Render thread/INFO]: Registering S2C receiver with id roughlyenoughitems:ci_msg
[17:31:19] [Render thread/INFO]: Registering S2C receiver with id roughlyenoughitems:og_not_enough
[17:31:19] [Render thread/INFO]: Registering S2C receiver with id roughlyenoughitems:sync_displays
[17:31:19] [Render thread/INFO]: [TACZ] Registering FeatureRenderers for 26.2...
[17:31:19] [Render thread/INFO]: [TACZ] FeatureRenderers registered.
[17:31:20] [Render thread/INFO]: [STDOUT]: [TRender] Initializing Client...
[17:31:20] [TLM Downloader 0/INFO]: The download info file was successfully updated and loaded
[17:31:20] [Render thread/INFO]: Registering common data for channel xaerolib:main!
[17:31:20] [Render thread/INFO]: Registering client data for channel xaerolib:main!
[17:31:20] [Render thread/INFO]: Loading primary common config for channel xaerolib:main!
[17:31:20] [Render thread/INFO]: Loading server config profiles for channel xaerolib:main!
[17:31:20] [Render thread/INFO]: Loading primary client config for channel xaerolib:main!
[17:31:20] [Render thread/INFO]: Loading client config profiles for channel xaerolib:main!
[17:31:20] [Render thread/INFO]: Loading XaeroLib common 1/2!
[17:31:20] [Render thread/INFO]: Loading XaeroLib client 1/3!
[17:31:21] [Render thread/WARN]: io exception while checking patreon: Read timed out
[17:31:21] [Render thread/INFO]: Xaero's Minimap: World Map found!
[17:31:21] [Render thread/INFO]: No Optifine!
[17:31:21] [Render thread/INFO]: Xaero's Minimap: No Vivecraft!
[17:31:21] [Render thread/INFO]: Xaero's Minimap: Iris found!
[17:31:21] [Render thread/INFO]: Registering common data for channel xaerominimap:main!
[17:31:21] [Render thread/INFO]: Registering client data for channel xaerominimap:main!
[17:31:21] [Render thread/INFO]: Loading primary common config for channel xaerominimap:main!
[17:31:21] [Render thread/INFO]: Loading server config profiles for channel xaerominimap:main!
[17:31:21] [Render thread/INFO]: Loading primary client config for channel xaerominimap:main!
[17:31:21] [Render thread/INFO]: Loading client config profiles for channel xaerominimap:main!
[17:31:21] [Render thread/INFO]: Loading Xaero's Minimap - Stage 1/3
[17:31:21] [Download-1/INFO]: Update available for 'lambdynlights@4.12.2+26.2', (-> 4.12.3+26.2)
[17:31:21] [Download-1/INFO]: Update available for 'nochatreports@26.2-v2.20.1', (-> Fabric-26.2-v2.20.2)
[17:31:21] [Download-1/INFO]: Update available for 'player_animation_library@1.2.5+mc.26.2', (-> 1.2.6)
[17:31:21] [Download-1/INFO]: Update available for 'immediatelyfast@1.16.2+26.2', (-> 1.16.3+26.2-fabric)
[17:31:21] [Download-1/INFO]: Update available for 'chat_heads@1.2.5', (-> 1.2.8)
[17:31:21] [Download-1/INFO]: Update available for 'mcwifipnp@2.0.0', (-> 2.0.7)
[17:31:21] [Download-1/INFO]: Update available for 'fabric-api@0.156.0+26.2', (-> 0.157.0+26.2)
[17:31:21] [Download-1/INFO]: Update available for 'tweakermore@3.32.0', (-> v3.33.0-mc26.2)
[17:31:21] [Download-1/INFO]: Update available for 'architectury@21.0.6', (-> 21.0.7+fabric)
[17:31:21] [Download-1/INFO]: Update available for 'jade@26.2.10+fabric', (-> 26.2.11+fabric)
[17:31:21] [Render thread/INFO]: Registering common data for channel xaeroworldmap:main!
[17:31:21] [Render thread/INFO]: Registering client data for channel xaeroworldmap:main!
[17:31:21] [Render thread/INFO]: Loading primary common config for channel xaeroworldmap:main!
[17:31:21] [Render thread/INFO]: Loading server config profiles for channel xaeroworldmap:main!
[17:31:21] [Render thread/INFO]: Loading primary client config for channel xaeroworldmap:main!
[17:31:21] [Render thread/INFO]: Loading client config profiles for channel xaeroworldmap:main!
[17:31:21] [Render thread/INFO]: Loading Xaero's World Map - Stage 1/3
[17:31:21] [Render thread/INFO]: Deserializing YACLConfig from 'D:\DOWLOD\.minecraft\versions\26.2-Fabric 0.19.3 测试\config\yacl.json5'
[17:31:21] [Render thread/INFO]: Initializing mods (entrypoint yumi:init)...
[17:31:21] [Render thread/INFO]: [LambDynLights] Initializing LambDynamicLights...
[17:31:21] [Render thread/INFO]: [LambDynLights] Configuration loaded.
[17:31:21] [Render thread/INFO]: Sodium: [0.9.1+mc26.2], Iris: [1.11.2+mc26.2]
[17:31:21] [Render thread/INFO]: Assigning MaLiLib Pipelines to Iris Programs:
[17:31:21] [Render thread/WARN]: Found okay program match for malilib:pipeline/position_color/translucent/no_depth/no_cull: BASIC_COLOR
[17:31:21] [Render thread/WARN]: Found okay program match for malilib:pipeline/position_color/translucent/no_depth: BASIC_COLOR
[17:31:21] [Render thread/WARN]: Found okay program match for malilib:pipeline/position_color/translucent/lequal_depth/offset_1: BASIC_COLOR
[17:31:21] [Render thread/WARN]: Found okay program match for malilib:pipeline/position_color/translucent/lequal_depth/offset_2: BASIC_COLOR
[17:31:21] [Render thread/WARN]: Found okay program match for malilib:pipeline/position_color/translucent/lequal_depth/offset_3: BASIC_COLOR
[17:31:21] [Render thread/WARN]: Found okay program match for malilib:pipeline/position_color/translucent/lequal_depth/no_cull: BASIC_COLOR
[17:31:21] [Render thread/WARN]: Found okay program match for malilib:pipeline/position_color/translucent/lequal_depth: BASIC_COLOR
[17:31:21] [Render thread/WARN]: Found okay program match for malilib:pipeline/position_color/translucent/depth_mask: BASIC_COLOR
[17:31:21] [Render thread/WARN]: Found okay program match for malilib:pipeline/position_color/translucent: BASIC_COLOR
[17:31:21] [Render thread/WARN]: Found okay program match for malilib:pipeline/position_color/masa/no_depth/no_cull: BASIC_COLOR
[17:31:21] [Render thread/WARN]: Found okay program match for malilib:pipeline/position_color/masa/no_depth: BASIC_COLOR
[17:31:21] [Render thread/WARN]: Found okay program match for malilib:pipeline/position_color/masa/lequal_depth/offset_1: BASIC_COLOR
[17:31:21] [Render thread/WARN]: Found okay program match for malilib:pipeline/position_color/masa/lequal_depth/offset_2: BASIC_COLOR
[17:31:21] [Render thread/WARN]: Found okay program match for malilib:pipeline/position_color/masa/lequal_depth/offset_3: BASIC_COLOR
[17:31:21] [Render thread/WARN]: Found okay program match for malilib:pipeline/position_color/masa/lequal_depth/no_cull: BASIC_COLOR
[17:31:21] [Render thread/WARN]: Found okay program match for malilib:pipeline/position_color/masa/lequal_depth: BASIC_COLOR
[17:31:21] [Render thread/WARN]: Found okay program match for malilib:pipeline/position_color/masa/depth_mask: BASIC_COLOR
[17:31:21] [Render thread/WARN]: Found okay program match for malilib:pipeline/position_color/masa: BASIC_COLOR
[17:31:21] [Render thread/WARN]: Found okay program match for malilib:pipeline/text_plate_bg/no_depth: BASIC_COLOR
[17:31:21] [Render thread/WARN]: Found okay program match for malilib:pipeline/text_plate_bg: BASIC_COLOR
[17:31:21] [Render thread/WARN]: Found okay program match for malilib:pipeline/minihud/shape/no_depth/offset: BASIC_COLOR
[17:31:21] [Render thread/WARN]: Found okay program match for malilib:pipeline/minihud/shape/no_depth: BASIC_COLOR
[17:31:21] [Render thread/WARN]: Found okay program match for malilib:pipeline/minihud/shape/offset/no_cull: BASIC_COLOR
[17:31:21] [Render thread/WARN]: Found okay program match for malilib:pipeline/minihud/shape/offset: BASIC_COLOR
[17:31:21] [Render thread/WARN]: Found okay program match for malilib:pipeline/minihud/shape/no_cull: BASIC_COLOR
[17:31:21] [Render thread/WARN]: Found okay program match for malilib:pipeline/minihud/shape: BASIC_COLOR
[17:31:21] [Render thread/WARN]: Found *decent* program match for malilib:pipeline/position_color_lines/translucent/no_depth/no_cull: LINES
[17:31:21] [Render thread/WARN]: Found *decent* program match for malilib:pipeline/position_color_lines/translucent/no_depth: LINES
[17:31:21] [Render thread/WARN]: Found *decent* program match for malilib:pipeline/position_color_lines/translucent/lequal_depth/offset_1: LINES
[17:31:21] [Render thread/WARN]: Found *decent* program match for malilib:pipeline/position_color_lines/translucent/lequal_depth/offset_2: LINES
[17:31:21] [Render thread/WARN]: Found *decent* program match for malilib:pipeline/position_color_lines/translucent/lequal_depth/offset_3: LINES
[17:31:21] [Render thread/WARN]: Found *decent* program match for malilib:pipeline/position_color_lines/translucent/lequal_depth/no_cull: LINES
[17:31:21] [Render thread/WARN]: Found *decent* program match for malilib:pipeline/position_color_lines/translucent/lequal_depth: LINES
[17:31:21] [Render thread/WARN]: Found *decent* program match for malilib:pipeline/position_color_lines/translucent: LINES
[17:31:21] [Render thread/WARN]: Found *decent* program match for malilib:pipeline/position_color_lines/masa/no_depth/no_cull: LINES
[17:31:21] [Render thread/WARN]: Found *decent* program match for malilib:pipeline/position_color_lines/masa/no_depth: LINES
[17:31:21] [Render thread/WARN]: Found *decent* program match for malilib:pipeline/position_color_lines/masa/lequal_depth/offset_1: LINES
[17:31:21] [Render thread/WARN]: Found *decent* program match for malilib:pipeline/position_color_lines/masa/lequal_depth/offset_2: LINES
[17:31:21] [Render thread/WARN]: Found *decent* program match for malilib:pipeline/position_color_lines/masa/lequal_depth/offset_3: LINES
[17:31:21] [Render thread/WARN]: Found *decent* program match for malilib:pipeline/position_color_lines/masa/lequal_depth/no_cull: LINES
[17:31:21] [Render thread/WARN]: Found *decent* program match for malilib:pipeline/position_color_lines/masa/lequal_depth: LINES
[17:31:21] [Render thread/WARN]: Found *decent* program match for malilib:pipeline/position_color_lines/masa: LINES
[17:31:21] [Render thread/WARN]: Found *decent* program match for malilib:pipeline/minihud/shape_lines/no_depth/offset: LINES
[17:31:21] [Render thread/WARN]: Found *decent* program match for malilib:pipeline/minihud/shape_lines/no_depth: LINES
[17:31:21] [Render thread/WARN]: Found *decent* program match for malilib:pipeline/minihud/shape_lines/offset/no_cull: LINES
[17:31:21] [Render thread/WARN]: Found *decent* program match for malilib:pipeline/minihud/shape_lines/offset: LINES
[17:31:21] [Render thread/WARN]: Found *decent* program match for malilib:pipeline/minihud/shape_lines/no_cull: LINES
[17:31:21] [Render thread/WARN]: Found *decent* program match for malilib:pipeline/minihud/shape_lines: LINES
[17:31:21] [Render thread/WARN]: Found okay program match for malilib:pipeline/position_tex_color/translucent/no_depth/no_cull: TEXTURED_COLOR
[17:31:21] [Render thread/WARN]: Found okay program match for malilib:pipeline/position_tex_color/translucent/no_depth: TEXTURED_COLOR
[17:31:21] [Render thread/WARN]: Found okay program match for malilib:pipeline/position_tex_color/translucent/lequal_depth/offset_1: TEXTURED_COLOR
[17:31:21] [Render thread/WARN]: Found okay program match for malilib:pipeline/position_tex_color/translucent/lequal_depth/offset_2: TEXTURED_COLOR
[17:31:21] [Render thread/WARN]: Found okay program match for malilib:pipeline/position_tex_color/translucent/lequal_depth/offset_3: TEXTURED_COLOR
[17:31:21] [Render thread/WARN]: Found okay program match for malilib:pipeline/position_tex_color/translucent/lequal_depth/no_cull: TEXTURED_COLOR
[17:31:21] [Render thread/WARN]: Found okay program match for malilib:pipeline/position_tex_color/translucent/lequal_depth: TEXTURED_COLOR
[17:31:21] [Render thread/WARN]: Found okay program match for malilib:pipeline/position_tex_color/translucent/depth_mask: TEXTURED_COLOR
[17:31:21] [Render thread/WARN]: Found okay program match for malilib:pipeline/position_tex_color/translucent: TEXTURED_COLOR
[17:31:21] [Render thread/WARN]: Found okay program match for malilib:pipeline/position_tex_color/masa/no_depth/no_cull: TEXTURED_COLOR
[17:31:21] [Render thread/WARN]: Found okay program match for malilib:pipeline/position_tex_color/masa/no_depth: TEXTURED_COLOR
[17:31:21] [Render thread/WARN]: Found okay program match for malilib:pipeline/position_tex_color/masa/lequal_depth/offset_1: TEXTURED_COLOR
[17:31:21] [Render thread/WARN]: Found okay program match for malilib:pipeline/position_tex_color/masa/lequal_depth/offset_2: TEXTURED_COLOR
[17:31:21] [Render thread/WARN]: Found okay program match for malilib:pipeline/position_tex_color/masa/lequal_depth/offset_3: TEXTURED_COLOR
[17:31:21] [Render thread/WARN]: Found okay program match for malilib:pipeline/position_tex_color/masa/lequal_depth/no_cull: TEXTURED_COLOR
[17:31:21] [Render thread/WARN]: Found okay program match for malilib:pipeline/position_tex_color/masa/lequal_depth: TEXTURED_COLOR
[17:31:21] [Render thread/WARN]: Found okay program match for malilib:pipeline/position_tex_color/masa/depth_mask: TEXTURED_COLOR
[17:31:21] [Render thread/WARN]: Found okay program match for malilib:pipeline/position_tex_color/masa: TEXTURED_COLOR
[17:31:21] [Render thread/WARN]: Found *decent* program match for malilib:pipeline/debug_lines/translucent/no_depth/no_cull: LINES
[17:31:21] [Render thread/WARN]: Found *decent* program match for malilib:pipeline/debug_lines/translucent/no_depth: LINES
[17:31:21] [Render thread/WARN]: Found *decent* program match for malilib:pipeline/debug_lines/translucent/no_cull: LINES
[17:31:21] [Render thread/WARN]: Found *decent* program match for malilib:pipeline/debug_lines/translucent/lequal_depth: LINES
[17:31:21] [Render thread/WARN]: Found *decent* program match for malilib:pipeline/debug_lines/translucent/offset_1: LINES
[17:31:21] [Render thread/WARN]: Found *decent* program match for malilib:pipeline/debug_lines/translucent/offset_2: LINES
[17:31:21] [Render thread/WARN]: Found *decent* program match for malilib:pipeline/debug_lines/translucent/offset_3: LINES
[17:31:21] [Render thread/WARN]: Found *decent* program match for malilib:pipeline/debug_lines/translucent: LINES
[17:31:21] [Render thread/WARN]: Found *decent* program match for malilib:pipeline/debug_lines/masa_simple/no_depth/no_cull: LINES
[17:31:21] [Render thread/WARN]: Found *decent* program match for malilib:pipeline/debug_lines/masa_simple/no_depth: LINES
[17:31:21] [Render thread/WARN]: Found *decent* program match for malilib:pipeline/debug_lines/masa_simple/no_cull: LINES
[17:31:21] [Render thread/WARN]: Found *decent* program match for malilib:pipeline/debug_lines/masa_simple/lequal_depth: LINES
[17:31:21] [Render thread/WARN]: Found *decent* program match for malilib:pipeline/debug_lines/masa_simple/offset_1: LINES
[17:31:21] [Render thread/WARN]: Found *decent* program match for malilib:pipeline/debug_lines/masa_simple/offset_2: LINES
[17:31:21] [Render thread/WARN]: Found *decent* program match for malilib:pipeline/debug_lines/masa_simple/offset_3: LINES
[17:31:21] [Render thread/WARN]: Found *decent* program match for malilib:pipeline/debug_lines/masa_simple: LINES
[17:31:21] [Render thread/WARN]: Found *decent* program match for malilib:pipeline/debug_line_strip/translucent/no_depth/no_cull: LINES
[17:31:21] [Render thread/WARN]: Found *decent* program match for malilib:pipeline/debug_line_strip/translucent/no_depth: LINES
[17:31:21] [Render thread/WARN]: Found *decent* program match for malilib:pipeline/debug_line_strip/translucent/no_cull: LINES
[17:31:21] [Render thread/WARN]: Found *decent* program match for malilib:pipeline/debug_line_strip/translucent/offset_1: LINES
[17:31:21] [Render thread/WARN]: Found *decent* program match for malilib:pipeline/debug_line_strip/translucent/offset_2: LINES
[17:31:21] [Render thread/WARN]: Found *decent* program match for malilib:pipeline/debug_line_strip/translucent/offset_3: LINES
[17:31:21] [Render thread/WARN]: Found *decent* program match for malilib:pipeline/debug_line_strip/translucent: LINES
[17:31:21] [Render thread/WARN]: Found *decent* program match for malilib:pipeline/debug_line_strip/masa_simple/no_depth/no_cull: LINES
[17:31:21] [Render thread/WARN]: Found *decent* program match for malilib:pipeline/debug_line_strip/masa_simple/no_depth: LINES
[17:31:21] [Render thread/WARN]: Found *decent* program match for malilib:pipeline/debug_line_strip/masa_simple/no_cull: LINES
[17:31:21] [Render thread/WARN]: Found *decent* program match for malilib:pipeline/debug_line_strip/masa_simple/offset_1: LINES
[17:31:21] [Render thread/WARN]: Found *decent* program match for malilib:pipeline/debug_line_strip/masa_simple/offset_2: LINES
[17:31:21] [Render thread/WARN]: Found *decent* program match for malilib:pipeline/debug_line_strip/masa_simple/offset_3: LINES
[17:31:21] [Render thread/WARN]: Found *decent* program match for malilib:pipeline/debug_line_strip/masa_simple: LINES
[17:31:21] [Render thread/WARN]: Found *decent* program match for malilib:pipeline/legacy/solid: TERRAIN_SOLID
[17:31:21] [Render thread/WARN]: Found *decent* program match for malilib:pipeline/legacy/wireframe: LINES
[17:31:21] [Render thread/WARN]: Found fine program match for malilib:pipeline/legacy/cutout: TERRAIN_CUTOUT
[17:31:21] [Render thread/WARN]: Found *decent* program match for malilib:pipeline/legacy/solid/masa/offset: TERRAIN_SOLID
[17:31:21] [Render thread/WARN]: Found *decent* program match for malilib:pipeline/legacy/wireframe/offset: LINES
[17:31:21] [Render thread/WARN]: Found fine program match for malilib:pipeline/legacy/cutout/offset: TERRAIN_CUTOUT
[17:31:21] [Render thread/WARN]: Found fine program match for malilib:pipeline/legacy/translucent: SODIUM_TERRAIN_TRANSLUCENT
[17:31:21] [Render thread/WARN]: Found fine program match for malilib:pipeline/legacy/translucent/offset: SODIUM_TERRAIN_TRANSLUCENT
[17:31:21] [Render thread/INFO]: i18nLang#load: File: '/assets/malilib/lang/en_us.json' has been loaded successfully
[17:31:21] [Render thread/WARN]: i18nOptionManager#buildLanguageOptions(malilib): Detected [12] available options.
[17:31:21] [Render thread/INFO]: i18nLang#load: File: '/assets/tweakeroo/lang/en_us.json' has been loaded successfully
[17:31:21] [Render thread/WARN]: i18nOptionManager#buildLanguageOptions(tweakeroo): Detected [7] available options.
[17:31:22] [Render thread/INFO]: Backend library: LWJGL version 3.4.1-snapshot
[17:31:22] [Render thread/INFO]: Modifying process environment to apply workarounds for the AMD graphics driver...
[17:31:22] [Render thread/ERROR]: loader_get_json: Failed to open JSON file C:\Program Files (x86)\Epic Games\Epic Online Services\managedArtifacts\98bc04bc842e4906993fd6d6644ffb8d\EOSOverlayVkLayer-Win64.json
	knot//com.mojang.blaze3d.vulkan.VulkanInstance.<init>(VulkanInstance.java:96)
	knot//com.mojang.blaze3d.vulkan.VulkanBackend.createDevice(VulkanBackend.java:148)
	knot//net.minecraft.client.Minecraft.<init>(Minecraft.java:515)
	knot//net.minecraft.client.main.Main.main(Main.java:278)
	net.fabricmc.loader.impl.game.minecraft.MinecraftGameProvider.launch(MinecraftGameProvider.java:514)
[17:31:22] [Render thread/ERROR]: Failed to open dynamic library "C:\ProgramData\mediasdkhook\.\game_detour_64.dll" with error 126
	knot//com.mojang.blaze3d.vulkan.VulkanInstance.<init>(VulkanInstance.java:96)
	knot//com.mojang.blaze3d.vulkan.VulkanBackend.createDevice(VulkanBackend.java:148)
	knot//net.minecraft.client.Minecraft.<init>(Minecraft.java:515)
	knot//net.minecraft.client.main.Main.main(Main.java:278)
	net.fabricmc.loader.impl.game.minecraft.MinecraftGameProvider.launch(MinecraftGameProvider.java:514)
[17:31:22] [Render thread/INFO]: Initializing ImmediatelyFast 1.16.2+26.2 on AMD  Radeon RX 7800 XT (AMD) with Vulkan 1.4.349 AMD proprietary driver 26.7.1 (LLPC)
[17:31:22] [Render thread/INFO]: Using graphics backend Vulkan, using drivers: 1.4.349 AMD proprietary driver 26.7.1 (LLPC)
[17:31:22] [Render thread/INFO]: Using graphics device: AMD  Radeon RX 7800 XT (AMD)
[17:31:22] [Render thread/INFO]: Using graphics device extensions: VK_KHR_synchronization2 (D), VK_AMD_buffer_marker (D), VK_EXT_vertex_attribute_divisor (D), VK_KHR_win32_surface (I), VK_KHR_swapchain (D), VK_KHR_surface (I), VK_KHR_push_descriptor (D), VK_EXT_debug_utils (I), VK_KHR_dynamic_rendering (D)
[17:31:22] [Render thread/INFO]: [Berezka API] getMetadataSection : MetadataSectionType[name=pack, codec=RecordCodec[UnitDecoder[net.minecraft.server.packs.metadata.pack.PackMetadataSection$$Lambda/0x000000001984f400@5d882ad3] * Field[description: RecursiveCodec[Component]] * RecordCodec[UnitDecoder[net.minecraft.server.packs.metadata.pack.PackFormat$IntermediaryFormat$$Lambda/0x000000001984d000@5569b99f] * OptionalFieldCodec[min_format: EitherCodec[first=ListCodec[Int[flatXmapped]], second=Int[flatXmapped]][xmapped][xmapped]] * OptionalFieldCodec[max_format: EitherCodec[first=ListCodec[Int[flatXmapped]], second=Int[flatXmapped]][xmapped][xmapped]] * OptionalFieldCodec[pack_format: Int] * OptionalFieldCodec[supported_formats: EitherCodec[first=Int, second=EitherCodec[first=ListCodec[Int][comapFlatMapped], second=RecordCodec[UnitDecoder[net.minecraft.util.ExtraCodecs$$Lambda/0x000000001954e000@602b8a7] * Field[min_inclusive: Int] * Field[max_inclusive: Int]][comapFlatMapped]][xmapped]][comapFlatMapped]]][flatXmapped]]]
[17:31:22] [Render thread/INFO]: [Berezka API] getMetadataSection : MetadataSectionType[name=features, codec=RecordCodec[UnitDecoder[net.minecraft.server.packs.FeatureFlagsMetadataSection$$Lambda/0x000000001a6fb800@41f7e212] * Field[enabled: ListCodec[String[comapFlatMapped]][comapFlatMapped]]]]
[17:31:22] [Render thread/INFO]: [Berezka API] getMetadataSection : MetadataSectionType[name=overlays, codec=RecordCodec[UnitDecoder[net.minecraft.server.packs.OverlayMetadataSection$$Lambda/0x000000001a6ffc00@1ebe713a] * Field[entries: ListCodec[RecordCodec[UnitDecoder[net.minecraft.server.packs.OverlayMetadataSection$OverlayEntry$IntermediateEntry$$Lambda/0x000000001a6fec00@56b7c80b] * RecordCodec[UnitDecoder[net.minecraft.server.packs.metadata.pack.PackFormat$IntermediaryFormat$$Lambda/0x000000001984e400@5915fead] * OptionalFieldCodec[min_format: EitherCodec[first=ListCodec[Int[flatXmapped]], second=Int[flatXmapped]][xmapped][xmapped]] * OptionalFieldCodec[max_format: EitherCodec[first=ListCodec[Int[flatXmapped]], second=Int[flatXmapped]][xmapped][xmapped]] * OptionalFieldCodec[formats: EitherCodec[first=Int, second=EitherCodec[first=ListCodec[Int][comapFlatMapped], second=RecordCodec[UnitDecoder[net.minecraft.util.ExtraCodecs$$Lambda/0x000000001954e000@602b8a7] * Field[min_inclusive: Int] * Field[max_inclusive: Int]][comapFlatMapped]][xmapped]][comapFlatMapped]]] * Field[directory: String[flatXmapped]]]][flatXmapped]]]]
[17:31:22] [Render thread/INFO]: [Berezka API] getMetadataSection : MetadataSectionType[name=fabric:overlays, codec=Field[entries: ListCodec[RecordCodec[UnitDecoder[net.fabricmc.fabric.impl.resource.conditions.OverlayConditionsMetadata$Entry$$Lambda/0x000000001a701c00@18f96219] * Field[directory: String[flatXmapped]] * Field[condition: KeyDispatchCodec[Field[condition: String[comapFlatMapped][comapFlatMapped]] java.util.function.Function$$Lambda/0x0000000018947000@216d4253 java.util.function.Function$$Lambda/0x0000000018947000@2c499df0]]]]][xmapped]]
[17:31:22] [Render thread/INFO]: [Berezka API] getMetadataSection : MetadataSectionType[name=pack, codec=RecordCodec[UnitDecoder[net.minecraft.server.packs.metadata.pack.PackMetadataSection$$Lambda/0x000000001984f400@5d882ad3] * Field[description: RecursiveCodec[Component]] * RecordCodec[UnitDecoder[net.minecraft.server.packs.metadata.pack.PackFormat$IntermediaryFormat$$Lambda/0x000000001984d000@5569b99f] * OptionalFieldCodec[min_format: EitherCodec[first=ListCodec[Int[flatXmapped]], second=Int[flatXmapped]][xmapped][xmapped]] * OptionalFieldCodec[max_format: EitherCodec[first=ListCodec[Int[flatXmapped]], second=Int[flatXmapped]][xmapped][xmapped]] * OptionalFieldCodec[pack_format: Int] * OptionalFieldCodec[supported_formats: EitherCodec[first=Int, second=EitherCodec[first=ListCodec[Int][comapFlatMapped], second=RecordCodec[UnitDecoder[net.minecraft.util.ExtraCodecs$$Lambda/0x000000001954e000@602b8a7] * Field[min_inclusive: Int] * Field[max_inclusive: Int]][comapFlatMapped]][xmapped]][comapFlatMapped]]][flatXmapped]]]
[17:31:22] [Render thread/INFO]: [Berezka API] getMetadataSection : MetadataSectionType[name=features, codec=RecordCodec[UnitDecoder[net.minecraft.server.packs.FeatureFlagsMetadataSection$$Lambda/0x000000001a6fb800@41f7e212] * Field[enabled: ListCodec[String[comapFlatMapped]][comapFlatMapped]]]]
[17:31:22] [Render thread/INFO]: [Berezka API] getMetadataSection : MetadataSectionType[name=overlays, codec=RecordCodec[UnitDecoder[net.minecraft.server.packs.OverlayMetadataSection$$Lambda/0x000000001a6ffc00@1ebe713a] * Field[entries: ListCodec[RecordCodec[UnitDecoder[net.minecraft.server.packs.OverlayMetadataSection$OverlayEntry$IntermediateEntry$$Lambda/0x000000001a6fec00@56b7c80b] * RecordCodec[UnitDecoder[net.minecraft.server.packs.metadata.pack.PackFormat$IntermediaryFormat$$Lambda/0x000000001984e400@5915fead] * OptionalFieldCodec[min_format: EitherCodec[first=ListCodec[Int[flatXmapped]], second=Int[flatXmapped]][xmapped][xmapped]] * OptionalFieldCodec[max_format: EitherCodec[first=ListCodec[Int[flatXmapped]], second=Int[flatXmapped]][xmapped][xmapped]] * OptionalFieldCodec[formats: EitherCodec[first=Int, second=EitherCodec[first=ListCodec[Int][comapFlatMapped], second=RecordCodec[UnitDecoder[net.minecraft.util.ExtraCodecs$$Lambda/0x000000001954e000@602b8a7] * Field[min_inclusive: Int] * Field[max_inclusive: Int]][comapFlatMapped]][xmapped]][comapFlatMapped]]] * Field[directory: String[flatXmapped]]]][flatXmapped]]]]
[17:31:22] [Render thread/INFO]: [Berezka API] getMetadataSection : MetadataSectionType[name=fabric:overlays, codec=Field[entries: ListCodec[RecordCodec[UnitDecoder[net.fabricmc.fabric.impl.resource.conditions.OverlayConditionsMetadata$Entry$$Lambda/0x000000001a701c00@18f96219] * Field[directory: String[flatXmapped]] * Field[condition: KeyDispatchCodec[Field[condition: String[comapFlatMapped][comapFlatMapped]] java.util.function.Function$$Lambda/0x0000000018947000@216d4253 java.util.function.Function$$Lambda/0x0000000018947000@2c499df0]]]]][xmapped]]
[17:31:22] [Render thread/INFO]: Start scanning for gun packs in D:\DOWLOD\.minecraft\versions\26.2-Fabric 0.19.3 测试\tacz
[17:31:22] [Render thread/INFO]: - Ra1k_gunpack_v2.0.3_hotfix.zip, Main namespace: Phoenix
[17:31:22] [Render thread/INFO]: - tacztweaks-2.14.2+fabric.26.2.R1-example-pack, Main namespace: tacztweaks
[17:31:22] [Render thread/INFO]: - tacz_default_gun, Main namespace: tacz
[17:31:22] [Render thread/INFO]: Found 3 possible gunpack(s) and added them to resource set.
[17:31:22] [Render thread/WARN]: Removed resource pack file/PCL2 Skin.zip from options because it is no longer compatible
[17:31:23] [Render thread/INFO]: Reloading ResourceManager: tacz_resources, vanilla, appleskin, berezka_api, carryon, chat_heads, cloth-config, conditional-mixin, continuity, dream_equipment, fabric-api, fabric-api-base, fabric-api-lookup-api-v1, fabric-biome-api-v1, fabric-block-api-v1, fabric-block-getter-api-v2, fabric-command-api-v2, fabric-content-registries-v0, fabric-convention-tags-v2, fabric-crash-report-info-v1, fabric-creative-tab-api-v1, fabric-data-attachment-api-v1, fabric-data-generation-api-v1, fabric-debug-api-v1, fabric-dimensions-v1, fabric-entity-events-v1, fabric-events-interaction-v0, fabric-game-rule-api-v1, fabric-item-api-v1, fabric-key-mapping-api-v1, fabric-language-kotlin, fabric-lifecycle-events-v1, fabric-loot-api-v3, fabric-menu-api-v1, fabric-message-api-v1, fabric-model-loading-api-v1, fabric-networking-api-v1, fabric-object-builder-api-v1, fabric-particles-v1, fabric-permission-api-v1, fabric-recipe-api-v1, fabric-registry-sync-v0, fabric-renderer-api-v1, fabric-renderer-indigo, fabric-rendering-fluids-v1, fabric-rendering-v1, fabric-resource-conditions-api-v1, fabric-resource-loader-v0, fabric-resource-loader-v1, fabric-screen-api-v1, fabric-serialization-api-v1, fabric-sound-api-v1, fabric-tag-api-v1, fabric-transfer-api-v1, fabric-transitive-access-wideners-v1, fabricloader, firstaid, forgeconfigapiport, fwa, immediatelyfast, inventoryhud, inventorymanagement, iris, jade, jamlib, justzoom, lambdynlights, lambdynlights_api, malilib, mcwifipnp, minihud, modmenu, nochatreports, notenoughanimations, org_apache_commons_commons-math3, placeholder-api, player_animation_library, pride, reeses-sodium-options, resourcify, roughlyenoughitems, skinlayers3d, sodium, spruceui, tacz, tacztweaks, touhou_little_maid, trade_cycling, trender, tweakermore, tweakeroo, xaerolib, xaerominimap, xaeroworldmap, yet_another_config_lib_v3, berezka_api_data, file/!!§r§f§l 零雾构想 v5003 §7- 2025-11-04 §0.zip, file/!!§r§f§l 〇五红显 05RD §7- 2025-11-04 §0.zip, file/!§r§f§l 完美 玻璃模型 §7- 2025-11-04 §0.zip, file/!§r§f§l 完美 草方块侧面 §7- 2025-11-04 §0.zip, file/!§r§f§l 无缝 红石灯 §7- 2025-11-04 §0.zip, file/!§r§f§l 无缝 铜格栅 §7- 2025-11-04 §0.zip, file/!§r§f§l 无缝玻璃 100% §7- 2025-11-04 §0.zip, file/!§r§f§l 显示 流体方向 §7- 2025-11-04 §0.zip, file/!§r§f§l 显示 音符盒信息 §7- 2025-11-04 §0.zip, file/!§r§f§l 树叶 枯萎状态显示 §7- 2025-11-04 §0.zip, file/!§r§f§l 矿物 连接描边 §7- 2025-11-04 §0.zip, file/!§r§f§l 立体模型 常规 §7- 2025-11-04 §0.zip, file/!§r§f§l 立体模型 床 §7- 2025-11-04 §0.zip, file/!§r§f§l 立体模型 门 §7- 2025-11-04 §0.zip, file/!§r§f§l 红色下界砖块镜子 §7- 2025-11-04 §0.zip, file/!§r§f§l 连接 木板 §7- 2025-11-04 §0.zip, file/!§r§f§l 连接 自然 §7- 2025-11-04 §0.zip, file/!§r§f§l 立体模型 工作方块 §7- 2025-11-04 §0.zip, file/!§r§f§l 树叶 繁茂模型 §7- 2025-11-04 §0.zip, file/!§r§f§l 树叶 红色白桦树 §7- 2025-11-04 §0.zip, file/BOPPBR-FULL-RE1-v0.1.4.zip
[17:31:23] [Render thread/INFO]: [Berezka API] getMetadataSection : MetadataSectionType[name=filter, codec=RecordCodec[UnitDecoder[net.minecraft.server.packs.resources.ResourceFilterSection$$Lambda/0x000000001a9f5c00@3c503860] * Field[block: ListCodec[RecordCodec[UnitDecoder[net.minecraft.util.IdentifierPattern$$Lambda/0x00000000197d3c00@441df3c9] * OptionalFieldCodec[namespace: String[comapFlatMapped]] * OptionalFieldCodec[path: String[comapFlatMapped]]]]]]]
[17:31:23] [Worker-Main-12/INFO]: Found unifont_all_no_pua-17.0.01.hex, loading
[17:31:23] [Worker-Main-15/INFO]: Found unifont_pua-17.0.01.hex, loading
[17:31:23] [Render thread/INFO]: Carpet: [N/F], CarpetTIS: [N/F]
[17:31:23] [Render thread/INFO]: i18nLang#load: File: '/assets/minihud/lang/en_us.json' has been loaded successfully
[17:31:23] [Worker-Main-7/WARN]: Invalid sounds.json in resourcepack: 'tacz'
com.google.gson.JsonSyntaxException: Expected entry to be a JsonObject, was "Sou...e."
	at knot//net.minecraft.util.GsonHelper.convertToJsonObject(GsonHelper.java:415)
	at knot//net.minecraft.client.resources.sounds.SoundEventRegistrationSerializer.deserialize(SoundEventRegistrationSerializer.java:25)
	at knot//net.minecraft.client.resources.sounds.SoundEventRegistrationSerializer.deserialize(SoundEventRegistrationSerializer.java:20)
	at knot//com.google.gson.internal.bind.TreeTypeAdapter.read(TreeTypeAdapter.java:95)
	at knot//com.google.gson.internal.bind.TypeAdapterRuntimeTypeWrapper.read(TypeAdapterRuntimeTypeWrapper.java:40)
	at knot//com.google.gson.internal.bind.MapTypeAdapterFactory$Adapter.read(MapTypeAdapterFactory.java:203)
	at knot//com.google.gson.internal.bind.MapTypeAdapterFactory$Adapter.read(MapTypeAdapterFactory.java:161)
	at knot//net.minecraft.util.GsonHelper.fromNullableJson(GsonHelper.java:530)
	at knot//net.minecraft.util.GsonHelper.fromJson(GsonHelper.java:537)
	at knot//net.minecraft.client.sounds.SoundManager.prepare(SoundManager.java:80)
	at knot//net.minecraft.client.sounds.SoundManager.prepare(SoundManager.java:41)
	at knot//net.minecraft.server.packs.resources.SimplePreparableReloadListener.lambda$reload$0(SimplePreparableReloadListener.java:13)
	at java.base/java.util.concurrent.CompletableFuture$AsyncSupply.run(CompletableFuture.java:1789)
	at knot//net.minecraft.server.packs.resources.SimpleReloadInstance.lambda$prepareTasks$1(SimpleReloadInstance.java:51)
	at java.base/java.util.concurrent.ForkJoinTask$RunnableExecuteAction.compute(ForkJoinTask.java:1753)
	at java.base/java.util.concurrent.ForkJoinTask$RunnableExecuteAction.compute(ForkJoinTask.java:1745)
	at java.base/java.util.concurrent.ForkJoinTask$InterruptibleTask.exec(ForkJoinTask.java:1662)
	at java.base/java.util.concurrent.ForkJoinTask.doExec(ForkJoinTask.java:511)
	at java.base/java.util.concurrent.ForkJoinPool$WorkQueue.topLevelExec(ForkJoinPool.java:1450)
	at java.base/java.util.concurrent.ForkJoinPool.runWorker(ForkJoinPool.java:2019)
	at java.base/java.util.concurrent.ForkJoinWorkerThread.run(ForkJoinWorkerThread.java:187)
[17:31:23] [Render thread/WARN]: i18nOptionManager#buildLanguageOptions(minihud): Detected [8] available options.
[17:31:24] [Worker-Main-12/INFO]: Found unifont_jp_patch-17.0.01.hex, loading
[17:31:24] [Worker-Main-7/INFO]: Loading bedrock model file: touhou_little_maid:models/bedrock/entity/tombstone.json
[17:31:24] [Worker-Main-12/INFO]: Loading bedrock model file: touhou_little_maid:models/bedrock/block/shrine.json
[17:31:24] [Worker-Main-12/INFO]: Loading bedrock model file: touhou_little_maid:models/bedrock/block/altar.json
[17:31:24] [Worker-Main-7/INFO]: Loading bedrock model file: touhou_little_maid:models/bedrock/entity/cake_box.json
[17:31:24] [Worker-Main-7/INFO]: Loading bedrock model file: touhou_little_maid:models/bedrock/entity/backpack/middle_backpack.json
[17:31:24] [Worker-Main-7/INFO]: Loading bedrock model file: touhou_little_maid:models/bedrock/entity/new_maid_fairy.json
[17:31:24] [Worker-Main-12/INFO]: Loading bedrock model file: touhou_little_maid:models/bedrock/block/gomoku_piece.json
[17:31:24] [Worker-Main-12/INFO]: Loading bedrock model file: touhou_little_maid:models/bedrock/block/bookshelf.json
[17:31:24] [Worker-Main-7/INFO]: Loading bedrock model file: touhou_little_maid:models/bedrock/entity/backpack/big_backpack.json
[17:31:24] [Worker-Main-7/INFO]: Loading bedrock model file: touhou_little_maid:models/bedrock/entity/maid_fairy.json
[17:31:24] [Worker-Main-12/INFO]: Loading bedrock model file: touhou_little_maid:models/bedrock/block/maid_bed/blue.json
[17:31:24] [Download-1/INFO]: Could not authorize you against Realms server: java.lang.RuntimeException: Failed to parse into SignedJWT: 0000000000003003998F501BCC5137E3
[17:31:24] [Worker-Main-7/INFO]: Loading bedrock model file: touhou_little_maid:models/bedrock/entity/backpack/small_backpack.json
[17:31:24] [Worker-Main-7/INFO]: Loading bedrock model file: touhou_little_maid:models/bedrock/entity/broom.json
[17:31:24] [Worker-Main-12/INFO]: Loading bedrock model file: touhou_little_maid:models/bedrock/block/keyboard.json
[17:31:24] [Worker-Main-7/INFO]: Loading bedrock model file: touhou_little_maid:models/bedrock/entity/baby_maid_fairy.json
[17:31:24] [Download-1/ERROR]: Failed to fetch Realms feature flags
com.mojang.realmsclient.exception.RealmsServiceException: Realms authentication error with message 'java.lang.RuntimeException: Failed to parse into SignedJWT: 0000000000003003998F501BCC5137E3'
	at knot//com.mojang.realmsclient.client.RealmsClient.execute(RealmsClient.java:528)
	at knot//com.mojang.realmsclient.client.RealmsClient.fetchFeatureFlags(RealmsClient.java:187)
	at java.base/java.util.concurrent.CompletableFuture$AsyncSupply.run(CompletableFuture.java:1789)
	at java.base/java.util.concurrent.ThreadPoolExecutor.runWorker(ThreadPoolExecutor.java:1090)
	at java.base/java.util.concurrent.ThreadPoolExecutor$Worker.run(ThreadPoolExecutor.java:614)
	at java.base/java.lang.Thread.run(Thread.java:1474)
[17:31:24] [Worker-Main-12/INFO]: Loading bedrock model file: touhou_little_maid:models/bedrock/block/picnic_mat.json
[17:31:24] [Worker-Main-12/INFO]: Loading bedrock model file: touhou_little_maid:models/bedrock/block/snack_cabinet.json
[17:31:24] [Worker-Main-12/INFO]: Loading bedrock model file: touhou_little_maid:models/bedrock/block/statue_base.json
[17:31:24] [Worker-Main-9/WARN]: Invalid path in datapack: ra1k:geo_models/player/Ra1k.png, ignoring
[17:31:24] [Worker-Main-12/INFO]: Loading bedrock model file: touhou_little_maid:models/bedrock/block/wchess.json
[17:31:24] [Worker-Main-12/INFO]: Loading bedrock model file: touhou_little_maid:models/bedrock/block/cchess_pieces.json
[17:31:24] [Worker-Main-12/INFO]: Loading bedrock model file: touhou_little_maid:models/bedrock/block/maid_bed/black.json
[17:31:24] [Worker-Main-12/INFO]: Loading bedrock model file: touhou_little_maid:models/bedrock/block/maid_bed/purple.json
[17:31:24] [Worker-Main-12/INFO]: Loading bedrock model file: touhou_little_maid:models/bedrock/block/cchess.json
[17:31:24] [Worker-Main-12/INFO]: Loading bedrock model file: touhou_little_maid:models/bedrock/block/maid_bed/pink.json
[17:31:24] [Worker-Main-12/INFO]: Loading bedrock model file: touhou_little_maid:models/bedrock/block/gomoku.json
[17:31:24] [Worker-Main-12/INFO]: Loading bedrock model file: touhou_little_maid:models/bedrock/block/maid_bed/green.json
[17:31:24] [Worker-Main-12/INFO]: Loading bedrock model file: touhou_little_maid:models/bedrock/block/wchess_pieces.json
[17:31:24] [Worker-Main-12/INFO]: Loading bedrock model file: touhou_little_maid:models/bedrock/block/maid_banner.json
[17:31:24] [Worker-Main-12/INFO]: Loading bedrock model file: touhou_little_maid:models/bedrock/block/maid_bed/yellow.json
[17:31:24] [Worker-Main-12/INFO]: Loading bedrock model file: touhou_little_maid:models/bedrock/block/computer.json
[17:31:24] [Worker-Main-12/INFO]: Loading bedrock model file: touhou_little_maid:models/bedrock/block/maid_bed/white.json
[17:31:24] [Worker-Main-7/WARN]: Unknown block 'minecraft:powder_snow_block' in 'matchBlocks' element 'powder_snow_block' at index 44 in file 'minecraft:optifine/ctm/ctm004_05_ancient_debris_side.properties' in pack 'file/!§r§f§l 连接 自然 §7- 2025-11-04 §0.zip'
[17:31:24] [Worker-Main-7/WARN]: Unknown block 'minecraft:powder_snow_block' in 'matchBlocks' element 'powder_snow_block' at index 44 in file 'minecraft:optifine/ctm/ctm004_05_ancient_debris_top.properties' in pack 'file/!§r§f§l 连接 自然 §7- 2025-11-04 §0.zip'
[17:31:24] [Worker-Main-7/WARN]: Unknown block 'minecraft:powder_snow_block' in 'matchBlocks' element 'powder_snow_block' at index 43 in file 'minecraft:optifine/ctm/ctm004_05_coal_ore.properties' in pack 'file/!§r§f§l 连接 自然 §7- 2025-11-04 §0.zip'
[17:31:24] [Worker-Main-7/WARN]: Unknown block 'minecraft:powder_snow_block' in 'matchBlocks' element 'powder_snow_block' at index 43 in file 'minecraft:optifine/ctm/ctm004_05_copper_ore.properties' in pack 'file/!§r§f§l 连接 自然 §7- 2025-11-04 §0.zip'
[17:31:24] [Worker-Main-7/WARN]: Unknown block 'minecraft:powder_snow_block' in 'matchBlocks' element 'powder_snow_block' at index 43 in file 'minecraft:optifine/ctm/ctm004_05_deepslate_copper_ore.properties' in pack 'file/!§r§f§l 连接 自然 §7- 2025-11-04 §0.zip'
[17:31:24] [Worker-Main-7/WARN]: Unknown block 'minecraft:powder_snow_block' in 'matchBlocks' element 'powder_snow_block' at index 43 in file 'minecraft:optifine/ctm/ctm004_05_deepslate_diamond_ore.properties' in pack 'file/!§r§f§l 连接 自然 §7- 2025-11-04 §0.zip'
[17:31:24] [Worker-Main-7/WARN]: Unknown block 'minecraft:powder_snow_block' in 'matchBlocks' element 'powder_snow_block' at index 43 in file 'minecraft:optifine/ctm/ctm004_05_deepslate_emerald_ore.properties' in pack 'file/!§r§f§l 连接 自然 §7- 2025-11-04 §0.zip'
[17:31:24] [Worker-Main-7/WARN]: Unknown block 'minecraft:powder_snow_block' in 'matchBlocks' element 'powder_snow_block' at index 43 in file 'minecraft:optifine/ctm/ctm004_05_deepslate_gold_ore.properties' in pack 'file/!§r§f§l 连接 自然 §7- 2025-11-04 §0.zip'
[17:31:24] [Worker-Main-7/WARN]: Unknown block 'minecraft:powder_snow_block' in 'matchBlocks' element 'powder_snow_block' at index 43 in file 'minecraft:optifine/ctm/ctm004_05_deepslate_iron_ore.properties' in pack 'file/!§r§f§l 连接 自然 §7- 2025-11-04 §0.zip'
[17:31:24] [Worker-Main-7/WARN]: Unknown block 'minecraft:powder_snow_block' in 'matchBlocks' element 'powder_snow_block' at index 43 in file 'minecraft:optifine/ctm/ctm004_05_deepslate_lapis_ore.properties' in pack 'file/!§r§f§l 连接 自然 §7- 2025-11-04 §0.zip'
[17:31:24] [Worker-Main-7/WARN]: Unknown block 'minecraft:powder_snow_block' in 'matchBlocks' element 'powder_snow_block' at index 43 in file 'minecraft:optifine/ctm/ctm004_05_deepslate_redstone_ore.properties' in pack 'file/!§r§f§l 连接 自然 §7- 2025-11-04 §0.zip'
[17:31:24] [Worker-Main-7/WARN]: Unknown block 'minecraft:powder_snow_block' in 'matchBlocks' element 'powder_snow_block' at index 43 in file 'minecraft:optifine/ctm/ctm004_05_diamond_ore.properties' in pack 'file/!§r§f§l 连接 自然 §7- 2025-11-04 §0.zip'
[17:31:24] [Worker-Main-7/WARN]: Unknown block 'minecraft:powder_snow_block' in 'matchBlocks' element 'powder_snow_block' at index 43 in file 'minecraft:optifine/ctm/ctm004_05_emerald_ore.properties' in pack 'file/!§r§f§l 连接 自然 §7- 2025-11-04 §0.zip'
[17:31:24] [Worker-Main-7/WARN]: Unknown block 'minecraft:powder_snow_block' in 'matchBlocks' element 'powder_snow_block' at index 43 in file 'minecraft:optifine/ctm/ctm004_05_gold_ore.properties' in pack 'file/!§r§f§l 连接 自然 §7- 2025-11-04 §0.zip'
[17:31:24] [Worker-Main-7/WARN]: Unknown block 'minecraft:powder_snow_block' in 'matchBlocks' element 'powder_snow_block' at index 40 in file 'minecraft:optifine/ctm/ctm004_05_grass_block_snow_top.properties' in pack 'file/!§r§f§l 连接 自然 §7- 2025-11-04 §0.zip'
[17:31:24] [Worker-Main-7/WARN]: Unknown block 'minecraft:farm_land' in 'matchBlocks' element 'farm_land' at index 40 in file 'minecraft:optifine/ctm/ctm004_05_grass_block_top.properties' in pack 'file/!§r§f§l 连接 自然 §7- 2025-11-04 §0.zip'
[17:31:24] [Worker-Main-7/WARN]: Unknown block 'minecraft:powder_snow_block' in 'matchBlocks' element 'powder_snow_block' at index 43 in file 'minecraft:optifine/ctm/ctm004_05_iron_ore.properties' in pack 'file/!§r§f§l 连接 自然 §7- 2025-11-04 §0.zip'
[17:31:24] [Worker-Main-7/WARN]: Unknown block 'minecraft:powder_snow_block' in 'matchBlocks' element 'powder_snow_block' at index 43 in file 'minecraft:optifine/ctm/ctm004_05_lapis_ore.properties' in pack 'file/!§r§f§l 连接 自然 §7- 2025-11-04 §0.zip'
[17:31:24] [Worker-Main-7/WARN]: Unknown block 'minecraft:powder_snow_block' in 'matchBlocks' element 'powder_snow_block' at index 43 in file 'minecraft:optifine/ctm/ctm004_05_nether_gold_ore.properties' in pack 'file/!§r§f§l 连接 自然 §7- 2025-11-04 §0.zip'
[17:31:24] [Worker-Main-7/WARN]: Unknown block 'minecraft:powder_snow_block' in 'matchBlocks' element 'powder_snow_block' at index 43 in file 'minecraft:optifine/ctm/ctm004_05_nether_quartz_ore.properties' in pack 'file/!§r§f§l 连接 自然 §7- 2025-11-04 §0.zip'
[17:31:24] [Worker-Main-7/ERROR]: No tile or block matches provided in file 'minecraft:optifine/ctm/ctm004_05_powder_snow.properties' in pack 'file/!§r§f§l 连接 自然 §7- 2025-11-04 §0.zip'
[17:31:24] [Worker-Main-7/ERROR]: No 'tiles' value provided in file 'minecraft:optifine/ctm/ctm004_05_powder_snow.properties' in pack 'file/!§r§f§l 连接 自然 §7- 2025-11-04 §0.zip'
[17:31:24] [Worker-Main-7/ERROR]: No valid connection type provided in file 'minecraft:optifine/ctm/ctm004_05_powder_snow.properties' in pack 'file/!§r§f§l 连接 自然 §7- 2025-11-04 §0.zip'
[17:31:24] [Worker-Main-7/WARN]: Unknown block 'minecraft:powder_snow_block' in 'matchBlocks' element 'powder_snow_block' at index 43 in file 'minecraft:optifine/ctm/ctm004_05_redstone_ore.properties' in pack 'file/!§r§f§l 连接 自然 §7- 2025-11-04 §0.zip'
[17:31:24] [Worker-Main-7/WARN]: Unknown block 'minecraft:powder_snow_block' in 'matchBlocks' element 'powder_snow_block' at index 42 in file 'minecraft:optifine/ctm/ctm004_05_snow_block.properties' in pack 'file/!§r§f§l 连接 自然 §7- 2025-11-04 §0.zip'
[17:31:24] [Worker-Main-7/ERROR]: No tile or block matches provided in file 'minecraft:optifine/ctm/ctm004_05_soul_sand.properties' in pack 'file/!§r§f§l 连接 自然 §7- 2025-11-04 §0.zip'
[17:31:24] [Worker-Main-7/ERROR]: No 'tiles' value provided in file 'minecraft:optifine/ctm/ctm004_05_soul_sand.properties' in pack 'file/!§r§f§l 连接 自然 §7- 2025-11-04 §0.zip'
[17:31:24] [Worker-Main-7/ERROR]: No valid connection type provided in file 'minecraft:optifine/ctm/ctm004_05_soul_sand.properties' in pack 'file/!§r§f§l 连接 自然 §7- 2025-11-04 §0.zip'
[17:31:24] [Worker-Main-7/WARN]: Unknown block 'biomesoplenty:origin_oak_planks' in 'matchBlocks' element 'biomesoplenty:origin_oak_planks' at index 44 in file 'minecraft:optifine/ctm/willow_planks_ctm_top.properties' in pack 'file/BOPPBR-FULL-RE1-v0.1.4.zip'
[17:31:24] [Worker-Main-7/WARN]: Unknown block 'biomesoplenty:origin_oak_stairs' in 'matchBlocks' element 'biomesoplenty:origin_oak_stairs:half=top' at index 45 in file 'minecraft:optifine/ctm/willow_planks_ctm_top.properties' in pack 'file/BOPPBR-FULL-RE1-v0.1.4.zip'
[17:31:24] [Worker-Main-7/WARN]: Unknown block 'biomesoplenty:origin_oak_slab' in 'matchBlocks' element 'biomesoplenty:origin_oak_slab:type=top' at index 46 in file 'minecraft:optifine/ctm/willow_planks_ctm_top.properties' in pack 'file/BOPPBR-FULL-RE1-v0.1.4.zip'
[17:31:24] [Worker-Main-7/WARN]: Unknown block 'biomesoplenty:origin_oak_slab' in 'matchBlocks' element 'biomesoplenty:origin_oak_slab:type=double' at index 47 in file 'minecraft:optifine/ctm/willow_planks_ctm_top.properties' in pack 'file/BOPPBR-FULL-RE1-v0.1.4.zip'
[17:31:24] [Worker-Main-7/WARN]: Unknown block 'biomesoplenty:fir_planks' in 'matchBlocks' element 'biomesoplenty:fir_planks' at index 48 in file 'minecraft:optifine/ctm/willow_planks_ctm_top.properties' in pack 'file/BOPPBR-FULL-RE1-v0.1.4.zip'
[17:31:24] [Worker-Main-7/WARN]: Unknown block 'biomesoplenty:fir_stairs' in 'matchBlocks' element 'biomesoplenty:fir_stairs:half=top' at index 49 in file 'minecraft:optifine/ctm/willow_planks_ctm_top.properties' in pack 'file/BOPPBR-FULL-RE1-v0.1.4.zip'
[17:31:24] [Worker-Main-7/WARN]: Unknown block 'biomesoplenty:fir_slab' in 'matchBlocks' element 'biomesoplenty:fir_slab:type=top' at index 50 in file 'minecraft:optifine/ctm/willow_planks_ctm_top.properties' in pack 'file/BOPPBR-FULL-RE1-v0.1.4.zip'
[17:31:24] [Worker-Main-7/WARN]: Unknown block 'biomesoplenty:fir_slab' in 'matchBlocks' element 'biomesoplenty:fir_slab:type=double' at index 51 in file 'minecraft:optifine/ctm/willow_planks_ctm_top.properties' in pack 'file/BOPPBR-FULL-RE1-v0.1.4.zip'
[17:31:24] [Worker-Main-7/WARN]: Unknown block 'biomesoplenty:pine_planks' in 'matchBlocks' element 'biomesoplenty:pine_planks' at index 52 in file 'minecraft:optifine/ctm/willow_planks_ctm_top.properties' in pack 'file/BOPPBR-FULL-RE1-v0.1.4.zip'
[17:31:24] [Worker-Main-7/WARN]: Unknown block 'biomesoplenty:pine_stairs' in 'matchBlocks' element 'biomesoplenty:pine_stairs:half=top' at index 53 in file 'minecraft:optifine/ctm/willow_planks_ctm_top.properties' in pack 'file/BOPPBR-FULL-RE1-v0.1.4.zip'
[17:31:24] [Worker-Main-7/WARN]: Unknown block 'biomesoplenty:pine_slab' in 'matchBlocks' element 'biomesoplenty:pine_slab:type=top' at index 54 in file 'minecraft:optifine/ctm/willow_planks_ctm_top.properties' in pack 'file/BOPPBR-FULL-RE1-v0.1.4.zip'
[17:31:24] [Worker-Main-7/WARN]: Unknown block 'biomesoplenty:pine_slab' in 'matchBlocks' element 'biomesoplenty:pine_slab:type=double' at index 55 in file 'minecraft:optifine/ctm/willow_planks_ctm_top.properties' in pack 'file/BOPPBR-FULL-RE1-v0.1.4.zip'
[17:31:24] [Worker-Main-7/WARN]: Unknown block 'biomesoplenty:maple_planks' in 'matchBlocks' element 'biomesoplenty:maple_planks' at index 56 in file 'minecraft:optifine/ctm/willow_planks_ctm_top.properties' in pack 'file/BOPPBR-FULL-RE1-v0.1.4.zip'
[17:31:24] [Worker-Main-7/WARN]: Unknown block 'biomesoplenty:maple_stairs' in 'matchBlocks' element 'biomesoplenty:maple_stairs:half=top' at index 57 in file 'minecraft:optifine/ctm/willow_planks_ctm_top.properties' in pack 'file/BOPPBR-FULL-RE1-v0.1.4.zip'
[17:31:24] [Worker-Main-7/WARN]: Unknown block 'biomesoplenty:maple_slab' in 'matchBlocks' element 'biomesoplenty:maple_slab:type=top' at index 58 in file 'minecraft:optifine/ctm/willow_planks_ctm_top.properties' in pack 'file/BOPPBR-FULL-RE1-v0.1.4.zip'
[17:31:24] [Worker-Main-7/WARN]: Unknown block 'biomesoplenty:maple_slab' in 'matchBlocks' element 'biomesoplenty:maple_slab:type=double' at index 59 in file 'minecraft:optifine/ctm/willow_planks_ctm_top.properties' in pack 'file/BOPPBR-FULL-RE1-v0.1.4.zip'
[17:31:24] [Worker-Main-7/WARN]: Unknown block 'biomesoplenty:redwood_planks' in 'matchBlocks' element 'biomesoplenty:redwood_planks' at index 60 in file 'minecraft:optifine/ctm/willow_planks_ctm_top.properties' in pack 'file/BOPPBR-FULL-RE1-v0.1.4.zip'
[17:31:24] [Worker-Main-7/WARN]: Unknown block 'biomesoplenty:redwood_stairs' in 'matchBlocks' element 'biomesoplenty:redwood_stairs:half=top' at index 61 in file 'minecraft:optifine/ctm/willow_planks_ctm_top.properties' in pack 'file/BOPPBR-FULL-RE1-v0.1.4.zip'
[17:31:24] [Worker-Main-7/WARN]: Unknown block 'biomesoplenty:redwood_slab' in 'matchBlocks' element 'biomesoplenty:redwood_slab:type=top' at index 62 in file 'minecraft:optifine/ctm/willow_planks_ctm_top.properties' in pack 'file/BOPPBR-FULL-RE1-v0.1.4.zip'
[17:31:24] [Worker-Main-7/WARN]: Unknown block 'biomesoplenty:redwood_slab' in 'matchBlocks' element 'biomesoplenty:redwood_slab:type=double' at index 63 in file 'minecraft:optifine/ctm/willow_planks_ctm_top.properties' in pack 'file/BOPPBR-FULL-RE1-v0.1.4.zip'
[17:31:24] [Worker-Main-7/WARN]: Unknown block 'biomesoplenty:mahogany_planks' in 'matchBlocks' element 'biomesoplenty:mahogany_planks' at index 64 in file 'minecraft:optifine/ctm/willow_planks_ctm_top.properties' in pack 'file/BOPPBR-FULL-RE1-v0.1.4.zip'
[17:31:24] [Worker-Main-7/WARN]: Unknown block 'biomesoplenty:mahogany_stairs' in 'matchBlocks' element 'biomesoplenty:mahogany_stairs:half=top' at index 65 in file 'minecraft:optifine/ctm/willow_planks_ctm_top.properties' in pack 'file/BOPPBR-FULL-RE1-v0.1.4.zip'
[17:31:24] [Worker-Main-7/WARN]: Unknown block 'biomesoplenty:mahogany_slab' in 'matchBlocks' element 'biomesoplenty:mahogany_slab:type=top' at index 66 in file 'minecraft:optifine/ctm/willow_planks_ctm_top.properties' in pack 'file/BOPPBR-FULL-RE1-v0.1.4.zip'
[17:31:24] [Worker-Main-7/WARN]: Unknown block 'biomesoplenty:mahogany_slab' in 'matchBlocks' element 'biomesoplenty:mahogany_slab:type=double' at index 67 in file 'minecraft:optifine/ctm/willow_planks_ctm_top.properties' in pack 'file/BOPPBR-FULL-RE1-v0.1.4.zip'
[17:31:24] [Worker-Main-7/WARN]: Unknown block 'biomesoplenty:jacaranda_planks' in 'matchBlocks' element 'biomesoplenty:jacaranda_planks' at index 68 in file 'minecraft:optifine/ctm/willow_planks_ctm_top.properties' in pack 'file/BOPPBR-FULL-RE1-v0.1.4.zip'
[17:31:24] [Worker-Main-7/WARN]: Unknown block 'biomesoplenty:jacaranda_stairs' in 'matchBlocks' element 'biomesoplenty:jacaranda_stairs:half=top' at index 69 in file 'minecraft:optifine/ctm/willow_planks_ctm_top.properties' in pack 'file/BOPPBR-FULL-RE1-v0.1.4.zip'
[17:31:24] [Worker-Main-7/WARN]: Unknown block 'biomesoplenty:jacaranda_slab' in 'matchBlocks' element 'biomesoplenty:jacaranda_slab:type=top' at index 70 in file 'minecraft:optifine/ctm/willow_planks_ctm_top.properties' in pack 'file/BOPPBR-FULL-RE1-v0.1.4.zip'
[17:31:24] [Worker-Main-7/WARN]: Unknown block 'biomesoplenty:jacaranda_slab' in 'matchBlocks' element 'biomesoplenty:jacaranda_slab:type=double' at index 71 in file 'minecraft:optifine/ctm/willow_planks_ctm_top.properties' in pack 'file/BOPPBR-FULL-RE1-v0.1.4.zip'
[17:31:24] [Worker-Main-7/WARN]: Unknown block 'biomesoplenty:palm_planks' in 'matchBlocks' element 'biomesoplenty:palm_planks' at index 72 in file 'minecraft:optifine/ctm/willow_planks_ctm_top.properties' in pack 'file/BOPPBR-FULL-RE1-v0.1.4.zip'
[17:31:24] [Worker-Main-7/WARN]: Unknown block 'biomesoplenty:palm_stairs' in 'matchBlocks' element 'biomesoplenty:palm_stairs:half=top' at index 73 in file 'minecraft:optifine/ctm/willow_planks_ctm_top.properties' in pack 'file/BOPPBR-FULL-RE1-v0.1.4.zip'
[17:31:24] [Worker-Main-7/WARN]: Unknown block 'biomesoplenty:palm_slab' in 'matchBlocks' element 'biomesoplenty:palm_slab:type=top' at index 74 in file 'minecraft:optifine/ctm/willow_planks_ctm_top.properties' in pack 'file/BOPPBR-FULL-RE1-v0.1.4.zip'
[17:31:24] [Worker-Main-7/WARN]: Unknown block 'biomesoplenty:palm_slab' in 'matchBlocks' element 'biomesoplenty:palm_slab:type=double' at index 75 in file 'minecraft:optifine/ctm/willow_planks_ctm_top.properties' in pack 'file/BOPPBR-FULL-RE1-v0.1.4.zip'
[17:31:24] [Worker-Main-7/WARN]: Unknown block 'biomesoplenty:dead_planks' in 'matchBlocks' element 'biomesoplenty:dead_planks' at index 76 in file 'minecraft:optifine/ctm/willow_planks_ctm_top.properties' in pack 'file/BOPPBR-FULL-RE1-v0.1.4.zip'
[17:31:24] [Worker-Main-7/WARN]: Unknown block 'biomesoplenty:dead_stairs' in 'matchBlocks' element 'biomesoplenty:dead_stairs:half=top' at index 77 in file 'minecraft:optifine/ctm/willow_planks_ctm_top.properties' in pack 'file/BOPPBR-FULL-RE1-v0.1.4.zip'
[17:31:24] [Worker-Main-7/WARN]: Unknown block 'biomesoplenty:dead_slab' in 'matchBlocks' element 'biomesoplenty:dead_slab:type=top' at index 78 in file 'minecraft:optifine/ctm/willow_planks_ctm_top.properties' in pack 'file/BOPPBR-FULL-RE1-v0.1.4.zip'
[17:31:24] [Worker-Main-7/WARN]: Unknown block 'biomesoplenty:dead_slab' in 'matchBlocks' element 'biomesoplenty:dead_slab:type=double' at index 79 in file 'minecraft:optifine/ctm/willow_planks_ctm_top.properties' in pack 'file/BOPPBR-FULL-RE1-v0.1.4.zip'
[17:31:24] [Worker-Main-7/WARN]: Unknown block 'biomesoplenty:magic_planks' in 'matchBlocks' element 'biomesoplenty:magic_planks' at index 80 in file 'minecraft:optifine/ctm/willow_planks_ctm_top.properties' in pack 'file/BOPPBR-FULL-RE1-v0.1.4.zip'
[17:31:24] [Worker-Main-7/WARN]: Unknown block 'biomesoplenty:magic_stairs' in 'matchBlocks' element 'biomesoplenty:magic_stairs:half=top' at index 81 in file 'minecraft:optifine/ctm/willow_planks_ctm_top.properties' in pack 'file/BOPPBR-FULL-RE1-v0.1.4.zip'
[17:31:24] [Worker-Main-7/WARN]: Unknown block 'biomesoplenty:magic_slab' in 'matchBlocks' element 'biomesoplenty:magic_slab:type=top' at index 82 in file 'minecraft:optifine/ctm/willow_planks_ctm_top.properties' in pack 'file/BOPPBR-FULL-RE1-v0.1.4.zip'
[17:31:24] [Worker-Main-7/WARN]: Unknown block 'biomesoplenty:magic_slab' in 'matchBlocks' element 'biomesoplenty:magic_slab:type=double' at index 83 in file 'minecraft:optifine/ctm/willow_planks_ctm_top.properties' in pack 'file/BOPPBR-FULL-RE1-v0.1.4.zip'
[17:31:24] [Worker-Main-7/WARN]: Unknown block 'biomesoplenty:umbran_planks' in 'matchBlocks' element 'biomesoplenty:umbran_planks' at index 84 in file 'minecraft:optifine/ctm/willow_planks_ctm_top.properties' in pack 'file/BOPPBR-FULL-RE1-v0.1.4.zip'
[17:31:24] [Worker-Main-7/WARN]: Unknown block 'biomesoplenty:umbran_stairs' in 'matchBlocks' element 'biomesoplenty:umbran_stairs:half=top' at index 85 in file 'minecraft:optifine/ctm/willow_planks_ctm_top.properties' in pack 'file/BOPPBR-FULL-RE1-v0.1.4.zip'
[17:31:24] [Worker-Main-7/WARN]: Unknown block 'biomesoplenty:umbran_slab' in 'matchBlocks' element 'biomesoplenty:umbran_slab:type=top' at index 86 in file 'minecraft:optifine/ctm/willow_planks_ctm_top.properties' in pack 'file/BOPPBR-FULL-RE1-v0.1.4.zip'
[17:31:24] [Worker-Main-7/WARN]: Unknown block 'biomesoplenty:umbran_slab' in 'matchBlocks' element 'biomesoplenty:umbran_slab:type=double' at index 87 in file 'minecraft:optifine/ctm/willow_planks_ctm_top.properties' in pack 'file/BOPPBR-FULL-RE1-v0.1.4.zip'
[17:31:24] [Worker-Main-7/WARN]: Unknown block 'biomesoplenty:hellbark_planks' in 'matchBlocks' element 'biomesoplenty:hellbark_planks' at index 88 in file 'minecraft:optifine/ctm/willow_planks_ctm_top.properties' in pack 'file/BOPPBR-FULL-RE1-v0.1.4.zip'
[17:31:24] [Worker-Main-7/WARN]: Unknown block 'biomesoplenty:hellbark_stairs' in 'matchBlocks' element 'biomesoplenty:hellbark_stairs:half=top' at index 89 in file 'minecraft:optifine/ctm/willow_planks_ctm_top.properties' in pack 'file/BOPPBR-FULL-RE1-v0.1.4.zip'
[17:31:24] [Worker-Main-7/WARN]: Unknown block 'biomesoplenty:hellbark_slab' in 'matchBlocks' element 'biomesoplenty:hellbark_slab:type=top' at index 90 in file 'minecraft:optifine/ctm/willow_planks_ctm_top.properties' in pack 'file/BOPPBR-FULL-RE1-v0.1.4.zip'
[17:31:24] [Worker-Main-7/WARN]: Unknown block 'biomesoplenty:hellbark_slab' in 'matchBlocks' element 'biomesoplenty:hellbark_slab:type=double' at index 91 in file 'minecraft:optifine/ctm/willow_planks_ctm_top.properties' in pack 'file/BOPPBR-FULL-RE1-v0.1.4.zip'
[17:31:24] [Worker-Main-7/WARN]: Unknown block 'biomesoplenty:empyreal_planks' in 'matchBlocks' element 'biomesoplenty:empyreal_planks' at index 92 in file 'minecraft:optifine/ctm/willow_planks_ctm_top.properties' in pack 'file/BOPPBR-FULL-RE1-v0.1.4.zip'
[17:31:24] [Worker-Main-7/WARN]: Unknown block 'biomesoplenty:empyreal_stairs' in 'matchBlocks' element 'biomesoplenty:empyreal_stairs:half=top' at index 93 in file 'minecraft:optifine/ctm/willow_planks_ctm_top.properties' in pack 'file/BOPPBR-FULL-RE1-v0.1.4.zip'
[17:31:24] [Worker-Main-7/WARN]: Unknown block 'biomesoplenty:empyreal_slab' in 'matchBlocks' element 'biomesoplenty:empyreal_slab:type=top' at index 94 in file 'minecraft:optifine/ctm/willow_planks_ctm_top.properties' in pack 'file/BOPPBR-FULL-RE1-v0.1.4.zip'
[17:31:24] [Worker-Main-7/WARN]: Unknown block 'biomesoplenty:empyreal_slab' in 'matchBlocks' element 'biomesoplenty:empyreal_slab:type=double' at index 95 in file 'minecraft:optifine/ctm/willow_planks_ctm_top.properties' in pack 'file/BOPPBR-FULL-RE1-v0.1.4.zip'
[17:31:24] [Worker-Main-7/WARN]: Unknown block 'biomesoplenty:willow_planks' in 'connectBlocks' element 'biomesoplenty:willow_planks' at index 0 in file 'minecraft:optifine/ctm/willow_planks_ctm_top.properties' in pack 'file/BOPPBR-FULL-RE1-v0.1.4.zip'
[17:31:24] [Worker-Main-7/WARN]: Unknown block 'biomesoplenty:dead_planks' in 'connectBlocks' element 'biomesoplenty:dead_planks' at index 0 in file 'minecraft:optifine/ctm/dead_planks_ctm.properties' in pack 'file/BOPPBR-FULL-RE1-v0.1.4.zip'
[17:31:24] [Worker-Main-7/WARN]: Unknown block 'biomesoplenty:origin_oak_planks' in 'matchBlocks' element 'biomesoplenty:origin_oak_planks' at index 44 in file 'minecraft:optifine/ctm/dead_planks_ctm_bottom.properties' in pack 'file/BOPPBR-FULL-RE1-v0.1.4.zip'
[17:31:24] [Worker-Main-7/WARN]: Unknown block 'biomesoplenty:origin_oak_stairs' in 'matchBlocks' element 'biomesoplenty:origin_oak_stairs:half=bottom' at index 45 in file 'minecraft:optifine/ctm/dead_planks_ctm_bottom.properties' in pack 'file/BOPPBR-FULL-RE1-v0.1.4.zip'
[17:31:24] [Worker-Main-7/WARN]: Unknown block 'biomesoplenty:origin_oak_slab' in 'matchBlocks' element 'biomesoplenty:origin_oak_slab:type=bottom' at index 46 in file 'minecraft:optifine/ctm/dead_planks_ctm_bottom.properties' in pack 'file/BOPPBR-FULL-RE1-v0.1.4.zip'
[17:31:24] [Worker-Main-7/WARN]: Unknown block 'biomesoplenty:origin_oak_slab' in 'matchBlocks' element 'biomesoplenty:origin_oak_slab:type=double' at index 47 in file 'minecraft:optifine/ctm/dead_planks_ctm_bottom.properties' in pack 'file/BOPPBR-FULL-RE1-v0.1.4.zip'
[17:31:24] [Worker-Main-7/WARN]: Unknown block 'biomesoplenty:fir_planks' in 'matchBlocks' element 'biomesoplenty:fir_planks' at index 48 in file 'minecraft:optifine/ctm/dead_planks_ctm_bottom.properties' in pack 'file/BOPPBR-FULL-RE1-v0.1.4.zip'
[17:31:24] [Worker-Main-7/WARN]: Unknown block 'biomesoplenty:fir_stairs' in 'matchBlocks' element 'biomesoplenty:fir_stairs:half=bottom' at index 49 in file 'minecraft:optifine/ctm/dead_planks_ctm_bottom.properties' in pack 'file/BOPPBR-FULL-RE1-v0.1.4.zip'
[17:31:24] [Worker-Main-7/WARN]: Unknown block 'biomesoplenty:fir_slab' in 'matchBlocks' element 'biomesoplenty:fir_slab:type=bottom' at index 50 in file 'minecraft:optifine/ctm/dead_planks_ctm_bottom.properties' in pack 'file/BOPPBR-FULL-RE1-v0.1.4.zip'
[17:31:24] [Worker-Main-7/WARN]: Unknown block 'biomesoplenty:fir_slab' in 'matchBlocks' element 'biomesoplenty:fir_slab:type=double' at index 51 in file 'minecraft:optifine/ctm/dead_planks_ctm_bottom.properties' in pack 'file/BOPPBR-FULL-RE1-v0.1.4.zip'
[17:31:24] [Worker-Main-7/WARN]: Unknown block 'biomesoplenty:pine_planks' in 'matchBlocks' element 'biomesoplenty:pine_planks' at index 52 in file 'minecraft:optifine/ctm/dead_planks_ctm_bottom.properties' in pack 'file/BOPPBR-FULL-RE1-v0.1.4.zip'
[17:31:24] [Worker-Main-7/WARN]: Unknown block 'biomesoplenty:pine_stairs' in 'matchBlocks' element 'biomesoplenty:pine_stairs:half=bottom' at index 53 in file 'minecraft:optifine/ctm/dead_planks_ctm_bottom.properties' in pack 'file/BOPPBR-FULL-RE1-v0.1.4.zip'
[17:31:24] [Worker-Main-7/WARN]: Unknown block 'biomesoplenty:pine_slab' in 'matchBlocks' element 'biomesoplenty:pine_slab:type=bottom' at index 54 in file 'minecraft:optifine/ctm/dead_planks_ctm_bottom.properties' in pack 'file/BOPPBR-FULL-RE1-v0.1.4.zip'
[17:31:24] [Worker-Main-7/WARN]: Unknown block 'biomesoplenty:pine_slab' in 'matchBlocks' element 'biomesoplenty:pine_slab:type=double' at index 55 in file 'minecraft:optifine/ctm/dead_planks_ctm_bottom.properties' in pack 'file/BOPPBR-FULL-RE1-v0.1.4.zip'
[17:31:24] [Worker-Main-7/WARN]: Unknown block 'biomesoplenty:maple_planks' in 'matchBlocks' element 'biomesoplenty:maple_planks' at index 56 in file 'minecraft:optifine/ctm/dead_planks_ctm_bottom.properties' in pack 'file/BOPPBR-FULL-RE1-v0.1.4.zip'
[17:31:24] [Worker-Main-7/WARN]: Unknown block 'biomesoplenty:maple_stairs' in 'matchBlocks' element 'biomesoplenty:maple_stairs:half=bottom' at index 57 in file 'minecraft:optifine/ctm/dead_planks_ctm_bottom.properties' in pack 'file/BOPPBR-FULL-RE1-v0.1.4.zip'
[17:31:24] [Worker-Main-7/WARN]: Unknown block 'biomesoplenty:maple_slab' in 'matchBlocks' element 'biomesoplenty:maple_slab:type=bottom' at index 58 in file 'minecraft:optifine/ctm/dead_planks_ctm_bottom.properties' in pack 'file/BOPPBR-FULL-RE1-v0.1.4.zip'
[17:31:24] [Worker-Main-7/WARN]: Unknown block 'biomesoplenty:maple_slab' in 'matchBlocks' element 'biomesoplenty:maple_slab:type=double' at index 59 in file 'minecraft:optifine/ctm/dead_planks_ctm_bottom.properties' in pack 'file/BOPPBR-FULL-RE1-v0.1.4.zip'
[17:31:24] [Worker-Main-7/WARN]: Unknown block 'biomesoplenty:redwood_planks' in 'matchBlocks' element 'biomesoplenty:redwood_planks' at index 60 in file 'minecraft:optifine/ctm/dead_planks_ctm_bottom.properties' in pack 'file/BOPPBR-FULL-RE1-v0.1.4.zip'
[17:31:24] [Worker-Main-7/WARN]: Unknown block 'biomesoplenty:redwood_stairs' in 'matchBlocks' element 'biomesoplenty:redwood_stairs:half=bottom' at index 61 in file 'minecraft:optifine/ctm/dead_planks_ctm_bottom.properties' in pack 'file/BOPPBR-FULL-RE1-v0.1.4.zip'
[17:31:24] [Worker-Main-7/WARN]: Unknown block 'biomesoplenty:redwood_slab' in 'matchBlocks' element 'biomesoplenty:redwood_slab:type=bottom' at index 62 in file 'minecraft:optifine/ctm/dead_planks_ctm_bottom.properties' in pack 'file/BOPPBR-FULL-RE1-v0.1.4.zip'
[17:31:24] [Worker-Main-7/WARN]: Unknown block 'biomesoplenty:redwood_slab' in 'matchBlocks' element 'biomesoplenty:redwood_slab:type=double' at index 63 in file 'minecraft:optifine/ctm/dead_planks_ctm_bottom.properties' in pack 'file/BOPPBR-FULL-RE1-v0.1.4.zip'
[17:31:24] [Worker-Main-7/WARN]: Unknown block 'biomesoplenty:mahogany_planks' in 'matchBlocks' element 'biomesoplenty:mahogany_planks' at index 64 in file 'minecraft:optifine/ctm/dead_planks_ctm_bottom.properties' in pack 'file/BOPPBR-FULL-RE1-v0.1.4.zip'
[17:31:24] [Worker-Main-7/WARN]: Unknown block 'biomesoplenty:mahogany_stairs' in 'matchBlocks' element 'biomesoplenty:mahogany_stairs:half=bottom' at index 65 in file 'minecraft:optifine/ctm/dead_planks_ctm_bottom.properties' in pack 'file/BOPPBR-FULL-RE1-v0.1.4.zip'
[17:31:24] [Worker-Main-7/WARN]: Unknown block 'biomesoplenty:mahogany_slab' in 'matchBlocks' element 'biomesoplenty:mahogany_slab:type=bottom' at index 66 in file 'minecraft:optifine/ctm/dead_planks_ctm_bottom.properties' in pack 'file/BOPPBR-FULL-RE1-v0.1.4.zip'
[17:31:24] [Worker-Main-7/WARN]: Unknown block 'biomesoplenty:mahogany_slab' in 'matchBlocks' element 'biomesoplenty:mahogany_slab:type=double' at index 67 in file 'minecraft:optifine/ctm/dead_planks_ctm_bottom.properties' in pack 'file/BOPPBR-FULL-RE1-v0.1.4.zip'
[17:31:24] [Worker-Main-7/WARN]: Unknown block 'biomesoplenty:jacaranda_planks' in 'matchBlocks' element 'biomesoplenty:jacaranda_planks' at index 68 in file 'minecraft:optifine/ctm/dead_planks_ctm_bottom.properties' in pack 'file/BOPPBR-FULL-RE1-v0.1.4.zip'
[17:31:24] [Worker-Main-7/WARN]: Unknown block 'biomesoplenty:jacaranda_stairs' in 'matchBlocks' element 'biomesoplenty:jacaranda_stairs:half=bottom' at index 69 in file 'minecraft:optifine/ctm/dead_planks_ctm_bottom.properties' in pack 'file/BOPPBR-FULL-RE1-v0.1.4.zip'
[17:31:24] [Worker-Main-7/WARN]: Unknown block 'biomesoplenty:jacaranda_slab' in 'matchBlocks' element 'biomesoplenty:jacaranda_slab:type=bottom' at index 70 in file 'minecraft:optifine/ctm/dead_planks_ctm_bottom.properties' in pack 'file/BOPPBR-FULL-RE1-v0.1.4.zip'
[17:31:24] [Worker-Main-7/WARN]: Unknown block 'biomesoplenty:jacaranda_slab' in 'matchBlocks' element 'biomesoplenty:jacaranda_slab:type=double' at index 71 in file 'minecraft:optifine/ctm/dead_planks_ctm_bottom.properties' in pack 'file/BOPPBR-FULL-RE1-v0.1.4.zip'
[17:31:24] [Worker-Main-7/WARN]: Unknown block 'biomesoplenty:palm_planks' in 'matchBlocks' element 'biomesoplenty:palm_planks' at index 72 in file 'minecraft:optifine/ctm/dead_planks_ctm_bottom.properties' in pack 'file/BOPPBR-FULL-RE1-v0.1.4.zip'
[17:31:24] [Worker-Main-7/WARN]: Unknown block 'biomesoplenty:palm_stairs' in 'matchBlocks' element 'biomesoplenty:palm_stairs:half=bottom' at index 73 in file 'minecraft:optifine/ctm/dead_planks_ctm_bottom.properties' in pack 'file/BOPPBR-FULL-RE1-v0.1.4.zip'
[17:31:24] [Worker-Main-7/WARN]: Unknown block 'biomesoplenty:palm_slab' in 'matchBlocks' element 'biomesoplenty:palm_slab:type=bottom' at index 74 in file 'minecraft:optifine/ctm/dead_planks_ctm_bottom.properties' in pack 'file/BOPPBR-FULL-RE1-v0.1.4.zip'
[17:31:24] [Worker-Main-7/WARN]: Unknown block 'biomesoplenty:palm_slab' in 'matchBlocks' element 'biomesoplenty:palm_slab:type=double' at index 75 in file 'minecraft:optifine/ctm/dead_planks_ctm_bottom.properties' in pack 'file/BOPPBR-FULL-RE1-v0.1.4.zip'
[17:31:24] [Worker-Main-7/WARN]: Unknown block 'biomesoplenty:willow_planks' in 'matchBlocks' element 'biomesoplenty:willow_planks' at index 76 in file 'minecraft:optifine/ctm/dead_planks_ctm_bottom.properties' in pack 'file/BOPPBR-FULL-RE1-v0.1.4.zip'
[17:31:24] [Worker-Main-7/WARN]: Unknown block 'biomesoplenty:willow_stairs' in 'matchBlocks' element 'biomesoplenty:willow_stairs:half=bottom' at index 77 in file 'minecraft:optifine/ctm/dead_planks_ctm_bottom.properties' in pack 'file/BOPPBR-FULL-RE1-v0.1.4.zip'
[17:31:24] [Worker-Main-7/WARN]: Unknown block 'biomesoplenty:willow_slab' in 'matchBlocks' element 'biomesoplenty:willow_slab:type=bottom' at index 78 in file 'minecraft:optifine/ctm/dead_planks_ctm_bottom.properties' in pack 'file/BOPPBR-FULL-RE1-v0.1.4.zip'
[17:31:24] [Worker-Main-7/WARN]: Unknown block 'biomesoplenty:willow_slab' in 'matchBlocks' element 'biomesoplenty:willow_slab:type=double' at index 79 in file 'minecraft:optifine/ctm/dead_planks_ctm_bottom.properties' in pack 'file/BOPPBR-FULL-RE1-v0.1.4.zip'
[17:31:24] [Worker-Main-7/WARN]: Unknown block 'biomesoplenty:magic_planks' in 'matchBlocks' element 'biomesoplenty:magic_planks' at index 80 in file 'minecraft:optifine/ctm/dead_planks_ctm_bottom.properties' in pack 'file/BOPPBR-FULL-RE1-v0.1.4.zip'
[17:31:24] [Worker-Main-7/WARN]: Unknown block 'biomesoplenty:magic_stairs' in 'matchBlocks' element 'biomesoplenty:magic_stairs:half=bottom' at index 81 in file 'minecraft:optifine/ctm/dead_planks_ctm_bottom.properties' in pack 'file/BOPPBR-FULL-RE1-v0.1.4.zip'
[17:31:24] [Worker-Main-7/WARN]: Unknown block 'biomesoplenty:magic_slab' in 'matchBlocks' element 'biomesoplenty:magic_slab:type=bottom' at index 82 in file 'minecraft:optifine/ctm/dead_planks_ctm_bottom.properties' in pack 'file/BOPPBR-FULL-RE1-v0.1.4.zip'
[17:31:24] [Worker-Main-7/WARN]: Unknown block 'biomesoplenty:magic_slab' in 'matchBlocks' element 'biomesoplenty:magic_slab:type=double' at index 83 in file 'minecraft:optifine/ctm/dead_planks_ctm_bottom.properties' in pack 'file/BOPPBR-FULL-RE1-v0.1.4.zip'
[17:31:24] [Worker-Main-7/WARN]: Unknown block 'biomesoplenty:umbran_planks' in 'matchBlocks' element 'biomesoplenty:umbran_planks' at index 84 in file 'minecraft:optifine/ctm/dead_planks_ctm_bottom.properties' in pack 'file/BOPPBR-FULL-RE1-v0.1.4.zip'
[17:31:24] [Worker-Main-7/WARN]: Unknown block 'biomesoplenty:umbran_stairs' in 'matchBlocks' element 'biomesoplenty:umbran_stairs:half=bottom' at index 85 in file 'minecraft:optifine/ctm/dead_planks_ctm_bottom.properties' in pack 'file/BOPPBR-FULL-RE1-v0.1.4.zip'
[17:31:24] [Worker-Main-7/WARN]: Unknown block 'biomesoplenty:umbran_slab' in 'matchBlocks' element 'biomesoplenty:umbran_slab:type=bottom' at index 86 in file 'minecraft:optifine/ctm/dead_planks_ctm_bottom.properties' in pack 'file/BOPPBR-FULL-RE1-v0.1.4.zip'
[17:31:24] [Worker-Main-7/WARN]: Unknown block 'biomesoplenty:umbran_slab' in 'matchBlocks' element 'biomesoplenty:umbran_slab:type=double' at index 87 in file 'minecraft:optifine/ctm/dead_planks_ctm_bottom.properties' in pack 'file/BOPPBR-FULL-RE1-v0.1.4.zip'
[17:31:24] [Worker-Main-7/WARN]: Unknown block 'biomesoplenty:hellbark_planks' in 'matchBlocks' element 'biomesoplenty:hellbark_planks' at index 88 in file 'minecraft:optifine/ctm/dead_planks_ctm_bottom.properties' in pack 'file/BOPPBR-FULL-RE1-v0.1.4.zip'
[17:31:24] [Worker-Main-7/WARN]: Unknown block 'biomesoplenty:hellbark_stairs' in 'matchBlocks' element 'biomesoplenty:hellbark_stairs:half=bottom' at index 89 in file 'minecraft:optifine/ctm/dead_planks_ctm_bottom.properties' in pack 'file/BOPPBR-FULL-RE1-v0.1.4.zip'
[17:31:24] [Worker-Main-7/WARN]: Unknown block 'biomesoplenty:hellbark_slab' in 'matchBlocks' element 'biomesoplenty:hellbark_slab:type=bottom' at index 90 in file 'minecraft:optifine/ctm/dead_planks_ctm_bottom.properties' in pack 'file/BOPPBR-FULL-RE1-v0.1.4.zip'
[17:31:24] [Worker-Main-7/WARN]: Unknown block 'biomesoplenty:hellbark_slab' in 'matchBlocks' element 'biomesoplenty:hellbark_slab:type=double' at index 91 in file 'minecraft:optifine/ctm/dead_planks_ctm_bottom.properties' in pack 'file/BOPPBR-FULL-RE1-v0.1.4.zip'
[17:31:24] [Worker-Main-7/WARN]: Unknown block 'biomesoplenty:empyreal_planks' in 'matchBlocks' element 'biomesoplenty:empyreal_planks' at index 92 in file 'minecraft:optifine/ctm/dead_planks_ctm_bottom.properties' in pack 'file/BOPPBR-FULL-RE1-v0.1.4.zip'
[17:31:24] [Worker-Main-7/WARN]: Unknown block 'biomesoplenty:empyreal_stairs' in 'matchBlocks' element 'biomesoplenty:empyreal_stairs:half=bottom' at index 93 in file 'minecraft:optifine/ctm/dead_planks_ctm_bottom.properties' in pack 'file/BOPPBR-FULL-RE1-v0.1.4.zip'
[17:31:24] [Worker-Main-7/WARN]: Unknown block 'biomesoplenty:empyreal_slab' in 'matchBlocks' element 'biomesoplenty:empyreal_slab:type=bottom' at index 94 in file 'minecraft:optifine/ctm/dead_planks_ctm_bottom.properties' in pack 'file/BOPPBR-FULL-RE1-v0.1.4.zip'
[17:31:24] [Worker-Main-7/WARN]: Unknown block 'biomesoplenty:empyreal_slab' in 'matchBlocks' element 'biomesoplenty:empyreal_slab:type=double' at index 95 in file 'minecraft:optifine/ctm/dead_planks_ctm_bottom.properties' in pack 'file/BOPPBR-FULL-RE1-v0.1.4.zip'
[17:31:24] [Worker-Main-7/WARN]: Unknown block 'biomesoplenty:dead_planks' in 'connectBlocks' element 'biomesoplenty:dead_planks' at index 0 in file 'minecraft:optifine/ctm/dead_planks_ctm_bottom.properties' in pack 'file/BOPPBR-FULL-RE1-v0.1.4.zip'
[17:31:24] [Worker-Main-7/WARN]: Unknown block 'biomesoplenty:origin_oak_planks' in 'matchBlocks' element 'biomesoplenty:origin_oak_planks' at index 22 in file 'minecraft:optifine/ctm/dead_planks_ctm_sides.properties' in pack 'file/BOPPBR-FULL-RE1-v0.1.4.zip'
[17:31:24] [Worker-Main-7/WARN]: Unknown block 'biomesoplenty:origin_oak_slab' in 'matchBlocks' element 'biomesoplenty:origin_oak_slab:type=double' at index 23 in file 'minecraft:optifine/ctm/dead_planks_ctm_sides.properties' in pack 'file/BOPPBR-FULL-RE1-v0.1.4.zip'
[17:31:24] [Worker-Main-7/WARN]: Unknown block 'biomesoplenty:fir_planks' in 'matchBlocks' element 'biomesoplenty:fir_planks' at index 24 in file 'minecraft:optifine/ctm/dead_planks_ctm_sides.properties' in pack 'file/BOPPBR-FULL-RE1-v0.1.4.zip'
[17:31:24] [Worker-Main-7/WARN]: Unknown block 'biomesoplenty:fir_slab' in 'matchBlocks' element 'biomesoplenty:fir_slab:type=double' at index 25 in file 'minecraft:optifine/ctm/dead_planks_ctm_sides.properties' in pack 'file/BOPPBR-FULL-RE1-v0.1.4.zip'
[17:31:24] [Worker-Main-7/WARN]: Unknown block 'biomesoplenty:pine_planks' in 'matchBlocks' element 'biomesoplenty:pine_planks' at index 26 in file 'minecraft:optifine/ctm/dead_planks_ctm_sides.properties' in pack 'file/BOPPBR-FULL-RE1-v0.1.4.zip'
[17:31:24] [Worker-Main-7/WARN]: Unknown block 'biomesoplenty:pine_slab' in 'matchBlocks' element 'biomesoplenty:pine_slab:type=double' at index 27 in file 'minecraft:optifine/ctm/dead_planks_ctm_sides.properties' in pack 'file/BOPPBR-FULL-RE1-v0.1.4.zip'
[17:31:24] [Worker-Main-7/WARN]: Unknown block 'biomesoplenty:maple_planks' in 'matchBlocks' element 'biomesoplenty:maple_planks' at index 28 in file 'minecraft:optifine/ctm/dead_planks_ctm_sides.properties' in pack 'file/BOPPBR-FULL-RE1-v0.1.4.zip'
[17:31:24] [Worker-Main-7/WARN]: Unknown block 'biomesoplenty:maple_slab' in 'matchBlocks' element 'biomesoplenty:maple_slab:type=double' at index 29 in file 'minecraft:optifine/ctm/dead_planks_ctm_sides.properties' in pack 'file/BOPPBR-FULL-RE1-v0.1.4.zip'
[17:31:24] [Worker-Main-7/WARN]: Unknown block 'biomesoplenty:redwood_planks' in 'matchBlocks' element 'biomesoplenty:redwood_planks' at index 30 in file 'minecraft:optifine/ctm/dead_planks_ctm_sides.properties' in pack 'file/BOPPBR-FULL-RE1-v0.1.4.zip'
[17:31:24] [Worker-Main-7/WARN]: Unknown block 'biomesoplenty:redwood_slab' in 'matchBlocks' element 'biomesoplenty:redwood_slab:type=double' at index 31 in file 'minecraft:optifine/ctm/dead_planks_ctm_sides.properties' in pack 'file/BOPPBR-FULL-RE1-v0.1.4.zip'
[17:31:24] [Worker-Main-7/WARN]: Unknown block 'biomesoplenty:mahogany_planks' in 'matchBlocks' element 'biomesoplenty:mahogany_planks' at index 32 in file 'minecraft:optifine/ctm/dead_planks_ctm_sides.properties' in pack 'file/BOPPBR-FULL-RE1-v0.1.4.zip'
[17:31:24] [Worker-Main-7/WARN]: Unknown block 'biomesoplenty:mahogany_slab' in 'matchBlocks' element 'biomesoplenty:mahogany_slab:type=double' at index 33 in file 'minecraft:optifine/ctm/dead_planks_ctm_sides.properties' in pack 'file/BOPPBR-FULL-RE1-v0.1.4.zip'
[17:31:24] [Worker-Main-7/WARN]: Unknown block 'biomesoplenty:jacaranda_planks' in 'matchBlocks' element 'biomesoplenty:jacaranda_planks' at index 34 in file 'minecraft:optifine/ctm/dead_planks_ctm_sides.properties' in pack 'file/BOPPBR-FULL-RE1-v0.1.4.zip'
[17:31:24] [Worker-Main-7/WARN]: Unknown block 'biomesoplenty:jacaranda_slab' in 'matchBlocks' element 'biomesoplenty:jacaranda_slab:type=double' at index 35 in file 'minecraft:optifine/ctm/dead_planks_ctm_sides.properties' in pack 'file/BOPPBR-FULL-RE1-v0.1.4.zip'
[17:31:24] [Worker-Main-7/WARN]: Unknown block 'biomesoplenty:palm_planks' in 'matchBlocks' element 'biomesoplenty:palm_planks' at index 36 in file 'minecraft:optifine/ctm/dead_planks_ctm_sides.properties' in pack 'file/BOPPBR-FULL-RE1-v0.1.4.zip'
[17:31:24] [Worker-Main-7/WARN]: Unknown block 'biomesoplenty:palm_slab' in 'matchBlocks' element 'biomesoplenty:palm_slab:type=double' at index 37 in file 'minecraft:optifine/ctm/dead_planks_ctm_sides.properties' in pack 'file/BOPPBR-FULL-RE1-v0.1.4.zip'
[17:31:24] [Worker-Main-7/WARN]: Unknown block 'biomesoplenty:willow_planks' in 'matchBlocks' element 'biomesoplenty:willow_planks' at index 38 in file 'minecraft:optifine/ctm/dead_planks_ctm_sides.properties' in pack 'file/BOPPBR-FULL-RE1-v0.1.4.zip'
[17:31:24] [Worker-Main-7/WARN]: Unknown block 'biomesoplenty:willow_slab' in 'matchBlocks' element 'biomesoplenty:willow_slab:type=double' at index 39 in file 'minecraft:optifine/ctm/dead_planks_ctm_sides.properties' in pack 'file/BOPPBR-FULL-RE1-v0.1.4.zip'
[17:31:24] [Worker-Main-7/WARN]: Unknown block 'biomesoplenty:dead_planks' in 'matchBlocks' element 'biomesoplenty:dead_planks' at index 40 in file 'minecraft:optifine/ctm/dead_planks_ctm_sides.properties' in pack 'file/BOPPBR-FULL-RE1-v0.1.4.zip'
[17:31:24] [Worker-Main-7/WARN]: Unknown block 'biomesoplenty:magic_slab' in 'matchBlocks' element 'biomesoplenty:magic_slab:type=double' at index 41 in file 'minecraft:optifine/ctm/dead_planks_ctm_sides.properties' in pack 'file/BOPPBR-FULL-RE1-v0.1.4.zip'
[17:31:24] [Worker-Main-7/WARN]: Unknown block 'biomesoplenty:umbran_planks' in 'matchBlocks' element 'biomesoplenty:umbran_planks' at index 42 in file 'minecraft:optifine/ctm/dead_planks_ctm_sides.properties' in pack 'file/BOPPBR-FULL-RE1-v0.1.4.zip'
[17:31:24] [Worker-Main-7/WARN]: Unknown block 'biomesoplenty:umbran_slab' in 'matchBlocks' element 'biomesoplenty:umbran_slab:type=double' at index 43 in file 'minecraft:optifine/ctm/dead_planks_ctm_sides.properties' in pack 'file/BOPPBR-FULL-RE1-v0.1.4.zip'
[17:31:24] [Worker-Main-7/WARN]: Unknown block 'biomesoplenty:hellbark_planks' in 'matchBlocks' element 'biomesoplenty:hellbark_planks' at index 44 in file 'minecraft:optifine/ctm/dead_planks_ctm_sides.properties' in pack 'file/BOPPBR-FULL-RE1-v0.1.4.zip'
[17:31:24] [Worker-Main-7/WARN]: Unknown block 'biomesoplenty:hellbark_slab' in 'matchBlocks' element 'biomesoplenty:hellbark_slab:type=double' at index 45 in file 'minecraft:optifine/ctm/dead_planks_ctm_sides.properties' in pack 'file/BOPPBR-FULL-RE1-v0.1.4.zip'
[17:31:24] [Worker-Main-7/WARN]: Unknown block 'biomesoplenty:empyreal_planks' in 'matchBlocks' element 'biomesoplenty:empyreal_planks' at index 46 in file 'minecraft:optifine/ctm/dead_planks_ctm_sides.properties' in pack 'file/BOPPBR-FULL-RE1-v0.1.4.zip'
[17:31:24] [Worker-Main-7/WARN]: Unknown block 'biomesoplenty:empyreal_slab' in 'matchBlocks' element 'biomesoplenty:empyreal_slab:type=double' at index 47 in file 'minecraft:optifine/ctm/dead_planks_ctm_sides.properties' in pack 'file/BOPPBR-FULL-RE1-v0.1.4.zip'
[17:31:24] [Worker-Main-7/WARN]: Unknown block 'biomesoplenty:dead_planks' in 'connectBlocks' element 'biomesoplenty:dead_planks' at index 0 in file 'minecraft:optifine/ctm/dead_planks_ctm_sides.properties' in pack 'file/BOPPBR-FULL-RE1-v0.1.4.zip'
[17:31:24] [Worker-Main-7/WARN]: Unknown block 'biomesoplenty:origin_oak_planks' in 'matchBlocks' element 'biomesoplenty:origin_oak_planks' at index 44 in file 'minecraft:optifine/ctm/dead_planks_ctm_top.properties' in pack 'file/BOPPBR-FULL-RE1-v0.1.4.zip'
[17:31:24] [Worker-Main-7/WARN]: Unknown block 'biomesoplenty:origin_oak_stairs' in 'matchBlocks' element 'biomesoplenty:origin_oak_stairs:half=top' at index 45 in file 'minecraft:optifine/ctm/dead_planks_ctm_top.properties' in pack 'file/BOPPBR-FULL-RE1-v0.1.4.zip'
[17:31:24] [Worker-Main-7/WARN]: Unknown block 'biomesoplenty:origin_oak_slab' in 'matchBlocks' element 'biomesoplenty:origin_oak_slab:type=top' at index 46 in file 'minecraft:optifine/ctm/dead_planks_ctm_top.properties' in pack 'file/BOPPBR-FULL-RE1-v0.1.4.zip'
[17:31:24] [Worker-Main-7/WARN]: Unknown block 'biomesoplenty:origin_oak_slab' in 'matchBlocks' element 'biomesoplenty:origin_oak_slab:type=double' at index 47 in file 'minecraft:optifine/ctm/dead_planks_ctm_top.properties' in pack 'file/BOPPBR-FULL-RE1-v0.1.4.zip'
[17:31:24] [Worker-Main-7/WARN]: Unknown block 'biomesoplenty:fir_planks' in 'matchBlocks' element 'biomesoplenty:fir_planks' at index 48 in file 'minecraft:optifine/ctm/dead_planks_ctm_top.properties' in pack 'file/BOPPBR-FULL-RE1-v0.1.4.zip'
[17:31:24] [Worker-Main-7/WARN]: Unknown block 'biomesoplenty:fir_stairs' in 'matchBlocks' element 'biomesoplenty:fir_stairs:half=top' at index 49 in file 'minecraft:optifine/ctm/dead_planks_ctm_top.properties' in pack 'file/BOPPBR-FULL-RE1-v0.1.4.zip'
[17:31:24] [Worker-Main-7/WARN]: Unknown block 'biomesoplenty:fir_slab' in 'matchBlocks' element 'biomesoplenty:fir_slab:type=top' at index 50 in file 'minecraft:optifine/ctm/dead_planks_ctm_top.properties' in pack 'file/BOPPBR-FULL-RE1-v0.1.4.zip'
[17:31:24] [Worker-Main-7/WARN]: Unknown block 'biomesoplenty:fir_slab' in 'matchBlocks' element 'biomesoplenty:fir_slab:type=double' at index 51 in file 'minecraft:optifine/ctm/dead_planks_ctm_top.properties' in pack 'file/BOPPBR-FULL-RE1-v0.1.4.zip'
[17:31:24] [Worker-Main-7/WARN]: Unknown block 'biomesoplenty:pine_planks' in 'matchBlocks' element 'biomesoplenty:pine_planks' at index 52 in file 'minecraft:optifine/ctm/dead_planks_ctm_top.properties' in pack 'file/BOPPBR-FULL-RE1-v0.1.4.zip'
[17:31:24] [Worker-Main-7/WARN]: Unknown block 'biomesoplenty:pine_stairs' in 'matchBlocks' element 'biomesoplenty:pine_stairs:half=top' at index 53 in file 'minecraft:optifine/ctm/dead_planks_ctm_top.properties' in pack 'file/BOPPBR-FULL-RE1-v0.1.4.zip'
[17:31:24] [Worker-Main-7/WARN]: Unknown block 'biomesoplenty:pine_slab' in 'matchBlocks' element 'biomesoplenty:pine_slab:type=top' at index 54 in file 'minecraft:optifine/ctm/dead_planks_ctm_top.properties' in pack 'file/BOPPBR-FULL-RE1-v0.1.4.zip'
[17:31:24] [Worker-Main-7/WARN]: Unknown block 'biomesoplenty:pine_slab' in 'matchBlocks' element 'biomesoplenty:pine_slab:type=double' at index 55 in file 'minecraft:optifine/ctm/dead_planks_ctm_top.properties' in pack 'file/BOPPBR-FULL-RE1-v0.1.4.zip'
[17:31:24] [Worker-Main-7/WARN]: Unknown block 'biomesoplenty:maple_planks' in 'matchBlocks' element 'biomesoplenty:maple_planks' at index 56 in file 'minecraft:optifine/ctm/dead_planks_ctm_top.properties' in pack 'file/BOPPBR-FULL-RE1-v0.1.4.zip'
[17:31:24] [Worker-Main-7/WARN]: Unknown block 'biomesoplenty:maple_stairs' in 'matchBlocks' element 'biomesoplenty:maple_stairs:half=top' at index 57 in file 'minecraft:optifine/ctm/dead_planks_ctm_top.properties' in pack 'file/BOPPBR-FULL-RE1-v0.1.4.zip'
[17:31:24] [Worker-Main-7/WARN]: Unknown block 'biomesoplenty:maple_slab' in 'matchBlocks' element 'biomesoplenty:maple_slab:type=top' at index 58 in file 'minecraft:optifine/ctm/dead_planks_ctm_top.properties' in pack 'file/BOPPBR-FULL-RE1-v0.1.4.zip'
[17:31:24] [Worker-Main-7/WARN]: Unknown block 'biomesoplenty:maple_slab' in 'matchBlocks' element 'biomesoplenty:maple_slab:type=double' at index 59 in file 'minecraft:optifine/ctm/dead_planks_ctm_top.properties' in pack 'file/BOPPBR-FULL-RE1-v0.1.4.zip'
[17:31:24] [Worker-Main-7/WARN]: Unknown block 'biomesoplenty:redwood_planks' in 'matchBlocks' element 'biomesoplenty:redwood_planks' at index 60 in file 'minecraft:optifine/ctm/dead_planks_ctm_top.properties' in pack 'file/BOPPBR-FULL-RE1-v0.1.4.zip'
[17:31:24] [Worker-Main-7/WARN]: Unknown block 'biomesoplenty:redwood_stairs' in 'matchBlocks' element 'biomesoplenty:redwood_stairs:half=top' at index 61 in file 'minecraft:optifine/ctm/dead_planks_ctm_top.properties' in pack 'file/BOPPBR-FULL-RE1-v0.1.4.zip'
[17:31:24] [Worker-Main-7/WARN]: Unknown block 'biomesoplenty:redwood_slab' in 'matchBlocks' element 'biomesoplenty:redwood_slab:type=top' at index 62 in file 'minecraft:optifine/ctm/dead_planks_ctm_top.properties' in pack 'file/BOPPBR-FULL-RE1-v0.1.4.zip'
[17:31:24] [Worker-Main-7/WARN]: Unknown block 'biomesoplenty:redwood_slab' in 'matchBlocks' element 'biomesoplenty:redwood_slab:type=double' at index 63 in file 'minecraft:optifine/ctm/dead_planks_ctm_top.properties' in pack 'file/BOPPBR-FULL-RE1-v0.1.4.zip'
[17:31:24] [Worker-Main-7/WARN]: Unknown block 'biomesoplenty:mahogany_planks' in 'matchBlocks' element 'biomesoplenty:mahogany_planks' at index 64 in file 'minecraft:optifine/ctm/dead_planks_ctm_top.properties' in pack 'file/BOPPBR-FULL-RE1-v0.1.4.zip'
[17:31:24] [Worker-Main-7/WARN]: Unknown block 'biomesoplenty:mahogany_stairs' in 'matchBlocks' element 'biomesoplenty:mahogany_stairs:half=top' at index 65 in file 'minecraft:optifine/ctm/dead_planks_ctm_top.properties' in pack 'file/BOPPBR-FULL-RE1-v0.1.4.zip'
[17:31:24] [Worker-Main-7/WARN]: Unknown block 'biomesoplenty:mahogany_slab' in 'matchBlocks' element 'biomesoplenty:mahogany_slab:type=top' at index 66 in file 'minecraft:optifine/ctm/dead_planks_ctm_top.properties' in pack 'file/BOPPBR-FULL-RE1-v0.1.4.zip'
[17:31:24] [Worker-Main-7/WARN]: Unknown block 'biomesoplenty:mahogany_slab' in 'matchBlocks' element 'biomesoplenty:mahogany_slab:type=double' at index 67 in file 'minecraft:optifine/ctm/dead_planks_ctm_top.properties' in pack 'file/BOPPBR-FULL-RE1-v0.1.4.zip'
[17:31:24] [Worker-Main-7/WARN]: Unknown block 'biomesoplenty:jacaranda_planks' in 'matchBlocks' element 'biomesoplenty:jacaranda_planks' at index 68 in file 'minecraft:optifine/ctm/dead_planks_ctm_top.properties' in pack 'file/BOPPBR-FULL-RE1-v0.1.4.zip'
[17:31:24] [Worker-Main-7/WARN]: Unknown block 'biomesoplenty:jacaranda_stairs' in 'matchBlocks' element 'biomesoplenty:jacaranda_stairs:half=top' at index 69 in file 'minecraft:optifine/ctm/dead_planks_ctm_top.properties' in pack 'file/BOPPBR-FULL-RE1-v0.1.4.zip'
[17:31:24] [Worker-Main-7/WARN]: Unknown block 'biomesoplenty:jacaranda_slab' in 'matchBlocks' element 'biomesoplenty:jacaranda_slab:type=top' at index 70 in file 'minecraft:optifine/ctm/dead_planks_ctm_top.properties' in pack 'file/BOPPBR-FULL-RE1-v0.1.4.zip'
[17:31:24] [Worker-Main-7/WARN]: Unknown block 'biomesoplenty:jacaranda_slab' in 'matchBlocks' element 'biomesoplenty:jacaranda_slab:type=double' at index 71 in file 'minecraft:optifine/ctm/dead_planks_ctm_top.properties' in pack 'file/BOPPBR-FULL-RE1-v0.1.4.zip'
[17:31:24] [Worker-Main-7/WARN]: Unknown block 'biomesoplenty:palm_planks' in 'matchBlocks' element 'biomesoplenty:palm_planks' at index 72 in file 'minecraft:optifine/ctm/dead_planks_ctm_top.properties' in pack 'file/BOPPBR-FULL-RE1-v0.1.4.zip'
[17:31:24] [Worker-Main-7/WARN]: Unknown block 'biomesoplenty:palm_stairs' in 'matchBlocks' element 'biomesoplenty:palm_stairs:half=top' at index 73 in file 'minecraft:optifine/ctm/dead_planks_ctm_top.properties' in pack 'file/BOPPBR-FULL-RE1-v0.1.4.zip'
[17:31:24] [Worker-Main-7/WARN]: Unknown block 'biomesoplenty:palm_slab' in 'matchBlocks' element 'biomesoplenty:palm_slab:type=top' at index 74 in file 'minecraft:optifine/ctm/dead_planks_ctm_top.properties' in pack 'file/BOPPBR-FULL-RE1-v0.1.4.zip'
[17:31:24] [Worker-Main-7/WARN]: Unknown block 'biomesoplenty:palm_slab' in 'matchBlocks' element 'biomesoplenty:palm_slab:type=double' at index 75 in file 'minecraft:optifine/ctm/dead_planks_ctm_top.properties' in pack 'file/BOPPBR-FULL-RE1-v0.1.4.zip'
[17:31:24] [Worker-Main-7/WARN]: Unknown block 'biomesoplenty:willow_planks' in 'matchBlocks' element 'biomesoplenty:willow_planks' at index 76 in file 'minecraft:optifine/ctm/dead_planks_ctm_top.properties' in pack 'file/BOPPBR-FULL-RE1-v0.1.4.zip'
[17:31:24] [Worker-Main-7/WARN]: Unknown block 'biomesoplenty:willow_stairs' in 'matchBlocks' element 'biomesoplenty:willow_stairs:half=top' at index 77 in file 'minecraft:optifine/ctm/dead_planks_ctm_top.properties' in pack 'file/BOPPBR-FULL-RE1-v0.1.4.zip'
[17:31:24] [Worker-Main-7/WARN]: Unknown block 'biomesoplenty:willow_slab' in 'matchBlocks' element 'biomesoplenty:willow_slab:type=top' at index 78 in file 'minecraft:optifine/ctm/dead_planks_ctm_top.properties' in pack 'file/BOPPBR-FULL-RE1-v0.1.4.zip'
[17:31:24] [Worker-Main-7/WARN]: Unknown block 'biomesoplenty:willow_slab' in 'matchBlocks' element 'biomesoplenty:willow_slab:type=double' at index 79 in file 'minecraft:optifine/ctm/dead_planks_ctm_top.properties' in pack 'file/BOPPBR-FULL-RE1-v0.1.4.zip'
[17:31:24] [Worker-Main-7/WARN]: Unknown block 'biomesoplenty:magic_planks' in 'matchBlocks' element 'biomesoplenty:magic_planks' at index 80 in file 'minecraft:optifine/ctm/dead_planks_ctm_top.properties' in pack 'file/BOPPBR-FULL-RE1-v0.1.4.zip'
[17:31:24] [Worker-Main-7/WARN]: Unknown block 'biomesoplenty:magic_stairs' in 'matchBlocks' element 'biomesoplenty:magic_stairs:half=top' at index 81 in file 'minecraft:optifine/ctm/dead_planks_ctm_top.properties' in pack 'file/BOPPBR-FULL-RE1-v0.1.4.zip'
[17:31:24] [Worker-Main-7/WARN]: Unknown block 'biomesoplenty:magic_slab' in 'matchBlocks' element 'biomesoplenty:magic_slab:type=top' at index 82 in file 'minecraft:optifine/ctm/dead_planks_ctm_top.properties' in pack 'file/BOPPBR-FULL-RE1-v0.1.4.zip'
[17:31:24] [Worker-Main-7/WARN]: Unknown block 'biomesoplenty:magic_slab' in 'matchBlocks' element 'biomesoplenty:magic_slab:type=double' at index 83 in file 'minecraft:optifine/ctm/dead_planks_ctm_top.properties' in pack 'file/BOPPBR-FULL-RE1-v0.1.4.zip'
[17:31:24] [Worker-Main-7/WARN]: Unknown block 'biomesoplenty:umbran_planks' in 'matchBlocks' element 'biomesoplenty:umbran_planks' at index 84 in file 'minecraft:optifine/ctm/dead_planks_ctm_top.properties' in pack 'file/BOPPBR-FULL-RE1-v0.1.4.zip'
[17:31:24] [Worker-Main-7/WARN]: Unknown block 'biomesoplenty:umbran_stairs' in 'matchBlocks' element 'biomesoplenty:umbran_stairs:half=top' at index 85 in file 'minecraft:optifine/ctm/dead_planks_ctm_top.properties' in pack 'file/BOPPBR-FULL-RE1-v0.1.4.zip'
[17:31:24] [Worker-Main-7/WARN]: Unknown block 'biomesoplenty:umbran_slab' in 'matchBlocks' element 'biomesoplenty:umbran_slab:type=top' at index 86 in file 'minecraft:optifine/ctm/dead_planks_ctm_top.properties' in pack 'file/BOPPBR-FULL-RE1-v0.1.4.zip'
[17:31:24] [Worker-Main-7/WARN]: Unknown block 'biomesoplenty:umbran_slab' in 'matchBlocks' element 'biomesoplenty:umbran_slab:type=double' at index 87 in file 'minecraft:optifine/ctm/dead_planks_ctm_top.properties' in pack 'file/BOPPBR-FULL-RE1-v0.1.4.zip'
[17:31:24] [Worker-Main-7/WARN]: Unknown block 'biomesoplenty:hellbark_planks' in 'matchBlocks' element 'biomesoplenty:hellbark_planks' at index 88 in file 'minecraft:optifine/ctm/dead_planks_ctm_top.properties' in pack 'file/BOPPBR-FULL-RE1-v0.1.4.zip'
[17:31:24] [Worker-Main-7/WARN]: Unknown block 'biomesoplenty:hellbark_stairs' in 'matchBlocks' element 'biomesoplenty:hellbark_stairs:half=top' at index 89 in file 'minecraft:optifine/ctm/dead_planks_ctm_top.properties' in pack 'file/BOPPBR-FULL-RE1-v0.1.4.zip'
[17:31:24] [Worker-Main-7/WARN]: Unknown block 'biomesoplenty:hellbark_slab' in 'matchBlocks' element 'biomesoplenty:hellbark_slab:type=top' at index 90 in file 'minecraft:optifine/ctm/dead_planks_ctm_top.properties' in pack 'file/BOPPBR-FULL-RE1-v0.1.4.zip'
[17:31:24] [Worker-Main-7/WARN]: Unknown block 'biomesoplenty:hellbark_slab' in 'matchBlocks' element 'biomesoplenty:hellbark_slab:type=double' at index 91 in file 'minecraft:optifine/ctm/dead_planks_ctm_top.properties' in pack 'file/BOPPBR-FULL-RE1-v0.1.4.zip'
[17:31:24] [Worker-Main-7/WARN]: Unknown block 'biomesoplenty:empyreal_planks' in 'matchBlocks' element 'biomesoplenty:empyreal_planks' at index 92 in file 'minecraft:optifine/ctm/dead_planks_ctm_top.properties' in pack 'file/BOPPBR-FULL-RE1-v0.1.4.zip'
[17:31:24] [Worker-Main-7/WARN]: Unknown block 'biomesoplenty:empyreal_stairs' in 'matchBlocks' element 'biomesoplenty:empyreal_stairs:half=top' at index 93 in file 'minecraft:optifine/ctm/dead_planks_ctm_top.properties' in pack 'file/BOPPBR-FULL-RE1-v0.1.4.zip'
[17:31:24] [Worker-Main-7/WARN]: Unknown block 'biomesoplenty:empyreal_slab' in 'matchBlocks' element 'biomesoplenty:empyreal_slab:type=top' at index 94 in file 'minecraft:optifine/ctm/dead_planks_ctm_top.properties' in pack 'file/BOPPBR-FULL-RE1-v0.1.4.zip'
[17:31:24] [Worker-Main-7/WARN]: Unknown block 'biomesoplenty:empyreal_slab' in 'matchBlocks' element 'biomesoplenty:empyreal_slab:type=double' at index 95 in file 'minecraft:optifine/ctm/dead_planks_ctm_top.properties' in pack 'file/BOPPBR-FULL-RE1-v0.1.4.zip'
[17:31:24] [Worker-Main-7/WARN]: Unknown block 'biomesoplenty:dead_planks' in 'connectBlocks' element 'biomesoplenty:dead_planks' at index 0 in file 'minecraft:optifine/ctm/dead_planks_ctm_top.properties' in pack 'file/BOPPBR-FULL-RE1-v0.1.4.zip'
[17:31:24] [Worker-Main-7/WARN]: Unknown block 'biomesoplenty:empyreal_planks' in 'connectBlocks' element 'biomesoplenty:empyreal_planks' at index 0 in file 'minecraft:optifine/ctm/empyreal_planks_ctm.properties' in pack 'file/BOPPBR-FULL-RE1-v0.1.4.zip'
[17:31:24] [Worker-Main-7/WARN]: Unknown block 'biomesoplenty:origin_oak_planks' in 'matchBlocks' element 'biomesoplenty:origin_oak_planks' at index 44 in file 'minecraft:optifine/ctm/empyreal_planks_ctm_bottom.properties' in pack 'file/BOPPBR-FULL-RE1-v0.1.4.zip'
[17:31:24] [Worker-Main-7/WARN]: Unknown block 'biomesoplenty:origin_oak_stairs' in 'matchBlocks' element 'biomesoplenty:origin_oak_stairs:half=bottom' at index 45 in file 'minecraft:optifine/ctm/empyreal_planks_ctm_bottom.properties' in pack 'file/BOPPBR-FULL-RE1-v0.1.4.zip'
[17:31:24] [Worker-Main-7/WARN]: Unknown block 'biomesoplenty:origin_oak_slab' in 'matchBlocks' element 'biomesoplenty:origin_oak_slab:type=bottom' at index 46 in file 'minecraft:optifine/ctm/empyreal_planks_ctm_bottom.properties' in pack 'file/BOPPBR-FULL-RE1-v0.1.4.zip'
[17:31:24] [Worker-Main-7/WARN]: Unknown block 'biomesoplenty:origin_oak_slab' in 'matchBlocks' element 'biomesoplenty:origin_oak_slab:type=double' at index 47 in file 'minecraft:optifine/ctm/empyreal_planks_ctm_bottom.properties' in pack 'file/BOPPBR-FULL-RE1-v0.1.4.zip'
[17:31:24] [Worker-Main-7/WARN]: Unknown block 'biomesoplenty:fir_planks' in 'matchBlocks' element 'biomesoplenty:fir_planks' at index 48 in file 'minecraft:optifine/ctm/empyreal_planks_ctm_bottom.properties' in pack 'file/BOPPBR-FULL-RE1-v0.1.4.zip'
[17:31:24] [Worker-Main-7/WARN]: Unknown block 'biomesoplenty:fir_stairs' in 'matchBlocks' element 'biomesoplenty:fir_stairs:half=bottom' at index 49 in file 'minecraft:optifine/ctm/empyreal_planks_ctm_bottom.properties' in pack 'file/BOPPBR-FULL-RE1-v0.1.4.zip'
[17:31:24] [Worker-Main-7/WARN]: Unknown block 'biomesoplenty:fir_slab' in 'matchBlocks' element 'biomesoplenty:fir_slab:type=bottom' at index 50 in file 'minecraft:optifine/ctm/empyreal_planks_ctm_bottom.properties' in pack 'file/BOPPBR-FULL-RE1-v0.1.4.zip'
[17:31:24] [Worker-Main-7/WARN]: Unknown block 'biomesoplenty:fir_slab' in 'matchBlocks' element 'biomesoplenty:fir_slab:type=double' at index 51 in file 'minecraft:optifine/ctm/empyreal_planks_ctm_bottom.properties' in pack 'file/BOPPBR-FULL-RE1-v0.1.4.zip'
[17:31:24] [Worker-Main-7/WARN]: Unknown block 'biomesoplenty:pine_planks' in 'matchBlocks' element 'biomesoplenty:pine_planks' at index 52 in file 'minecraft:optifine/ctm/empyreal_planks_ctm_bottom.properties' in pack 'file/BOPPBR-FULL-RE1-v0.1.4.zip'
[17:31:24] [Worker-Main-7/WARN]: Unknown block 'biomesoplenty:pine_stairs' in 'matchBlocks' element 'biomesoplenty:pine_stairs:half=bottom' at index 53 in file 'minecraft:optifine/ctm/empyreal_planks_ctm_bottom.properties' in pack 'file/BOPPBR-FULL-RE1-v0.1.4.zip'
[17:31:24] [Worker-Main-7/WARN]: Unknown block 'biomesoplenty:pine_slab' in 'matchBlocks' element 'biomesoplenty:pine_slab:type=bottom' at index 54 in file 'minecraft:optifine/ctm/empyreal_planks_ctm_bottom.properties' in pack 'file/BOPPBR-FULL-RE1-v0.1.4.zip'
[17:31:24] [Worker-Main-7/WARN]: Unknown block 'biomesoplenty:pine_slab' in 'matchBlocks' element 'biomesoplenty:pine_slab:type=double' at index 55 in file 'minecraft:optifine/ctm/empyreal_planks_ctm_bottom.properties' in pack 'file/BOPPBR-FULL-RE1-v0.1.4.zip'
[17:31:24] [Worker-Main-7/WARN]: Unknown block 'biomesoplenty:maple_planks' in 'matchBlocks' element 'biomesoplenty:maple_planks' at index 56 in file 'minecraft:optifine/ctm/empyreal_planks_ctm_bottom.properties' in pack 'file/BOPPBR-FULL-RE1-v0.1.4.zip'
[17:31:24] [Worker-Main-7/WARN]: Unknown block 'biomesoplenty:maple_stairs' in 'matchBlocks' element 'biomesoplenty:maple_stairs:half=bottom' at index 57 in file 'minecraft:optifine/ctm/empyreal_planks_ctm_bottom.properties' in pack 'file/BOPPBR-FULL-RE1-v0.1.4.zip'
[17:31:24] [Worker-Main-7/WARN]: Unknown block 'biomesoplenty:maple_slab' in 'matchBlocks' element 'biomesoplenty:maple_slab:type=bottom' at index 58 in file 'minecraft:optifine/ctm/empyreal_planks_ctm_bottom.properties' in pack 'file/BOPPBR-FULL-RE1-v0.1.4.zip'
[17:31:24] [Worker-Main-7/WARN]: Unknown block 'biomesoplenty:maple_slab' in 'matchBlocks' element 'biomesoplenty:maple_slab:type=double' at index 59 in file 'minecraft:optifine/ctm/empyreal_planks_ctm_bottom.properties' in pack 'file/BOPPBR-FULL-RE1-v0.1.4.zip'
[17:31:24] [Worker-Main-7/WARN]: Unknown block 'biomesoplenty:redwood_planks' in 'matchBlocks' element 'biomesoplenty:redwood_planks' at index 60 in file 'minecraft:optifine/ctm/empyreal_planks_ctm_bottom.properties' in pack 'file/BOPPBR-FULL-RE1-v0.1.4.zip'
[17:31:24] [Worker-Main-7/WARN]: Unknown block 'biomesoplenty:redwood_stairs' in 'matchBlocks' element 'biomesoplenty:redwood_stairs:half=bottom' at index 61 in file 'minecraft:optifine/ctm/empyreal_planks_ctm_bottom.properties' in pack 'file/BOPPBR-FULL-RE1-v0.1.4.zip'
[17:31:24] [Worker-Main-7/WARN]: Unknown block 'biomesoplenty:redwood_slab' in 'matchBlocks' element 'biomesoplenty:redwood_slab:type=bottom' at index 62 in file 'minecraft:optifine/ctm/empyreal_planks_ctm_bottom.properties' in pack 'file/BOPPBR-FULL-RE1-v0.1.4.zip'
[17:31:24] [Worker-Main-7/WARN]: Unknown block 'biomesoplenty:redwood_slab' in 'matchBlocks' element 'biomesoplenty:redwood_slab:type=double' at index 63 in file 'minecraft:optifine/ctm/empyreal_planks_ctm_bottom.properties' in pack 'file/BOPPBR-FULL-RE1-v0.1.4.zip'
[17:31:24] [Worker-Main-7/WARN]: Unknown block 'biomesoplenty:mahogany_planks' in 'matchBlocks' element 'biomesoplenty:mahogany_planks' at index 64 in file 'minecraft:optifine/ctm/empyreal_planks_ctm_bottom.properties' in pack 'file/BOPPBR-FULL-RE1-v0.1.4.zip'
[17:31:24] [Worker-Main-7/WARN]: Unknown block 'biomesoplenty:mahogany_stairs' in 'matchBlocks' element 'biomesoplenty:mahogany_stairs:half=bottom' at index 65 in file 'minecraft:optifine/ctm/empyreal_planks_ctm_bottom.properties' in pack 'file/BOPPBR-FULL-RE1-v0.1.4.zip'
[17:31:24] [Worker-Main-7/WARN]: Unknown block 'biomesoplenty:mahogany_slab' in 'matchBlocks' element 'biomesoplenty:mahogany_slab:type=bottom' at index 66 in file 'minecraft:optifine/ctm/empyreal_planks_ctm_bottom.properties' in pack 'file/BOPPBR-FULL-RE1-v0.1.4.zip'
[17:31:24] [Worker-Main-7/WARN]: Unknown block 'biomesoplenty:mahogany_slab' in 'matchBlocks' element 'biomesoplenty:mahogany_slab:type=double' at index 67 in file 'minecraft:optifine/ctm/empyreal_planks_ctm_bottom.properties' in pack 'file/BOPPBR-FULL-RE1-v0.1.4.zip'
[17:31:24] [Worker-Main-7/WARN]: Unknown block 'biomesoplenty:jacaranda_planks' in 'matchBlocks' element 'biomesoplenty:jacaranda_planks' at index 68 in file 'minecraft:optifine/ctm/empyreal_planks_ctm_bottom.properties' in pack 'file/BOPPBR-FULL-RE1-v0.1.4.zip'
[17:31:24] [Worker-Main-7/WARN]: Unknown block 'biomesoplenty:jacaranda_stairs' in 'matchBlocks' element 'biomesoplenty:jacaranda_stairs:half=bottom' at index 69 in file 'minecraft:optifine/ctm/empyreal_planks_ctm_bottom.properties' in pack 'file/BOPPBR-FULL-RE1-v0.1.4.zip'
[17:31:24] [Worker-Main-7/WARN]: Unknown block 'biomesoplenty:jacaranda_slab' in 'matchBlocks' element 'biomesoplenty:jacaranda_slab:type=bottom' at index 70 in file 'minecraft:optifine/ctm/empyreal_planks_ctm_bottom.properties' in pack 'file/BOPPBR-FULL-RE1-v0.1.4.zip'
[17:31:24] [Worker-Main-7/WARN]: Unknown block 'biomesoplenty:jacaranda_slab' in 'matchBlocks' element 'biomesoplenty:jacaranda_slab:type=double' at index 71 in file 'minecraft:optifine/ctm/empyreal_planks_ctm_bottom.properties' in pack 'file/BOPPBR-FULL-RE1-v0.1.4.zip'
[17:31:24] [Worker-Main-7/WARN]: Unknown block 'biomesoplenty:palm_planks' in 'matchBlocks' element 'biomesoplenty:palm_planks' at index 72 in file 'minecraft:optifine/ctm/empyreal_planks_ctm_bottom.properties' in pack 'file/BOPPBR-FULL-RE1-v0.1.4.zip'
[17:31:24] [Worker-Main-7/WARN]: Unknown block 'biomesoplenty:palm_stairs' in 'matchBlocks' element 'biomesoplenty:palm_stairs:half=bottom' at index 73 in file 'minecraft:optifine/ctm/empyreal_planks_ctm_bottom.properties' in pack 'file/BOPPBR-FULL-RE1-v0.1.4.zip'
[17:31:24] [Worker-Main-7/WARN]: Unknown block 'biomesoplenty:palm_slab' in 'matchBlocks' element 'biomesoplenty:palm_slab:type=bottom' at index 74 in file 'minecraft:optifine/ctm/empyreal_planks_ctm_bottom.properties' in pack 'file/BOPPBR-FULL-RE1-v0.1.4.zip'
[17:31:24] [Worker-Main-7/WARN]: Unknown block 'biomesoplenty:palm_slab' in 'matchBlocks' element 'biomesoplenty:palm_slab:type=double' at index 75 in file 'minecraft:optifine/ctm/empyreal_planks_ctm_bottom.properties' in pack 'file/BOPPBR-FULL-RE1-v0.1.4.zip'
[17:31:24] [Worker-Main-7/WARN]: Unknown block 'biomesoplenty:willow_planks' in 'matchBlocks' element 'biomesoplenty:willow_planks' at index 76 in file 'minecraft:optifine/ctm/empyreal_planks_ctm_bottom.properties' in pack 'file/BOPPBR-FULL-RE1-v0.1.4.zip'
[17:31:24] [Worker-Main-7/WARN]: Unknown block 'biomesoplenty:willow_stairs' in 'matchBlocks' element 'biomesoplenty:willow_stairs:half=bottom' at index 77 in file 'minecraft:optifine/ctm/empyreal_planks_ctm_bottom.properties' in pack 'file/BOPPBR-FULL-RE1-v0.1.4.zip'
[17:31:24] [Worker-Main-7/WARN]: Unknown block 'biomesoplenty:willow_slab' in 'matchBlocks' element 'biomesoplenty:willow_slab:type=bottom' at index 78 in file 'minecraft:optifine/ctm/empyreal_planks_ctm_bottom.properties' in pack 'file/BOPPBR-FULL-RE1-v0.1.4.zip'
[17:31:24] [Worker-Main-7/WARN]: Unknown block 'biomesoplenty:willow_slab' in 'matchBlocks' element 'biomesoplenty:willow_slab:type=double' at index 79 in file 'minecraft:optifine/ctm/empyreal_planks_ctm_bottom.properties' in pack 'file/BOPPBR-FULL-RE1-v0.1.4.zip'
[17:31:24] [Worker-Main-7/WARN]: Unknown block 'biomesoplenty:dead_planks' in 'matchBlocks' element 'biomesoplenty:dead_planks' at index 80 in file 'minecraft:optifine/ctm/empyreal_planks_ctm_bottom.properties' in pack 'file/BOPPBR-FULL-RE1-v0.1.4.zip'
[17:31:24] [Worker-Main-7/WARN]: Unknown block 'biomesoplenty:dead_stairs' in 'matchBlocks' element 'biomesoplenty:dead_stairs:half=bottom' at index 81 in file 'minecraft:optifine/ctm/empyreal_planks_ctm_bottom.properties' in pack 'file/BOPPBR-FULL-RE1-v0.1.4.zip'
[17:31:24] [Worker-Main-7/WARN]: Unknown block 'biomesoplenty:dead_slab' in 'matchBlocks' element 'biomesoplenty:dead_slab:type=bottom' at index 82 in file 'minecraft:optifine/ctm/empyreal_planks_ctm_bottom.properties' in pack 'file/BOPPBR-FULL-RE1-v0.1.4.zip'
[17:31:24] [Worker-Main-7/WARN]: Unknown block 'biomesoplenty:dead_slab' in 'matchBlocks' element 'biomesoplenty:dead_slab:type=double' at index 83 in file 'minecraft:optifine/ctm/empyreal_planks_ctm_bottom.properties' in pack 'file/BOPPBR-FULL-RE1-v0.1.4.zip'
[17:31:24] [Worker-Main-7/WARN]: Unknown block 'biomesoplenty:magic_planks' in 'matchBlocks' element 'biomesoplenty:magic_planks' at index 84 in file 'minecraft:optifine/ctm/empyreal_planks_ctm_bottom.properties' in pack 'file/BOPPBR-FULL-RE1-v0.1.4.zip'
[17:31:24] [Worker-Main-7/WARN]: Unknown block 'biomesoplenty:magic_stairs' in 'matchBlocks' element 'biomesoplenty:magic_stairs:half=bottom' at index 85 in file 'minecraft:optifine/ctm/empyreal_planks_ctm_bottom.properties' in pack 'file/BOPPBR-FULL-RE1-v0.1.4.zip'
[17:31:24] [Worker-Main-7/WARN]: Unknown block 'biomesoplenty:magic_slab' in 'matchBlocks' element 'biomesoplenty:magic_slab:type=bottom' at index 86 in file 'minecraft:optifine/ctm/empyreal_planks_ctm_bottom.properties' in pack 'file/BOPPBR-FULL-RE1-v0.1.4.zip'
[17:31:24] [Worker-Main-7/WARN]: Unknown block 'biomesoplenty:magic_slab' in 'matchBlocks' element 'biomesoplenty:magic_slab:type=double' at index 87 in file 'minecraft:optifine/ctm/empyreal_planks_ctm_bottom.properties' in pack 'file/BOPPBR-FULL-RE1-v0.1.4.zip'
[17:31:24] [Worker-Main-7/WARN]: Unknown block 'biomesoplenty:umbran_planks' in 'matchBlocks' element 'biomesoplenty:umbran_planks' at index 88 in file 'minecraft:optifine/ctm/empyreal_planks_ctm_bottom.properties' in pack 'file/BOPPBR-FULL-RE1-v0.1.4.zip'
[17:31:24] [Worker-Main-7/WARN]: Unknown block 'biomesoplenty:umbran_stairs' in 'matchBlocks' element 'biomesoplenty:umbran_stairs:half=bottom' at index 89 in file 'minecraft:optifine/ctm/empyreal_planks_ctm_bottom.properties' in pack 'file/BOPPBR-FULL-RE1-v0.1.4.zip'
[17:31:24] [Worker-Main-7/WARN]: Unknown block 'biomesoplenty:umbran_slab' in 'matchBlocks' element 'biomesoplenty:umbran_slab:type=bottom' at index 90 in file 'minecraft:optifine/ctm/empyreal_planks_ctm_bottom.properties' in pack 'file/BOPPBR-FULL-RE1-v0.1.4.zip'
[17:31:24] [Worker-Main-7/WARN]: Unknown block 'biomesoplenty:umbran_slab' in 'matchBlocks' element 'biomesoplenty:umbran_slab:type=double' at index 91 in file 'minecraft:optifine/ctm/empyreal_planks_ctm_bottom.properties' in pack 'file/BOPPBR-FULL-RE1-v0.1.4.zip'
[17:31:24] [Worker-Main-7/WARN]: Unknown block 'biomesoplenty:hellbark_planks' in 'matchBlocks' element 'biomesoplenty:hellbark_planks' at index 92 in file 'minecraft:optifine/ctm/empyreal_planks_ctm_bottom.properties' in pack 'file/BOPPBR-FULL-RE1-v0.1.4.zip'
[17:31:24] [Worker-Main-7/WARN]: Unknown block 'biomesoplenty:hellbark_stairs' in 'matchBlocks' element 'biomesoplenty:hellbark_stairs:half=bottom' at index 93 in file 'minecraft:optifine/ctm/empyreal_planks_ctm_bottom.properties' in pack 'file/BOPPBR-FULL-RE1-v0.1.4.zip'
[17:31:24] [Worker-Main-7/WARN]: Unknown block 'biomesoplenty:hellbark_slab' in 'matchBlocks' element 'biomesoplenty:hellbark_slab:type=bottom' at index 94 in file 'minecraft:optifine/ctm/empyreal_planks_ctm_bottom.properties' in pack 'file/BOPPBR-FULL-RE1-v0.1.4.zip'
[17:31:24] [Worker-Main-7/WARN]: Unknown block 'biomesoplenty:hellbark_slab' in 'matchBlocks' element 'biomesoplenty:hellbark_slab:type=double' at index 95 in file 'minecraft:optifine/ctm/empyreal_planks_ctm_bottom.properties' in pack 'file/BOPPBR-FULL-RE1-v0.1.4.zip'
[17:31:24] [Worker-Main-7/WARN]: Unknown block 'biomesoplenty:empyreal_planks' in 'connectBlocks' element 'biomesoplenty:empyreal_planks' at index 0 in file 'minecraft:optifine/ctm/empyreal_planks_ctm_bottom.properties' in pack 'file/BOPPBR-FULL-RE1-v0.1.4.zip'
[17:31:24] [Worker-Main-7/WARN]: Unknown block 'biomesoplenty:origin_oak_planks' in 'matchBlocks' element 'biomesoplenty:origin_oak_planks' at index 22 in file 'minecraft:optifine/ctm/empyreal_planks_ctm_sides.properties' in pack 'file/BOPPBR-FULL-RE1-v0.1.4.zip'
[17:31:24] [Worker-Main-7/WARN]: Unknown block 'biomesoplenty:origin_oak_slab' in 'matchBlocks' element 'biomesoplenty:origin_oak_slab:type=double' at index 23 in file 'minecraft:optifine/ctm/empyreal_planks_ctm_sides.properties' in pack 'file/BOPPBR-FULL-RE1-v0.1.4.zip'
[17:31:24] [Worker-Main-7/WARN]: Unknown block 'biomesoplenty:fir_planks' in 'matchBlocks' element 'biomesoplenty:fir_planks' at index 24 in file 'minecraft:optifine/ctm/empyreal_planks_ctm_sides.properties' in pack 'file/BOPPBR-FULL-RE1-v0.1.4.zip'
[17:31:24] [Worker-Main-7/WARN]: Unknown block 'biomesoplenty:fir_slab' in 'matchBlocks' element 'biomesoplenty:fir_slab:type=double' at index 25 in file 'minecraft:optifine/ctm/empyreal_planks_ctm_sides.properties' in pack 'file/BOPPBR-FULL-RE1-v0.1.4.zip'
[17:31:24] [Worker-Main-7/WARN]: Unknown block 'biomesoplenty:pine_planks' in 'matchBlocks' element 'biomesoplenty:pine_planks' at index 26 in file 'minecraft:optifine/ctm/empyreal_planks_ctm_sides.properties' in pack 'file/BOPPBR-FULL-RE1-v0.1.4.zip'
[17:31:24] [Worker-Main-7/WARN]: Unknown block 'biomesoplenty:pine_slab' in 'matchBlocks' element 'biomesoplenty:pine_slab:type=double' at index 27 in file 'minecraft:optifine/ctm/empyreal_planks_ctm_sides.properties' in pack 'file/BOPPBR-FULL-RE1-v0.1.4.zip'
[17:31:24] [Worker-Main-7/WARN]: Unknown block 'biomesoplenty:maple_planks' in 'matchBlocks' element 'biomesoplenty:maple_planks' at index 28 in file 'minecraft:optifine/ctm/empyreal_planks_ctm_sides.properties' in pack 'file/BOPPBR-FULL-RE1-v0.1.4.zip'
[17:31:24] [Worker-Main-7/WARN]: Unknown block 'biomesoplenty:maple_slab' in 'matchBlocks' element 'biomesoplenty:maple_slab:type=double' at index 29 in file 'minecraft:optifine/ctm/empyreal_planks_ctm_sides.properties' in pack 'file/BOPPBR-FULL-RE1-v0.1.4.zip'
[17:31:24] [Worker-Main-7/WARN]: Unknown block 'biomesoplenty:redwood_planks' in 'matchBlocks' element 'biomesoplenty:redwood_planks' at index 30 in file 'minecraft:optifine/ctm/empyreal_planks_ctm_sides.properties' in pack 'file/BOPPBR-FULL-RE1-v0.1.4.zip'
[17:31:24] [Worker-Main-7/WARN]: Unknown block 'biomesoplenty:redwood_slab' in 'matchBlocks' element 'biomesoplenty:redwood_slab:type=double' at index 31 in file 'minecraft:optifine/ctm/empyreal_planks_ctm_sides.properties' in pack 'file/BOPPBR-FULL-RE1-v0.1.4.zip'
[17:31:24] [Worker-Main-7/WARN]: Unknown block 'biomesoplenty:mahogany_planks' in 'matchBlocks' element 'biomesoplenty:mahogany_planks' at index 32 in file 'minecraft:optifine/ctm/empyreal_planks_ctm_sides.properties' in pack 'file/BOPPBR-FULL-RE1-v0.1.4.zip'
[17:31:24] [Worker-Main-7/WARN]: Unknown block 'biomesoplenty:mahogany_slab' in 'matchBlocks' element 'biomesoplenty:mahogany_slab:type=double' at index 33 in file 'minecraft:optifine/ctm/empyreal_planks_ctm_sides.properties' in pack 'file/BOPPBR-FULL-RE1-v0.1.4.zip'
[17:31:24] [Worker-Main-7/WARN]: Unknown block 'biomesoplenty:jacaranda_planks' in 'matchBlocks' element 'biomesoplenty:jacaranda_planks' at index 34 in file 'minecraft:optifine/ctm/empyreal_planks_ctm_sides.properties' in pack 'file/BOPPBR-FULL-RE1-v0.1.4.zip'
[17:31:24] [Worker-Main-7/WARN]: Unknown block 'biomesoplenty:jacaranda_slab' in 'matchBlocks' element 'biomesoplenty:jacaranda_slab:type=double' at index 35 in file 'minecraft:optifine/ctm/empyreal_planks_ctm_sides.properties' in pack 'file/BOPPBR-FULL-RE1-v0.1.4.zip'
[17:31:24] [Worker-Main-7/WARN]: Unknown block 'biomesoplenty:palm_planks' in 'matchBlocks' element 'biomesoplenty:palm_planks' at index 36 in file 'minecraft:optifine/ctm/empyreal_planks_ctm_sides.properties' in pack 'file/BOPPBR-FULL-RE1-v0.1.4.zip'
[17:31:24] [Worker-Main-7/WARN]: Unknown block 'biomesoplenty:palm_slab' in 'matchBlocks' element 'biomesoplenty:palm_slab:type=double' at index 37 in file 'minecraft:optifine/ctm/empyreal_planks_ctm_sides.properties' in pack 'file/BOPPBR-FULL-RE1-v0.1.4.zip'
[17:31:24] [Worker-Main-7/WARN]: Unknown block 'biomesoplenty:willow_planks' in 'matchBlocks' element 'biomesoplenty:willow_planks' at index 38 in file 'minecraft:optifine/ctm/empyreal_planks_ctm_sides.properties' in pack 'file/BOPPBR-FULL-RE1-v0.1.4.zip'
[17:31:24] [Worker-Main-7/WARN]: Unknown block 'biomesoplenty:willow_slab' in 'matchBlocks' element 'biomesoplenty:willow_slab:type=double' at index 39 in file 'minecraft:optifine/ctm/empyreal_planks_ctm_sides.properties' in pack 'file/BOPPBR-FULL-RE1-v0.1.4.zip'
[17:31:24] [Worker-Main-7/WARN]: Unknown block 'biomesoplenty:dead_planks' in 'matchBlocks' element 'biomesoplenty:dead_planks' at index 40 in file 'minecraft:optifine/ctm/empyreal_planks_ctm_sides.properties' in pack 'file/BOPPBR-FULL-RE1-v0.1.4.zip'
[17:31:24] [Worker-Main-7/WARN]: Unknown block 'biomesoplenty:dead_slab' in 'matchBlocks' element 'biomesoplenty:dead_slab:type=double' at index 41 in file 'minecraft:optifine/ctm/empyreal_planks_ctm_sides.properties' in pack 'file/BOPPBR-FULL-RE1-v0.1.4.zip'
[17:31:24] [Worker-Main-7/WARN]: Unknown block 'biomesoplenty:magic_planks' in 'matchBlocks' element 'biomesoplenty:magic_planks' at index 42 in file 'minecraft:optifine/ctm/empyreal_planks_ctm_sides.properties' in pack 'file/BOPPBR-FULL-RE1-v0.1.4.zip'
[17:31:24] [Worker-Main-7/WARN]: Unknown block 'biomesoplenty:magic_slab' in 'matchBlocks' element 'biomesoplenty:magic_slab:type=double' at index 43 in file 'minecraft:optifine/ctm/empyreal_planks_ctm_sides.properties' in pack 'file/BOPPBR-FULL-RE1-v0.1.4.zip'
[17:31:24] [Worker-Main-7/WARN]: Unknown block 'biomesoplenty:umbran_planks' in 'matchBlocks' element 'biomesoplenty:umbran_planks' at index 44 in file 'minecraft:optifine/ctm/empyreal_planks_ctm_sides.properties' in pack 'file/BOPPBR-FULL-RE1-v0.1.4.zip'
[17:31:24] [Worker-Main-7/WARN]: Unknown block 'biomesoplenty:umbran_slab' in 'matchBlocks' element 'biomesoplenty:umbran_slab:type=double' at index 45 in file 'minecraft:optifine/ctm/empyreal_planks_ctm_sides.properties' in pack 'file/BOPPBR-FULL-RE1-v0.1.4.zip'
[17:31:24] [Worker-Main-7/WARN]: Unknown block 'biomesoplenty:hellbark_planks' in 'matchBlocks' element 'biomesoplenty:hellbark_planks' at index 46 in file 'minecraft:optifine/ctm/empyreal_planks_ctm_sides.properties' in pack 'file/BOPPBR-FULL-RE1-v0.1.4.zip'
[17:31:24] [Worker-Main-7/WARN]: Unknown block 'biomesoplenty:hellbark_slab' in 'matchBlocks' element 'biomesoplenty:hellbark_slab:type=double' at index 47 in file 'minecraft:optifine/ctm/empyreal_planks_ctm_sides.properties' in pack 'file/BOPPBR-FULL-RE1-v0.1.4.zip'
[17:31:24] [Worker-Main-7/WARN]: Unknown block 'biomesoplenty:empyreal_planks' in 'connectBlocks' element 'biomesoplenty:empyreal_planks' at index 0 in file 'minecraft:optifine/ctm/empyreal_planks_ctm_sides.properties' in pack 'file/BOPPBR-FULL-RE1-v0.1.4.zip'
[17:31:24] [Worker-Main-7/WARN]: Unknown block 'biomesoplenty:origin_oak_planks' in 'matchBlocks' element 'biomesoplenty:origin_oak_planks' at index 44 in file 'minecraft:optifine/ctm/empyreal_planks_ctm_top.properties' in pack 'file/BOPPBR-FULL-RE1-v0.1.4.zip'
[17:31:24] [Worker-Main-7/WARN]: Unknown block 'biomesoplenty:origin_oak_stairs' in 'matchBlocks' element 'biomesoplenty:origin_oak_stairs:half=top' at index 45 in file 'minecraft:optifine/ctm/empyreal_planks_ctm_top.properties' in pack 'file/BOPPBR-FULL-RE1-v0.1.4.zip'
[17:31:24] [Worker-Main-7/WARN]: Unknown block 'biomesoplenty:origin_oak_slab' in 'matchBlocks' element 'biomesoplenty:origin_oak_slab:type=top' at index 46 in file 'minecraft:optifine/ctm/empyreal_planks_ctm_top.properties' in pack 'file/BOPPBR-FULL-RE1-v0.1.4.zip'
[17:31:24] [Worker-Main-7/WARN]: Unknown block 'biomesoplenty:origin_oak_slab' in 'matchBlocks' element 'biomesoplenty:origin_oak_slab:type=double' at index 47 in file 'minecraft:optifine/ctm/empyreal_planks_ctm_top.properties' in pack 'file/BOPPBR-FULL-RE1-v0.1.4.zip'
[17:31:24] [Worker-Main-7/WARN]: Unknown block 'biomesoplenty:fir_planks' in 'matchBlocks' element 'biomesoplenty:fir_planks' at index 48 in file 'minecraft:optifine/ctm/empyreal_planks_ctm_top.properties' in pack 'file/BOPPBR-FULL-RE1-v0.1.4.zip'
[17:31:24] [Worker-Main-7/WARN]: Unknown block 'biomesoplenty:fir_stairs' in 'matchBlocks' element 'biomesoplenty:fir_stairs:half=top' at index 49 in file 'minecraft:optifine/ctm/empyreal_planks_ctm_top.properties' in pack 'file/BOPPBR-FULL-RE1-v0.1.4.zip'
[17:31:24] [Worker-Main-7/WARN]: Unknown block 'biomesoplenty:fir_slab' in 'matchBlocks' element 'biomesoplenty:fir_slab:type=top' at index 50 in file 'minecraft:optifine/ctm/empyreal_planks_ctm_top.properties' in pack 'file/BOPPBR-FULL-RE1-v0.1.4.zip'
[17:31:24] [Worker-Main-7/WARN]: Unknown block 'biomesoplenty:fir_slab' in 'matchBlocks' element 'biomesoplenty:fir_slab:type=double' at index 51 in file 'minecraft:optifine/ctm/empyreal_planks_ctm_top.properties' in pack 'file/BOPPBR-FULL-RE1-v0.1.4.zip'
[17:31:24] [Worker-Main-7/WARN]: Unknown block 'biomesoplenty:pine_planks' in 'matchBlocks' element 'biomesoplenty:pine_planks' at index 52 in file 'minecraft:optifine/ctm/empyreal_planks_ctm_top.properties' in pack 'file/BOPPBR-FULL-RE1-v0.1.4.zip'
[17:31:24] [Worker-Main-7/WARN]: Unknown block 'biomesoplenty:pine_stairs' in 'matchBlocks' element 'biomesoplenty:pine_stairs:half=top' at index 53 in file 'minecraft:optifine/ctm/empyreal_planks_ctm_top.properties' in pack 'file/BOPPBR-FULL-RE1-v0.1.4.zip'
[17:31:24] [Worker-Main-7/WARN]: Unknown block 'biomesoplenty:pine_slab' in 'matchBlocks' element 'biomesoplenty:pine_slab:type=top' at index 54 in file 'minecraft:optifine/ctm/empyreal_planks_ctm_top.properties' in pack 'file/BOPPBR-FULL-RE1-v0.1.4.zip'
[17:31:24] [Worker-Main-7/WARN]: Unknown block 'biomesoplenty:pine_slab' in 'matchBlocks' element 'biomesoplenty:pine_slab:type=double' at index 55 in file 'minecraft:optifine/ctm/empyreal_planks_ctm_top.properties' in pack 'file/BOPPBR-FULL-RE1-v0.1.4.zip'
[17:31:24] [Worker-Main-7/WARN]: Unknown block 'biomesoplenty:maple_planks' in 'matchBlocks' element 'biomesoplenty:maple_planks' at index 56 in file 'minecraft:optifine/ctm/empyreal_planks_ctm_top.properties' in pack 'file/BOPPBR-FULL-RE1-v0.1.4.zip'
[17:31:24] [Worker-Main-7/WARN]: Unknown block 'biomesoplenty:maple_stairs' in 'matchBlocks' element 'biomesoplenty:maple_stairs:half=top' at index 57 in file 'minecraft:optifine/ctm/empyreal_planks_ctm_top.properties' in pack 'file/BOPPBR-FULL-RE1-v0.1.4.zip'
[17:31:24] [Worker-Main-7/WARN]: Unknown block 'biomesoplenty:maple_slab' in 'matchBlocks' element 'biomesoplenty:maple_slab:type=top' at index 58 in file 'minecraft:optifine/ctm/empyreal_planks_ctm_top.properties' in pack 'file/BOPPBR-FULL-RE1-v0.1.4.zip'
[17:31:24] [Worker-Main-7/WARN]: Unknown block 'biomesoplenty:maple_slab' in 'matchBlocks' element 'biomesoplenty:maple_slab:type=double' at index 59 in file 'minecraft:optifine/ctm/empyreal_planks_ctm_top.properties' in pack 'file/BOPPBR-FULL-RE1-v0.1.4.zip'
[17:31:24] [Worker-Main-7/WARN]: Unknown block 'biomesoplenty:redwood_planks' in 'matchBlocks' element 'biomesoplenty:redwood_planks' at index 60 in file 'minecraft:optifine/ctm/empyreal_planks_ctm_top.properties' in pack 'file/BOPPBR-FULL-RE1-v0.1.4.zip'
[17:31:24] [Worker-Main-7/WARN]: Unknown block 'biomesoplenty:redwood_stairs' in 'matchBlocks' element 'biomesoplenty:redwood_stairs:half=top' at index 61 in file 'minecraft:optifine/ctm/empyreal_planks_ctm_top.properties' in pack 'file/BOPPBR-FULL-RE1-v0.1.4.zip'
[17:31:24] [Worker-Main-7/WARN]: Unknown block 'biomesoplenty:redwood_slab' in 'matchBlocks' element 'biomesoplenty:redwood_slab:type=top' at index 62 in file 'minecraft:optifine/ctm/empyreal_planks_ctm_top.properties' in pack 'file/BOPPBR-FULL-RE1-v0.1.4.zip'
[17:31:24] [Worker-Main-7/WARN]: Unknown block 'biomesoplenty:redwood_slab' in 'matchBlocks' element 'biomesoplenty:redwood_slab:type=double' at index 63 in file 'minecraft:optifine/ctm/empyreal_planks_ctm_top.properties' in pack 'file/BOPPBR-FULL-RE1-v0.1.4.zip'
[17:31:24] [Worker-Main-7/WARN]: Unknown block 'biomesoplenty:mahogany_planks' in 'matchBlocks' element 'biomesoplenty:mahogany_planks' at index 64 in file 'minecraft:optifine/ctm/empyreal_planks_ctm_top.properties' in pack 'file/BOPPBR-FULL-RE1-v0.1.4.zip'
[17:31:24] [Worker-Main-7/WARN]: Unknown block 'biomesoplenty:mahogany_stairs' in 'matchBlocks' element 'biomesoplenty:mahogany_stairs:half=top' at index 65 in file 'minecraft:optifine/ctm/empyreal_planks_ctm_top.properties' in pack 'file/BOPPBR-FULL-RE1-v0.1.4.zip'
[17:31:24] [Worker-Main-7/WARN]: Unknown block 'biomesoplenty:mahogany_slab' in 'matchBlocks' element 'biomesoplenty:mahogany_slab:type=top' at index 66 in file 'minecraft:optifine/ctm/empyreal_planks_ctm_top.properties' in pack 'file/BOPPBR-FULL-RE1-v0.1.4.zip'
[17:31:24] [Worker-Main-7/WARN]: Unknown block 'biomesoplenty:mahogany_slab' in 'matchBlocks' element 'biomesoplenty:mahogany_slab:type=double' at index 67 in file 'minecraft:optifine/ctm/empyreal_planks_ctm_top.properties' in pack 'file/BOPPBR-FULL-RE1-v0.1.4.zip'
[17:31:24] [Worker-Main-7/WARN]: Unknown block 'biomesoplenty:jacaranda_planks' in 'matchBlocks' element 'biomesoplenty:jacaranda_planks' at index 68 in file 'minecraft:optifine/ctm/empyreal_planks_ctm_top.properties' in pack 'file/BOPPBR-FULL-RE1-v0.1.4.zip'
[17:31:24] [Worker-Main-7/WARN]: Unknown block 'biomesoplenty:jacaranda_stairs' in 'matchBlocks' element 'biomesoplenty:jacaranda_stairs:half=top' at index 69 in file 'minecraft:optifine/ctm/empyreal_planks_ctm_top.properties' in pack 'file/BOPPBR-FULL-RE1-v0.1.4.zip'
[17:31:24] [Worker-Main-7/WARN]: Unknown block 'biomesoplenty:jacaranda_slab' in 'matchBlocks' element 'biomesoplenty:jacaranda_slab:type=top' at index 70 in file 'minecraft:optifine/ctm/empyreal_planks_ctm_top.properties' in pack 'file/BOPPBR-FULL-RE1-v0.1.4.zip'
[17:31:24] [Worker-Main-7/WARN]: Unknown block 'biomesoplenty:jacaranda_slab' in 'matchBlocks' element 'biomesoplenty:jacaranda_slab:type=double' at index 71 in file 'minecraft:optifine/ctm/empyreal_planks_ctm_top.properties' in pack 'file/BOPPBR-FULL-RE1-v0.1.4.zip'
[17:31:24] [Worker-Main-7/WARN]: Unknown block 'biomesoplenty:palm_planks' in 'matchBlocks' element 'biomesoplenty:palm_planks' at index 72 in file 'minecraft:optifine/ctm/empyreal_planks_ctm_top.properties' in pack 'file/BOPPBR-FULL-RE1-v0.1.4.zip'
[17:31:24] [Worker-Main-7/WARN]: Unknown block 'biomesoplenty:palm_stairs' in 'matchBlocks' element 'biomesoplenty:palm_stairs:half=top' at index 73 in file 'minecraft:optifine/ctm/empyreal_planks_ctm_top.properties' in pack 'file/BOPPBR-FULL-RE1-v0.1.4.zip'
[17:31:24] [Worker-Main-7/WARN]: Unknown block 'biomesoplenty:palm_slab' in 'matchBlocks' element 'biomesoplenty:palm_slab:type=top' at index 74 in file 'minecraft:optifine/ctm/empyreal_planks_ctm_top.properties' in pack 'file/BOPPBR-FULL-RE1-v0.1.4.zip'
[17:31:24] [Worker-Main-7/WARN]: Unknown block 'biomesoplenty:palm_slab' in 'matchBlocks' element 'biomesoplenty:palm_slab:type=double' at index 75 in file 'minecraft:optifine/ctm/empyreal_planks_ctm_top.properties' in pack 'file/BOPPBR-FULL-RE1-v0.1.4.zip'
[17:31:24] [Worker-Main-7/WARN]: Unknown block 'biomesoplenty:willow_planks' in 'matchBlocks' element 'biomesoplenty:willow_planks' at index 76 in file 'minecraft:optifine/ctm/empyreal_planks_ctm_top.properties' in pack 'file/BOPPBR-FULL-RE1-v0.1.4.zip'
[17:31:24] [Worker-Main-7/WARN]: Unknown block 'biomesoplenty:willow_stairs' in 'matchBlocks' element 'biomesoplenty:willow_stairs:half=top' at index 77 in file 'minecraft:optifine/ctm/empyreal_planks_ctm_top.properties' in pack 'file/BOPPBR-FULL-RE1-v0.1.4.zip'
[17:31:24] [Worker-Main-7/WARN]: Unknown block 'biomesoplenty:willow_slab' in 'matchBlocks' element 'biomesoplenty:willow_slab:type=top' at index 78 in file 'minecraft:optifine/ctm/empyreal_planks_ctm_top.properties' in pack 'file/BOPPBR-FULL-RE1-v0.1.4.zip'
[17:31:24] [Worker-Main-7/WARN]: Unknown block 'biomesoplenty:willow_slab' in 'matchBlocks' element 'biomesoplenty:willow_slab:type=double' at index 79 in file 'minecraft:optifine/ctm/empyreal_planks_ctm_top.properties' in pack 'file/BOPPBR-FULL-RE1-v0.1.4.zip'
[17:31:24] [Worker-Main-7/WARN]: Unknown block 'biomesoplenty:dead_planks' in 'matchBlocks' element 'biomesoplenty:dead_planks' at index 80 in file 'minecraft:optifine/ctm/empyreal_planks_ctm_top.properties' in pack 'file/BOPPBR-FULL-RE1-v0.1.4.zip'
[17:31:24] [Worker-Main-7/WARN]: Unknown block 'biomesoplenty:dead_stairs' in 'matchBlocks' element 'biomesoplenty:dead_stairs:half=top' at index 81 in file 'minecraft:optifine/ctm/empyreal_planks_ctm_top.properties' in pack 'file/BOPPBR-FULL-RE1-v0.1.4.zip'
[17:31:24] [Worker-Main-7/WARN]: Unknown block 'biomesoplenty:dead_slab' in 'matchBlocks' element 'biomesoplenty:dead_slab:type=top' at index 82 in file 'minecraft:optifine/ctm/empyreal_planks_ctm_top.properties' in pack 'file/BOPPBR-FULL-RE1-v0.1.4.zip'
[17:31:24] [Worker-Main-7/WARN]: Unknown block 'biomesoplenty:dead_slab' in 'matchBlocks' element 'biomesoplenty:dead_slab:type=double' at index 83 in file 'minecraft:optifine/ctm/empyreal_planks_ctm_top.properties' in pack 'file/BOPPBR-FULL-RE1-v0.1.4.zip'
[17:31:24] [Worker-Main-7/WARN]: Unknown block 'biomesoplenty:magic_planks' in 'matchBlocks' element 'biomesoplenty:magic_planks' at index 84 in file 'minecraft:optifine/ctm/empyreal_planks_ctm_top.properties' in pack 'file/BOPPBR-FULL-RE1-v0.1.4.zip'
[17:31:24] [Worker-Main-7/WARN]: Unknown block 'biomesoplenty:magic_stairs' in 'matchBlocks' element 'biomesoplenty:magic_stairs:half=top' at index 85 in file 'minecraft:optifine/ctm/empyreal_planks_ctm_top.properties' in pack 'file/BOPPBR-FULL-RE1-v0.1.4.zip'
[17:31:24] [Worker-Main-7/WARN]: Unknown block 'biomesoplenty:magic_slab' in 'matchBlocks' element 'biomesoplenty:magic_slab:type=top' at index 86 in file 'minecraft:optifine/ctm/empyreal_planks_ctm_top.properties' in pack 'file/BOPPBR-FULL-RE1-v0.1.4.zip'
[17:31:24] [Worker-Main-7/WARN]: Unknown block 'biomesoplenty:magic_slab' in 'matchBlocks' element 'biomesoplenty:magic_slab:type=double' at index 87 in file 'minecraft:optifine/ctm/empyreal_planks_ctm_top.properties' in pack 'file/BOPPBR-FULL-RE1-v0.1.4.zip'
[17:31:24] [Worker-Main-7/WARN]: Unknown block 'biomesoplenty:umbran_planks' in 'matchBlocks' element 'biomesoplenty:umbran_planks' at index 88 in file 'minecraft:optifine/ctm/empyreal_planks_ctm_top.properties' in pack 'file/BOPPBR-FULL-RE1-v0.1.4.zip'
[17:31:24] [Worker-Main-7/WARN]: Unknown block 'biomesoplenty:umbran_stairs' in 'matchBlocks' element 'biomesoplenty:umbran_stairs:half=top' at index 89 in file 'minecraft:optifine/ctm/empyreal_planks_ctm_top.properties' in pack 'file/BOPPBR-FULL-RE1-v0.1.4.zip'
[17:31:24] [Worker-Main-7/WARN]: Unknown block 'biomesoplenty:umbran_slab' in 'matchBlocks' element 'biomesoplenty:umbran_slab:type=top' at index 90 in file 'minecraft:optifine/ctm/empyreal_planks_ctm_top.properties' in pack 'file/BOPPBR-FULL-RE1-v0.1.4.zip'
[17:31:24] [Worker-Main-7/WARN]: Unknown block 'biomesoplenty:umbran_slab' in 'matchBlocks' element 'biomesoplenty:umbran_slab:type=double' at index 91 in file 'minecraft:optifine/ctm/empyreal_planks_ctm_top.properties' in pack 'file/BOPPBR-FULL-RE1-v0.1.4.zip'
[17:31:24] [Worker-Main-7/WARN]: Unknown block 'biomesoplenty:hellbark_planks' in 'matchBlocks' element 'biomesoplenty:hellbark_planks' at index 92 in file 'minecraft:optifine/ctm/empyreal_planks_ctm_top.properties' in pack 'file/BOPPBR-FULL-RE1-v0.1.4.zip'
[17:31:24] [Worker-Main-7/WARN]: Unknown block 'biomesoplenty:hellbark_stairs' in 'matchBlocks' element 'biomesoplenty:hellbark_stairs:half=top' at index 93 in file 'minecraft:optifine/ctm/empyreal_planks_ctm_top.properties' in pack 'file/BOPPBR-FULL-RE1-v0.1.4.zip'
[17:31:24] [Worker-Main-7/WARN]: Unknown block 'biomesoplenty:hellbark_slab' in 'matchBlocks' element 'biomesoplenty:hellbark_slab:type=top' at index 94 in file 'minecraft:optifine/ctm/empyreal_planks_ctm_top.properties' in pack 'file/BOPPBR-FULL-RE1-v0.1.4.zip'
[17:31:24] [Worker-Main-7/WARN]: Unknown block 'biomesoplenty:hellbark_slab' in 'matchBlocks' element 'biomesoplenty:hellbark_slab:type=double' at index 95 in file 'minecraft:optifine/ctm/empyreal_planks_ctm_top.properties' in pack 'file/BOPPBR-FULL-RE1-v0.1.4.zip'
[17:31:24] [Worker-Main-7/WARN]: Unknown block 'biomesoplenty:empyreal_planks' in 'connectBlocks' element 'biomesoplenty:empyreal_planks' at index 0 in file 'minecraft:optifine/ctm/empyreal_planks_ctm_top.properties' in pack 'file/BOPPBR-FULL-RE1-v0.1.4.zip'
[17:31:24] [Worker-Main-7/WARN]: Unknown block 'biomesoplenty:fir_planks' in 'connectBlocks' element 'biomesoplenty:fir_planks' at index 0 in file 'minecraft:optifine/ctm/fir_planks_ctm.properties' in pack 'file/BOPPBR-FULL-RE1-v0.1.4.zip'
[17:31:24] [Worker-Main-7/WARN]: Unknown block 'biomesoplenty:origin_oak_planks' in 'matchBlocks' element 'biomesoplenty:origin_oak_planks' at index 44 in file 'minecraft:optifine/ctm/fir_planks_ctm_bottom.properties' in pack 'file/BOPPBR-FULL-RE1-v0.1.4.zip'
[17:31:24] [Render thread/INFO]: i18nLang#load: File: '/assets/minihud/lang/zh_cn.json' has been loaded successfully
[17:31:24] [Worker-Main-7/WARN]: Unknown block 'biomesoplenty:origin_oak_stairs' in 'matchBlocks' element 'biomesoplenty:origin_oak_stairs:half=bottom' at index 45 in file 'minecraft:optifine/ctm/fir_planks_ctm_bottom.properties' in pack 'file/BOPPBR-FULL-RE1-v0.1.4.zip'
[17:31:24] [Worker-Main-7/WARN]: Unknown block 'biomesoplenty:origin_oak_slab' in 'matchBlocks' element 'biomesoplenty:origin_oak_slab:type=bottom' at index 46 in file 'minecraft:optifine/ctm/fir_planks_ctm_bottom.properties' in pack 'file/BOPPBR-FULL-RE1-v0.1.4.zip'
[17:31:24] [Worker-Main-7/WARN]: Unknown block 'biomesoplenty:origin_oak_slab' in 'matchBlocks' element 'biomesoplenty:origin_oak_slab:type=double' at index 47 in file 'minecraft:optifine/ctm/fir_planks_ctm_bottom.properties' in pack 'file/BOPPBR-FULL-RE1-v0.1.4.zip'
[17:31:24] [Render thread/INFO]: i18nOptionManager#setLang(minihud): Language: 'zh_cn' - has been loaded successfully.
[17:31:24] [Worker-Main-7/WARN]: Unknown block 'biomesoplenty:pine_planks' in 'matchBlocks' element 'biomesoplenty:pine_planks' at index 48 in file 'minecraft:optifine/ctm/fir_planks_ctm_bottom.properties' in pack 'file/BOPPBR-FULL-RE1-v0.1.4.zip'
[17:31:24] [Worker-Main-7/WARN]: Unknown block 'biomesoplenty:pine_stairs' in 'matchBlocks' element 'biomesoplenty:pine_stairs:half=bottom' at index 49 in file 'minecraft:optifine/ctm/fir_planks_ctm_bottom.properties' in pack 'file/BOPPBR-FULL-RE1-v0.1.4.zip'
[17:31:24] [Worker-Main-7/WARN]: Unknown block 'biomesoplenty:pine_slab' in 'matchBlocks' element 'biomesoplenty:pine_slab:type=bottom' at index 50 in file 'minecraft:optifine/ctm/fir_planks_ctm_bottom.properties' in pack 'file/BOPPBR-FULL-RE1-v0.1.4.zip'
[17:31:24] [Worker-Main-7/WARN]: Unknown block 'biomesoplenty:pine_slab' in 'matchBlocks' element 'biomesoplenty:pine_slab:type=double' at index 51 in file 'minecraft:optifine/ctm/fir_planks_ctm_bottom.properties' in pack 'file/BOPPBR-FULL-RE1-v0.1.4.zip'
[17:31:24] [Worker-Main-7/WARN]: Unknown block 'biomesoplenty:maple_planks' in 'matchBlocks' element 'biomesoplenty:maple_planks' at index 52 in file 'minecraft:optifine/ctm/fir_planks_ctm_bottom.properties' in pack 'file/BOPPBR-FULL-RE1-v0.1.4.zip'
[17:31:24] [Worker-Main-7/WARN]: Unknown block 'biomesoplenty:maple_stairs' in 'matchBlocks' element 'biomesoplenty:maple_stairs:half=bottom' at index 53 in file 'minecraft:optifine/ctm/fir_planks_ctm_bottom.properties' in pack 'file/BOPPBR-FULL-RE1-v0.1.4.zip'
[17:31:24] [Worker-Main-7/WARN]: Unknown block 'biomesoplenty:maple_slab' in 'matchBlocks' element 'biomesoplenty:maple_slab:type=bottom' at index 54 in file 'minecraft:optifine/ctm/fir_planks_ctm_bottom.properties' in pack 'file/BOPPBR-FULL-RE1-v0.1.4.zip'
[17:31:24] [Worker-Main-7/WARN]: Unknown block 'biomesoplenty:maple_slab' in 'matchBlocks' element 'biomesoplenty:maple_slab:type=double' at index 55 in file 'minecraft:optifine/ctm/fir_planks_ctm_bottom.properties' in pack 'file/BOPPBR-FULL-RE1-v0.1.4.zip'
[17:31:24] [Worker-Main-7/WARN]: Unknown block 'biomesoplenty:redwood_planks' in 'matchBlocks' element 'biomesoplenty:redwood_planks' at index 56 in file 'minecraft:optifine/ctm/fir_planks_ctm_bottom.properties' in pack 'file/BOPPBR-FULL-RE1-v0.1.4.zip'
[17:31:24] [Worker-Main-7/WARN]: Unknown block 'biomesoplenty:redwood_stairs' in 'matchBlocks' element 'biomesoplenty:redwood_stairs:half=bottom' at index 57 in file 'minecraft:optifine/ctm/fir_planks_ctm_bottom.properties' in pack 'file/BOPPBR-FULL-RE1-v0.1.4.zip'
[17:31:24] [Worker-Main-7/WARN]: Unknown block 'biomesoplenty:redwood_slab' in 'matchBlocks' element 'biomesoplenty:redwood_slab:type=bottom' at index 58 in file 'minecraft:optifine/ctm/fir_planks_ctm_bottom.properties' in pack 'file/BOPPBR-FULL-RE1-v0.1.4.zip'
[17:31:24] [Worker-Main-7/WARN]: Unknown block 'biomesoplenty:redwood_slab' in 'matchBlocks' element 'biomesoplenty:redwood_slab:type=double' at index 59 in file 'minecraft:optifine/ctm/fir_planks_ctm_bottom.properties' in pack 'file/BOPPBR-FULL-RE1-v0.1.4.zip'
[17:31:24] [Worker-Main-7/WARN]: Unknown block 'biomesoplenty:mahogany_planks' in 'matchBlocks' element 'biomesoplenty:mahogany_planks' at index 60 in file 'minecraft:optifine/ctm/fir_planks_ctm_bottom.properties' in pack 'file/BOPPBR-FULL-RE1-v0.1.4.zip'
[17:31:24] [Worker-Main-7/WARN]: Unknown block 'biomesoplenty:mahogany_stairs' in 'matchBlocks' element 'biomesoplenty:mahogany_stairs:half=bottom' at index 61 in file 'minecraft:optifine/ctm/fir_planks_ctm_bottom.properties' in pack 'file/BOPPBR-FULL-RE1-v0.1.4.zip'
[17:31:24] [Worker-Main-7/WARN]: Unknown block 'biomesoplenty:mahogany_slab' in 'matchBlocks' element 'biomesoplenty:mahogany_slab:type=bottom' at index 62 in file 'minecraft:optifine/ctm/fir_planks_ctm_bottom.properties' in pack 'file/BOPPBR-FULL-RE1-v0.1.4.zip'
[17:31:24] [Worker-Main-7/WARN]: Unknown block 'biomesoplenty:mahogany_slab' in 'matchBlocks' element 'biomesoplenty:mahogany_slab:type=double' at index 63 in file 'minecraft:optifine/ctm/fir_planks_ctm_bottom.properties' in pack 'file/BOPPBR-FULL-RE1-v0.1.4.zip'
[17:31:24] [Worker-Main-7/WARN]: Unknown block 'biomesoplenty:jacaranda_planks' in 'matchBlocks' element 'biomesoplenty:jacaranda_planks' at index 64 in file 'minecraft:optifine/ctm/fir_planks_ctm_bottom.properties' in pack 'file/BOPPBR-FULL-RE1-v0.1.4.zip'
[17:31:24] [Worker-Main-7/WARN]: Unknown block 'biomesoplenty:jacaranda_stairs' in 'matchBlocks' element 'biomesoplenty:jacaranda_stairs:half=bottom' at index 65 in file 'minecraft:optifine/ctm/fir_planks_ctm_bottom.properties' in pack 'file/BOPPBR-FULL-RE1-v0.1.4.zip'
[17:31:24] [Worker-Main-7/WARN]: Unknown block 'biomesoplenty:jacaranda_slab' in 'matchBlocks' element 'biomesoplenty:jacaranda_slab:type=bottom' at index 66 in file 'minecraft:optifine/ctm/fir_planks_ctm_bottom.properties' in pack 'file/BOPPBR-FULL-RE1-v0.1.4.zip'
[17:31:24] [Worker-Main-7/WARN]: Unknown block 'biomesoplenty:jacaranda_slab' in 'matchBlocks' element 'biomesoplenty:jacaranda_slab:type=double' at index 67 in file 'minecraft:optifine/ctm/fir_planks_ctm_bottom.properties' in pack 'file/BOPPBR-FULL-RE1-v0.1.4.zip'
[17:31:24] [Worker-Main-7/WARN]: Unknown block 'biomesoplenty:palm_planks' in 'matchBlocks' element 'biomesoplenty:palm_planks' at index 68 in file 'minecraft:optifine/ctm/fir_planks_ctm_bottom.properties' in pack 'file/BOPPBR-FULL-RE1-v0.1.4.zip'
[17:31:24] [Worker-Main-7/WARN]: Unknown block 'biomesoplenty:palm_stairs' in 'matchBlocks' element 'biomesoplenty:palm_stairs:half=bottom' at index 69 in file 'minecraft:optifine/ctm/fir_planks_ctm_bottom.properties' in pack 'file/BOPPBR-FULL-RE1-v0.1.4.zip'
[17:31:24] [Worker-Main-7/WARN]: Unknown block 'biomesoplenty:palm_slab' in 'matchBlocks' element 'biomesoplenty:palm_slab:type=bottom' at index 70 in file 'minecraft:optifine/ctm/fir_planks_ctm_bottom.properties' in pack 'file/BOPPBR-FULL-RE1-v0.1.4.zip'
[17:31:24] [Worker-Main-7/WARN]: Unknown block 'biomesoplenty:palm_slab' in 'matchBlocks' element 'biomesoplenty:palm_slab:type=double' at index 71 in file 'minecraft:optifine/ctm/fir_planks_ctm_bottom.properties' in pack 'file/BOPPBR-FULL-RE1-v0.1.4.zip'
[17:31:24] [Worker-Main-7/WARN]: Unknown block 'biomesoplenty:willow_planks' in 'matchBlocks' element 'biomesoplenty:willow_planks' at index 72 in file 'minecraft:optifine/ctm/fir_planks_ctm_bottom.properties' in pack 'file/BOPPBR-FULL-RE1-v0.1.4.zip'
[17:31:24] [Worker-Main-7/WARN]: Unknown block 'biomesoplenty:willow_stairs' in 'matchBlocks' element 'biomesoplenty:willow_stairs:half=bottom' at index 73 in file 'minecraft:optifine/ctm/fir_planks_ctm_bottom.properties' in pack 'file/BOPPBR-FULL-RE1-v0.1.4.zip'
[17:31:24] [Worker-Main-7/WARN]: Unknown block 'biomesoplenty:willow_slab' in 'matchBlocks' element 'biomesoplenty:willow_slab:type=bottom' at index 74 in file 'minecraft:optifine/ctm/fir_planks_ctm_bottom.properties' in pack 'file/BOPPBR-FULL-RE1-v0.1.4.zip'
[17:31:24] [Worker-Main-7/WARN]: Unknown block 'biomesoplenty:willow_slab' in 'matchBlocks' element 'biomesoplenty:willow_slab:type=double' at index 75 in file 'minecraft:optifine/ctm/fir_planks_ctm_bottom.properties' in pack 'file/BOPPBR-FULL-RE1-v0.1.4.zip'
[17:31:24] [Worker-Main-7/WARN]: Unknown block 'biomesoplenty:dead_planks' in 'matchBlocks' element 'biomesoplenty:dead_planks' at index 76 in file 'minecraft:optifine/ctm/fir_planks_ctm_bottom.properties' in pack 'file/BOPPBR-FULL-RE1-v0.1.4.zip'
[17:31:24] [Worker-Main-7/WARN]: Unknown block 'biomesoplenty:dead_stairs' in 'matchBlocks' element 'biomesoplenty:dead_stairs:half=bottom' at index 77 in file 'minecraft:optifine/ctm/fir_planks_ctm_bottom.properties' in pack 'file/BOPPBR-FULL-RE1-v0.1.4.zip'
[17:31:24] [Worker-Main-7/WARN]: Unknown block 'biomesoplenty:dead_slab' in 'matchBlocks' element 'biomesoplenty:dead_slab:type=bottom' at index 78 in file 'minecraft:optifine/ctm/fir_planks_ctm_bottom.properties' in pack 'file/BOPPBR-FULL-RE1-v0.1.4.zip'
[17:31:24] [Worker-Main-7/WARN]: Unknown block 'biomesoplenty:dead_slab' in 'matchBlocks' element 'biomesoplenty:dead_slab:type=double' at index 79 in file 'minecraft:optifine/ctm/fir_planks_ctm_bottom.properties' in pack 'file/BOPPBR-FULL-RE1-v0.1.4.zip'
[17:31:24] [Worker-Main-7/WARN]: Unknown block 'biomesoplenty:magic_planks' in 'matchBlocks' element 'biomesoplenty:magic_planks' at index 80 in file 'minecraft:optifine/ctm/fir_planks_ctm_bottom.properties' in pack 'file/BOPPBR-FULL-RE1-v0.1.4.zip'
[17:31:24] [Worker-Main-7/WARN]: Unknown block 'biomesoplenty:magic_stairs' in 'matchBlocks' element 'biomesoplenty:magic_stairs:half=bottom' at index 81 in file 'minecraft:optifine/ctm/fir_planks_ctm_bottom.properties' in pack 'file/BOPPBR-FULL-RE1-v0.1.4.zip'
[17:31:24] [Worker-Main-7/WARN]: Unknown block 'biomesoplenty:magic_slab' in 'matchBlocks' element 'biomesoplenty:magic_slab:type=bottom' at index 82 in file 'minecraft:optifine/ctm/fir_planks_ctm_bottom.properties' in pack 'file/BOPPBR-FULL-RE1-v0.1.4.zip'
[17:31:24] [Worker-Main-7/WARN]: Unknown block 'biomesoplenty:magic_slab' in 'matchBlocks' element 'biomesoplenty:magic_slab:type=double' at index 83 in file 'minecraft:optifine/ctm/fir_planks_ctm_bottom.properties' in pack 'file/BOPPBR-FULL-RE1-v0.1.4.zip'
[17:31:24] [Worker-Main-7/WARN]: Unknown block 'biomesoplenty:umbran_planks' in 'matchBlocks' element 'biomesoplenty:umbran_planks' at index 84 in file 'minecraft:optifine/ctm/fir_planks_ctm_bottom.properties' in pack 'file/BOPPBR-FULL-RE1-v0.1.4.zip'
[17:31:24] [Worker-Main-7/WARN]: Unknown block 'biomesoplenty:umbran_stairs' in 'matchBlocks' element 'biomesoplenty:umbran_stairs:half=bottom' at index 85 in file 'minecraft:optifine/ctm/fir_planks_ctm_bottom.properties' in pack 'file/BOPPBR-FULL-RE1-v0.1.4.zip'
[17:31:24] [Worker-Main-7/WARN]: Unknown block 'biomesoplenty:umbran_slab' in 'matchBlocks' element 'biomesoplenty:umbran_slab:type=bottom' at index 86 in file 'minecraft:optifine/ctm/fir_planks_ctm_bottom.properties' in pack 'file/BOPPBR-FULL-RE1-v0.1.4.zip'
[17:31:24] [Worker-Main-7/WARN]: Unknown block 'biomesoplenty:umbran_slab' in 'matchBlocks' element 'biomesoplenty:umbran_slab:type=double' at index 87 in file 'minecraft:optifine/ctm/fir_planks_ctm_bottom.properties' in pack 'file/BOPPBR-FULL-RE1-v0.1.4.zip'
[17:31:24] [Worker-Main-7/WARN]: Unknown block 'biomesoplenty:hellbark_planks' in 'matchBlocks' element 'biomesoplenty:hellbark_planks' at index 88 in file 'minecraft:optifine/ctm/fir_planks_ctm_bottom.properties' in pack 'file/BOPPBR-FULL-RE1-v0.1.4.zip'
[17:31:24] [Worker-Main-7/WARN]: Unknown block 'biomesoplenty:hellbark_stairs' in 'matchBlocks' element 'biomesoplenty:hellbark_stairs:half=bottom' at index 89 in file 'minecraft:optifine/ctm/fir_planks_ctm_bottom.properties' in pack 'file/BOPPBR-FULL-RE1-v0.1.4.zip'
[17:31:24] [Worker-Main-7/WARN]: Unknown block 'biomesoplenty:hellbark_slab' in 'matchBlocks' element 'biomesoplenty:hellbark_slab:type=bottom' at index 90 in file 'minecraft:optifine/ctm/fir_planks_ctm_bottom.properties' in pack 'file/BOPPBR-FULL-RE1-v0.1.4.zip'
[17:31:24] [Worker-Main-7/WARN]: Unknown block 'biomesoplenty:hellbark_slab' in 'matchBlocks' element 'biomesoplenty:hellbark_slab:type=double' at index 91 in file 'minecraft:optifine/ctm/fir_planks_ctm_bottom.properties' in pack 'file/BOPPBR-FULL-RE1-v0.1.4.zip'
[17:31:24] [Worker-Main-7/WARN]: Unknown block 'biomesoplenty:empyreal_planks' in 'matchBlocks' element 'biomesoplenty:empyreal_planks' at index 92 in file 'minecraft:optifine/ctm/fir_planks_ctm_bottom.properties' in pack 'file/BOPPBR-FULL-RE1-v0.1.4.zip'
[17:31:24] [Worker-Main-7/WARN]: Unknown block 'biomesoplenty:empyreal_stairs' in 'matchBlocks' element 'biomesoplenty:empyreal_stairs:half=bottom' at index 93 in file 'minecraft:optifine/ctm/fir_planks_ctm_bottom.properties' in pack 'file/BOPPBR-FULL-RE1-v0.1.4.zip'
[17:31:24] [Worker-Main-7/WARN]: Unknown block 'biomesoplenty:empyreal_slab' in 'matchBlocks' element 'biomesoplenty:empyreal_slab:type=bottom' at index 94 in file 'minecraft:optifine/ctm/fir_planks_ctm_bottom.properties' in pack 'file/BOPPBR-FULL-RE1-v0.1.4.zip'
[17:31:24] [Worker-Main-7/WARN]: Unknown block 'biomesoplenty:empyreal_slab' in 'matchBlocks' element 'biomesoplenty:empyreal_slab:type=double' at index 95 in file 'minecraft:optifine/ctm/fir_planks_ctm_bottom.properties' in pack 'file/BOPPBR-FULL-RE1-v0.1.4.zip'
[17:31:24] [Render thread/INFO]: i18nLang#load: File: '/assets/malilib/lang/zh_cn.json' has been loaded successfully
[17:31:24] [Render thread/INFO]: i18nOptionManager#setLang(malilib): Language: 'zh_cn' - has been loaded successfully.
[17:31:24] [Worker-Main-7/WARN]: Unknown block 'biomesoplenty:fir_planks' in 'connectBlocks' element 'biomesoplenty:fir_planks' at index 0 in file 'minecraft:optifine/ctm/fir_planks_ctm_bottom.properties' in pack 'file/BOPPBR-FULL-RE1-v0.1.4.zip'
[17:31:24] [Worker-Main-7/WARN]: Unknown block 'biomesoplenty:origin_oak_planks' in 'matchBlocks' element 'biomesoplenty:origin_oak_planks' at index 22 in file 'minecraft:optifine/ctm/fir_planks_ctm_sides.properties' in pack 'file/BOPPBR-FULL-RE1-v0.1.4.zip'
[17:31:24] [Worker-Main-7/WARN]: Unknown block 'biomesoplenty:origin_oak_slab' in 'matchBlocks' element 'biomesoplenty:origin_oak_slab:type=double' at index 23 in file 'minecraft:optifine/ctm/fir_planks_ctm_sides.properties' in pack 'file/BOPPBR-FULL-RE1-v0.1.4.zip'
[17:31:24] [Worker-Main-7/WARN]: Unknown block 'biomesoplenty:pine_planks' in 'matchBlocks' element 'biomesoplenty:pine_planks' at index 24 in file 'minecraft:optifine/ctm/fir_planks_ctm_sides.properties' in pack 'file/BOPPBR-FULL-RE1-v0.1.4.zip'
[17:31:24] [Worker-Main-7/WARN]: Unknown block 'biomesoplenty:pine_slab' in 'matchBlocks' element 'biomesoplenty:pine_slab:type=double' at index 25 in file 'minecraft:optifine/ctm/fir_planks_ctm_sides.properties' in pack 'file/BOPPBR-FULL-RE1-v0.1.4.zip'
[17:31:24] [Worker-Main-7/WARN]: Unknown block 'biomesoplenty:maple_planks' in 'matchBlocks' element 'biomesoplenty:maple_planks' at index 26 in file 'minecraft:optifine/ctm/fir_planks_ctm_sides.properties' in pack 'file/BOPPBR-FULL-RE1-v0.1.4.zip'
[17:31:24] [Worker-Main-7/WARN]: Unknown block 'biomesoplenty:maple_slab' in 'matchBlocks' element 'biomesoplenty:maple_slab:type=double' at index 27 in file 'minecraft:optifine/ctm/fir_planks_ctm_sides.properties' in pack 'file/BOPPBR-FULL-RE1-v0.1.4.zip'
[17:31:24] [Worker-Main-7/WARN]: Unknown block 'biomesoplenty:redwood_planks' in 'matchBlocks' element 'biomesoplenty:redwood_planks' at index 28 in file 'minecraft:optifine/ctm/fir_planks_ctm_sides.properties' in pack 'file/BOPPBR-FULL-RE1-v0.1.4.zip'
[17:31:24] [Worker-Main-7/WARN]: Unknown block 'biomesoplenty:redwood_slab' in 'matchBlocks' element 'biomesoplenty:redwood_slab:type=double' at index 29 in file 'minecraft:optifine/ctm/fir_planks_ctm_sides.properties' in pack 'file/BOPPBR-FULL-RE1-v0.1.4.zip'
[17:31:24] [Worker-Main-7/WARN]: Unknown block 'biomesoplenty:mahogany_planks' in 'matchBlocks' element 'biomesoplenty:mahogany_planks' at index 30 in file 'minecraft:optifine/ctm/fir_planks_ctm_sides.properties' in pack 'file/BOPPBR-FULL-RE1-v0.1.4.zip'
[17:31:24] [Worker-Main-7/WARN]: Unknown block 'biomesoplenty:mahogany_slab' in 'matchBlocks' element 'biomesoplenty:mahogany_slab:type=double' at index 31 in file 'minecraft:optifine/ctm/fir_planks_ctm_sides.properties' in pack 'file/BOPPBR-FULL-RE1-v0.1.4.zip'
[17:31:24] [Worker-Main-7/WARN]: Unknown block 'biomesoplenty:jacaranda_planks' in 'matchBlocks' element 'biomesoplenty:jacaranda_planks' at index 32 in file 'minecraft:optifine/ctm/fir_planks_ctm_sides.properties' in pack 'file/BOPPBR-FULL-RE1-v0.1.4.zip'
[17:31:24] [Worker-Main-7/WARN]: Unknown block 'biomesoplenty:jacaranda_slab' in 'matchBlocks' element 'biomesoplenty:jacaranda_slab:type=double' at index 33 in file 'minecraft:optifine/ctm/fir_planks_ctm_sides.properties' in pack 'file/BOPPBR-FULL-RE1-v0.1.4.zip'
[17:31:24] [Worker-Main-7/WARN]: Unknown block 'biomesoplenty:palm_planks' in 'matchBlocks' element 'biomesoplenty:palm_planks' at index 34 in file 'minecraft:optifine/ctm/fir_planks_ctm_sides.properties' in pack 'file/BOPPBR-FULL-RE1-v0.1.4.zip'
[17:31:24] [Worker-Main-7/WARN]: Unknown block 'biomesoplenty:palm_slab' in 'matchBlocks' element 'biomesoplenty:palm_slab:type=double' at index 35 in file 'minecraft:optifine/ctm/fir_planks_ctm_sides.properties' in pack 'file/BOPPBR-FULL-RE1-v0.1.4.zip'
[17:31:24] [Worker-Main-7/WARN]: Unknown block 'biomesoplenty:willow_planks' in 'matchBlocks' element 'biomesoplenty:willow_planks' at index 36 in file 'minecraft:optifine/ctm/fir_planks_ctm_sides.properties' in pack 'file/BOPPBR-FULL-RE1-v0.1.4.zip'
[17:31:24] [Worker-Main-7/WARN]: Unknown block 'biomesoplenty:willow_slab' in 'matchBlocks' element 'biomesoplenty:willow_slab:type=double' at index 37 in file 'minecraft:optifine/ctm/fir_planks_ctm_sides.properties' in pack 'file/BOPPBR-FULL-RE1-v0.1.4.zip'
[17:31:24] [Worker-Main-7/WARN]: Unknown block 'biomesoplenty:dead_planks' in 'matchBlocks' element 'biomesoplenty:dead_planks' at index 38 in file 'minecraft:optifine/ctm/fir_planks_ctm_sides.properties' in pack 'file/BOPPBR-FULL-RE1-v0.1.4.zip'
[17:31:24] [Worker-Main-7/WARN]: Unknown block 'biomesoplenty:dead_slab' in 'matchBlocks' element 'biomesoplenty:dead_slab:type=double' at index 39 in file 'minecraft:optifine/ctm/fir_planks_ctm_sides.properties' in pack 'file/BOPPBR-FULL-RE1-v0.1.4.zip'
[17:31:24] [Worker-Main-7/WARN]: Unknown block 'biomesoplenty:magic_planks' in 'matchBlocks' element 'biomesoplenty:magic_planks' at index 40 in file 'minecraft:optifine/ctm/fir_planks_ctm_sides.properties' in pack 'file/BOPPBR-FULL-RE1-v0.1.4.zip'
[17:31:24] [Worker-Main-7/WARN]: Unknown block 'biomesoplenty:magic_slab' in 'matchBlocks' element 'biomesoplenty:magic_slab:type=double' at index 41 in file 'minecraft:optifine/ctm/fir_planks_ctm_sides.properties' in pack 'file/BOPPBR-FULL-RE1-v0.1.4.zip'
[17:31:24] [Worker-Main-7/WARN]: Unknown block 'biomesoplenty:umbran_planks' in 'matchBlocks' element 'biomesoplenty:umbran_planks' at index 42 in file 'minecraft:optifine/ctm/fir_planks_ctm_sides.properties' in pack 'file/BOPPBR-FULL-RE1-v0.1.4.zip'
[17:31:24] [Worker-Main-7/WARN]: Unknown block 'biomesoplenty:umbran_slab' in 'matchBlocks' element 'biomesoplenty:umbran_slab:type=double' at index 43 in file 'minecraft:optifine/ctm/fir_planks_ctm_sides.properties' in pack 'file/BOPPBR-FULL-RE1-v0.1.4.zip'
[17:31:24] [Render thread/INFO]: i18nLang#load: File: '/assets/tweakeroo/lang/zh_cn.json' has been loaded successfully
[17:31:24] [Render thread/INFO]: i18nOptionManager#setLang(tweakeroo): Language: 'zh_cn' - has been loaded successfully.
[17:31:24] [Worker-Main-7/WARN]: Unknown block 'biomesoplenty:hellbark_planks' in 'matchBlocks' element 'biomesoplenty:hellbark_planks' at index 44 in file 'minecraft:optifine/ctm/fir_planks_ctm_sides.properties' in pack 'file/BOPPBR-FULL-RE1-v0.1.4.zip'
[17:31:24] [Worker-Main-7/WARN]: Unknown block 'biomesoplenty:hellbark_slab' in 'matchBlocks' element 'biomesoplenty:hellbark_slab:type=double' at index 45 in file 'minecraft:optifine/ctm/fir_planks_ctm_sides.properties' in pack 'file/BOPPBR-FULL-RE1-v0.1.4.zip'
[17:31:24] [Worker-Main-7/WARN]: Unknown block 'biomesoplenty:empyreal_planks' in 'matchBlocks' element 'biomesoplenty:empyreal_planks' at index 46 in file 'minecraft:optifine/ctm/fir_planks_ctm_sides.properties' in pack 'file/BOPPBR-FULL-RE1-v0.1.4.zip'
[17:31:24] [Worker-Main-7/WARN]: Unknown block 'biomesoplenty:empyreal_slab' in 'matchBlocks' element 'biomesoplenty:empyreal_slab:type=double' at index 47 in file 'minecraft:optifine/ctm/fir_planks_ctm_sides.properties' in pack 'file/BOPPBR-FULL-RE1-v0.1.4.zip'
[17:31:24] [Worker-Main-7/WARN]: Unknown block 'biomesoplenty:fir_planks' in 'connectBlocks' element 'biomesoplenty:fir_planks' at index 0 in file 'minecraft:optifine/ctm/fir_planks_ctm_sides.properties' in pack 'file/BOPPBR-FULL-RE1-v0.1.4.zip'
[17:31:24] [Worker-Main-7/WARN]: Unknown block 'biomesoplenty:origin_oak_planks' in 'matchBlocks' element 'biomesoplenty:origin_oak_planks' at index 44 in file 'minecraft:optifine/ctm/fir_planks_ctm_top.properties' in pack 'file/BOPPBR-FULL-RE1-v0.1.4.zip'
[17:31:24] [Worker-Main-7/WARN]: Unknown block 'biomesoplenty:origin_oak_stairs' in 'matchBlocks' element 'biomesoplenty:origin_oak_stairs:half=top' at index 45 in file 'minecraft:optifine/ctm/fir_planks_ctm_top.properties' in pack 'file/BOPPBR-FULL-RE1-v0.1.4.zip'
[17:31:24] [Worker-Main-7/WARN]: Unknown block 'biomesoplenty:origin_oak_slab' in 'matchBlocks' element 'biomesoplenty:origin_oak_slab:type=top' at index 46 in file 'minecraft:optifine/ctm/fir_planks_ctm_top.properties' in pack 'file/BOPPBR-FULL-RE1-v0.1.4.zip'
[17:31:24] [Worker-Main-7/WARN]: Unknown block 'biomesoplenty:origin_oak_slab' in 'matchBlocks' element 'biomesoplenty:origin_oak_slab:type=double' at index 47 in file 'minecraft:optifine/ctm/fir_planks_ctm_top.properties' in pack 'file/BOPPBR-FULL-RE1-v0.1.4.zip'
[17:31:24] [Worker-Main-7/WARN]: Unknown block 'biomesoplenty:pine_planks' in 'matchBlocks' element 'biomesoplenty:pine_planks' at index 48 in file 'minecraft:optifine/ctm/fir_planks_ctm_top.properties' in pack 'file/BOPPBR-FULL-RE1-v0.1.4.zip'
[17:31:24] [Worker-Main-7/WARN]: Unknown block 'biomesoplenty:pine_stairs' in 'matchBlocks' element 'biomesoplenty:pine_stairs:half=top' at index 49 in file 'minecraft:optifine/ctm/fir_planks_ctm_top.properties' in pack 'file/BOPPBR-FULL-RE1-v0.1.4.zip'
[17:31:24] [Worker-Main-7/WARN]: Unknown block 'biomesoplenty:pine_slab' in 'matchBlocks' element 'biomesoplenty:pine_slab:type=top' at index 50 in file 'minecraft:optifine/ctm/fir_planks_ctm_top.properties' in pack 'file/BOPPBR-FULL-RE1-v0.1.4.zip'
[17:31:24] [Worker-Main-7/WARN]: Unknown block 'biomesoplenty:pine_slab' in 'matchBlocks' element 'biomesoplenty:pine_slab:type=double' at index 51 in file 'minecraft:optifine/ctm/fir_planks_ctm_top.properties' in pack 'file/BOPPBR-FULL-RE1-v0.1.4.zip'
[17:31:24] [Worker-Main-7/WARN]: Unknown block 'biomesoplenty:maple_planks' in 'matchBlocks' element 'biomesoplenty:maple_planks' at index 52 in file 'minecraft:optifine/ctm/fir_planks_ctm_top.properties' in pack 'file/BOPPBR-FULL-RE1-v0.1.4.zip'
[17:31:24] [Worker-Main-7/WARN]: Unknown block 'biomesoplenty:maple_stairs' in 'matchBlocks' element 'biomesoplenty:maple_stairs:half=top' at index 53 in file 'minecraft:optifine/ctm/fir_planks_ctm_top.properties' in pack 'file/BOPPBR-FULL-RE1-v0.1.4.zip'
[17:31:24] [Worker-Main-7/WARN]: Unknown block 'biomesoplenty:maple_slab' in 'matchBlocks' element 'biomesoplenty:maple_slab:type=top' at index 54 in file 'minecraft:optifine/ctm/fir_planks_ctm_top.properties' in pack 'file/BOPPBR-FULL-RE1-v0.1.4.zip'
[17:31:24] [Worker-Main-7/WARN]: Unknown block 'biomesoplenty:maple_slab' in 'matchBlocks' element 'biomesoplenty:maple_slab:type=double' at index 55 in file 'minecraft:optifine/ctm/fir_planks_ctm_top.properties' in pack 'file/BOPPBR-FULL-RE1-v0.1.4.zip'
[17:31:24] [Worker-Main-7/WARN]: Unknown block 'biomesoplenty:redwood_planks' in 'matchBlocks' element 'biomesoplenty:redwood_planks' at index 56 in file 'minecraft:optifine/ctm/fir_planks_ctm_top.properties' in pack 'file/BOPPBR-FULL-RE1-v0.1.4.zip'
[17:31:24] [Worker-Main-7/WARN]: Unknown block 'biomesoplenty:redwood_stairs' in 'matchBlocks' element 'biomesoplenty:redwood_stairs:half=top' at index 57 in file 'minecraft:optifine/ctm/fir_planks_ctm_top.properties' in pack 'file/BOPPBR-FULL-RE1-v0.1.4.zip'
[17:31:24] [Worker-Main-7/WARN]: Unknown block 'biomesoplenty:redwood_slab' in 'matchBlocks' element 'biomesoplenty:redwood_slab:type=top' at index 58 in file 'minecraft:optifine/ctm/fir_planks_ctm_top.properties' in pack 'file/BOPPBR-FULL-RE1-v0.1.4.zip'
[17:31:24] [Worker-Main-7/WARN]: Unknown block 'biomesoplenty:redwood_slab' in 'matchBlocks' element 'biomesoplenty:redwood_slab:type=double' at index 59 in file 'minecraft:optifine/ctm/fir_planks_ctm_top.properties' in pack 'file/BOPPBR-FULL-RE1-v0.1.4.zip'
[17:31:24] [Worker-Main-7/WARN]: Unknown block 'biomesoplenty:mahogany_planks' in 'matchBlocks' element 'biomesoplenty:mahogany_planks' at index 60 in file 'minecraft:optifine/ctm/fir_planks_ctm_top.properties' in pack 'file/BOPPBR-FULL-RE1-v0.1.4.zip'
[17:31:24] [Worker-Main-7/WARN]: Unknown block 'biomesoplenty:mahogany_stairs' in 'matchBlocks' element 'biomesoplenty:mahogany_stairs:half=top' at index 61 in file 'minecraft:optifine/ctm/fir_planks_ctm_top.properties' in pack 'file/BOPPBR-FULL-RE1-v0.1.4.zip'
[17:31:24] [Worker-Main-7/WARN]: Unknown block 'biomesoplenty:mahogany_slab' in 'matchBlocks' element 'biomesoplenty:mahogany_slab:type=top' at index 62 in file 'minecraft:optifine/ctm/fir_planks_ctm_top.properties' in pack 'file/BOPPBR-FULL-RE1-v0.1.4.zip'
[17:31:24] [Worker-Main-7/WARN]: Unknown block 'biomesoplenty:mahogany_slab' in 'matchBlocks' element 'biomesoplenty:mahogany_slab:type=double' at index 63 in file 'minecraft:optifine/ctm/fir_planks_ctm_top.properties' in pack 'file/BOPPBR-FULL-RE1-v0.1.4.zip'
[17:31:24] [Worker-Main-7/WARN]: Unknown block 'biomesoplenty:jacaranda_planks' in 'matchBlocks' element 'biomesoplenty:jacaranda_planks' at index 64 in file 'minecraft:optifine/ctm/fir_planks_ctm_top.properties' in pack 'file/BOPPBR-FULL-RE1-v0.1.4.zip'
[17:31:24] [Worker-Main-7/WARN]: Unknown block 'biomesoplenty:jacaranda_stairs' in 'matchBlocks' element 'biomesoplenty:jacaranda_stairs:half=top' at index 65 in file 'minecraft:optifine/ctm/fir_planks_ctm_top.properties' in pack 'file/BOPPBR-FULL-RE1-v0.1.4.zip'
[17:31:24] [Worker-Main-7/WARN]: Unknown block 'biomesoplenty:jacaranda_slab' in 'matchBlocks' element 'biomesoplenty:jacaranda_slab:type=top' at index 66 in file 'minecraft:optifine/ctm/fir_planks_ctm_top.properties' in pack 'file/BOPPBR-FULL-RE1-v0.1.4.zip'
[17:31:24] [Worker-Main-7/WARN]: Unknown block 'biomesoplenty:jacaranda_slab' in 'matchBlocks' element 'biomesoplenty:jacaranda_slab:type=double' at index 67 in file 'minecraft:optifine/ctm/fir_planks_ctm_top.properties' in pack 'file/BOPPBR-FULL-RE1-v0.1.4.zip'
[17:31:24] [Worker-Main-7/WARN]: Unknown block 'biomesoplenty:palm_planks' in 'matchBlocks' element 'biomesoplenty:palm_planks' at index 68 in file 'minecraft:optifine/ctm/fir_planks_ctm_top.properties' in pack 'file/BOPPBR-FULL-RE1-v0.1.4.zip'
[17:31:24] [Worker-Main-7/WARN]: Unknown block 'biomesoplenty:palm_stairs' in 'matchBlocks' element 'biomesoplenty:palm_stairs:half=top' at index 69 in file 'minecraft:optifine/ctm/fir_planks_ctm_top.properties' in pack 'file/BOPPBR-FULL-RE1-v0.1.4.zip'
[17:31:24] [Worker-Main-7/WARN]: Unknown block 'biomesoplenty:palm_slab' in 'matchBlocks' element 'biomesoplenty:palm_slab:type=top' at index 70 in file 'minecraft:optifine/ctm/fir_planks_ctm_top.properties' in pack 'file/BOPPBR-FULL-RE1-v0.1.4.zip'
[17:31:24] [Worker-Main-7/WARN]: Unknown block 'biomesoplenty:palm_slab' in 'matchBlocks' element 'biomesoplenty:palm_slab:type=double' at index 71 in file 'minecraft:optifine/ctm/fir_planks_ctm_top.properties' in pack 'file/BOPPBR-FULL-RE1-v0.1.4.zip'
[17:31:24] [Worker-Main-7/WARN]: Unknown block 'biomesoplenty:willow_planks' in 'matchBlocks' element 'biomesoplenty:willow_planks' at index 72 in file 'minecraft:optifine/ctm/fir_planks_ctm_top.properties' in pack 'file/BOPPBR-FULL-RE1-v0.1.4.zip'
[17:31:24] [Worker-Main-7/WARN]: Unknown block 'biomesoplenty:willow_stairs' in 'matchBlocks' element 'biomesoplenty:willow_stairs:half=top' at index 73 in file 'minecraft:optifine/ctm/fir_planks_ctm_top.properties' in pack 'file/BOPPBR-FULL-RE1-v0.1.4.zip'
[17:31:24] [Worker-Main-7/WARN]: Unknown block 'biomesoplenty:willow_slab' in 'matchBlocks' element 'biomesoplenty:willow_slab:type=top' at index 74 in file 'minecraft:optifine/ctm/fir_planks_ctm_top.properties' in pack 'file/BOPPBR-FULL-RE1-v0.1.4.zip'
[17:31:24] [Worker-Main-7/WARN]: Unknown block 'biomesoplenty:willow_slab' in 'matchBlocks' element 'biomesoplenty:willow_slab:type=double' at index 75 in file 'minecraft:optifine/ctm/fir_planks_ctm_top.properties' in pack 'file/BOPPBR-FULL-RE1-v0.1.4.zip'
[17:31:24] [Worker-Main-7/WARN]: Unknown block 'biomesoplenty:dead_planks' in 'matchBlocks' element 'biomesoplenty:dead_planks' at index 76 in file 'minecraft:optifine/ctm/fir_planks_ctm_top.properties' in pack 'file/BOPPBR-FULL-RE1-v0.1.4.zip'
[17:31:24] [Worker-Main-7/WARN]: Unknown block 'biomesoplenty:dead_stairs' in 'matchBlocks' element 'biomesoplenty:dead_stairs:half=top' at index 77 in file 'minecraft:optifine/ctm/fir_planks_ctm_top.properties' in pack 'file/BOPPBR-FULL-RE1-v0.1.4.zip'
[17:31:24] [Worker-Main-7/WARN]: Unknown block 'biomesoplenty:dead_slab' in 'matchBlocks' element 'biomesoplenty:dead_slab:type=top' at index 78 in file 'minecraft:optifine/ctm/fir_planks_ctm_top.properties' in pack 'file/BOPPBR-FULL-RE1-v0.1.4.zip'
[17:31:24] [Worker-Main-7/WARN]: Unknown block 'biomesoplenty:dead_slab' in 'matchBlocks' element 'biomesoplenty:dead_slab:type=double' at index 79 in file 'minecraft:optifine/ctm/fir_planks_ctm_top.properties' in pack 'file/BOPPBR-FULL-RE1-v0.1.4.zip'
[17:31:24] [Worker-Main-7/WARN]: Unknown block 'biomesoplenty:magic_planks' in 'matchBlocks' element 'biomesoplenty:magic_planks' at index 80 in file 'minecraft:optifine/ctm/fir_planks_ctm_top.properties' in pack 'file/BOPPBR-FULL-RE1-v0.1.4.zip'
[17:31:24] [Worker-Main-7/WARN]: Unknown block 'biomesoplenty:magic_stairs' in 'matchBlocks' element 'biomesoplenty:magic_stairs:half=top' at index 81 in file 'minecraft:optifine/ctm/fir_planks_ctm_top.properties' in pack 'file/BOPPBR-FULL-RE1-v0.1.4.zip'
[17:31:24] [Worker-Main-7/WARN]: Unknown block 'biomesoplenty:magic_slab' in 'matchBlocks' element 'biomesoplenty:magic_slab:type=top' at index 82 in file 'minecraft:optifine/ctm/fir_planks_ctm_top.properties' in pack 'file/BOPPBR-FULL-RE1-v0.1.4.zip'
[17:31:24] [Worker-Main-7/WARN]: Unknown block 'biomesoplenty:magic_slab' in 'matchBlocks' element 'biomesoplenty:magic_slab:type=double' at index 83 in file 'minecraft:optifine/ctm/fir_planks_ctm_top.properties' in pack 'file/BOPPBR-FULL-RE1-v0.1.4.zip'
[17:31:24] [Worker-Main-7/WARN]: Unknown block 'biomesoplenty:umbran_planks' in 'matchBlocks' element 'biomesoplenty:umbran_planks' at index 84 in file 'minecraft:optifine/ctm/fir_planks_ctm_top.properties' in pack 'file/BOPPBR-FULL-RE1-v0.1.4.zip'
[17:31:24] [Worker-Main-7/WARN]: Unknown block 'biomesoplenty:umbran_stairs' in 'matchBlocks' element 'biomesoplenty:umbran_stairs:half=top' at index 85 in file 'minecraft:optifine/ctm/fir_planks_ctm_top.properties' in pack 'file/BOPPBR-FULL-RE1-v0.1.4.zip'
[17:31:24] [Worker-Main-7/WARN]: Unknown block 'biomesoplenty:umbran_slab' in 'matchBlocks' element 'biomesoplenty:umbran_slab:type=top' at index 86 in file 'minecraft:optifine/ctm/fir_planks_ctm_top.properties' in pack 'file/BOPPBR-FULL-RE1-v0.1.4.zip'
[17:31:24] [Worker-Main-7/WARN]: Unknown block 'biomesoplenty:umbran_slab' in 'matchBlocks' element 'biomesoplenty:umbran_slab:type=double' at index 87 in file 'minecraft:optifine/ctm/fir_planks_ctm_top.properties' in pack 'file/BOPPBR-FULL-RE1-v0.1.4.zip'
[17:31:24] [Worker-Main-7/WARN]: Unknown block 'biomesoplenty:hellbark_planks' in 'matchBlocks' element 'biomesoplenty:hellbark_planks' at index 88 in file 'minecraft:optifine/ctm/fir_planks_ctm_top.properties' in pack 'file/BOPPBR-FULL-RE1-v0.1.4.zip'
[17:31:24] [Worker-Main-7/WARN]: Unknown block 'biomesoplenty:hellbark_stairs' in 'matchBlocks' element 'biomesoplenty:hellbark_stairs:half=top' at index 89 in file 'minecraft:optifine/ctm/fir_planks_ctm_top.properties' in pack 'file/BOPPBR-FULL-RE1-v0.1.4.zip'
[17:31:24] [Worker-Main-7/WARN]: Unknown block 'biomesoplenty:hellbark_slab' in 'matchBlocks' element 'biomesoplenty:hellbark_slab:type=top' at index 90 in file 'minecraft:optifine/ctm/fir_planks_ctm_top.properties' in pack 'file/BOPPBR-FULL-RE1-v0.1.4.zip'
[17:31:24] [Worker-Main-7/WARN]: Unknown block 'biomesoplenty:hellbark_slab' in 'matchBlocks' element 'biomesoplenty:hellbark_slab:type=double' at index 91 in file 'minecraft:optifine/ctm/fir_planks_ctm_top.properties' in pack 'file/BOPPBR-FULL-RE1-v0.1.4.zip'
[17:31:24] [Worker-Main-7/WARN]: Unknown block 'biomesoplenty:empyreal_planks' in 'matchBlocks' element 'biomesoplenty:empyreal_planks' at index 92 in file 'minecraft:optifine/ctm/fir_planks_ctm_top.properties' in pack 'file/BOPPBR-FULL-RE1-v0.1.4.zip'
[17:31:24] [Worker-Main-7/WARN]: Unknown block 'biomesoplenty:empyreal_stairs' in 'matchBlocks' element 'biomesoplenty:empyreal_stairs:half=top' at index 93 in file 'minecraft:optifine/ctm/fir_planks_ctm_top.properties' in pack 'file/BOPPBR-FULL-RE1-v0.1.4.zip'
[17:31:24] [Worker-Main-7/WARN]: Unknown block 'biomesoplenty:empyreal_slab' in 'matchBlocks' element 'biomesoplenty:empyreal_slab:type=top' at index 94 in file 'minecraft:optifine/ctm/fir_planks_ctm_top.properties' in pack 'file/BOPPBR-FULL-RE1-v0.1.4.zip'
[17:31:24] [Worker-Main-7/WARN]: Unknown block 'biomesoplenty:empyreal_slab' in 'matchBlocks' element 'biomesoplenty:empyreal_slab:type=double' at index 95 in file 'minecraft:optifine/ctm/fir_planks_ctm_top.properties' in pack 'file/BOPPBR-FULL-RE1-v0.1.4.zip'
[17:31:24] [Worker-Main-7/WARN]: Unknown block 'biomesoplenty:fir_planks' in 'connectBlocks' element 'biomesoplenty:fir_planks' at index 0 in file 'minecraft:optifine/ctm/fir_planks_ctm_top.properties' in pack 'file/BOPPBR-FULL-RE1-v0.1.4.zip'
[17:31:24] [Worker-Main-7/WARN]: Unknown block 'biomesoplenty:hellbark_planks' in 'connectBlocks' element 'biomesoplenty:hellbark_planks' at index 0 in file 'minecraft:optifine/ctm/hellbark_planks_ctm.properties' in pack 'file/BOPPBR-FULL-RE1-v0.1.4.zip'
[17:31:24] [Worker-Main-7/WARN]: Unknown block 'biomesoplenty:origin_oak_planks' in 'matchBlocks' element 'biomesoplenty:origin_oak_planks' at index 44 in file 'minecraft:optifine/ctm/hellbark_planks_ctm_bottom.properties' in pack 'file/BOPPBR-FULL-RE1-v0.1.4.zip'
[17:31:24] [Worker-Main-7/WARN]: Unknown block 'biomesoplenty:origin_oak_stairs' in 'matchBlocks' element 'biomesoplenty:origin_oak_stairs:half=bottom' at index 45 in file 'minecraft:optifine/ctm/hellbark_planks_ctm_bottom.properties' in pack 'file/BOPPBR-FULL-RE1-v0.1.4.zip'
[17:31:24] [Worker-Main-7/WARN]: Unknown block 'biomesoplenty:origin_oak_slab' in 'matchBlocks' element 'biomesoplenty:origin_oak_slab:type=bottom' at index 46 in file 'minecraft:optifine/ctm/hellbark_planks_ctm_bottom.properties' in pack 'file/BOPPBR-FULL-RE1-v0.1.4.zip'
[17:31:24] [Worker-Main-7/WARN]: Unknown block 'biomesoplenty:origin_oak_slab' in 'matchBlocks' element 'biomesoplenty:origin_oak_slab:type=double' at index 47 in file 'minecraft:optifine/ctm/hellbark_planks_ctm_bottom.properties' in pack 'file/BOPPBR-FULL-RE1-v0.1.4.zip'
[17:31:24] [Worker-Main-7/WARN]: Unknown block 'biomesoplenty:fir_planks' in 'matchBlocks' element 'biomesoplenty:fir_planks' at index 48 in file 'minecraft:optifine/ctm/hellbark_planks_ctm_bottom.properties' in pack 'file/BOPPBR-FULL-RE1-v0.1.4.zip'
[17:31:24] [Worker-Main-7/WARN]: Unknown block 'biomesoplenty:fir_stairs' in 'matchBlocks' element 'biomesoplenty:fir_stairs:half=bottom' at index 49 in file 'minecraft:optifine/ctm/hellbark_planks_ctm_bottom.properties' in pack 'file/BOPPBR-FULL-RE1-v0.1.4.zip'
[17:31:24] [Worker-Main-7/WARN]: Unknown block 'biomesoplenty:fir_slab' in 'matchBlocks' element 'biomesoplenty:fir_slab:type=bottom' at index 50 in file 'minecraft:optifine/ctm/hellbark_planks_ctm_bottom.properties' in pack 'file/BOPPBR-FULL-RE1-v0.1.4.zip'
[17:31:24] [Worker-Main-7/WARN]: Unknown block 'biomesoplenty:fir_slab' in 'matchBlocks' element 'biomesoplenty:fir_slab:type=double' at index 51 in file 'minecraft:optifine/ctm/hellbark_planks_ctm_bottom.properties' in pack 'file/BOPPBR-FULL-RE1-v0.1.4.zip'
[17:31:24] [Worker-Main-7/WARN]: Unknown block 'biomesoplenty:pine_planks' in 'matchBlocks' element 'biomesoplenty:pine_planks' at index 52 in file 'minecraft:optifine/ctm/hellbark_planks_ctm_bottom.properties' in pack 'file/BOPPBR-FULL-RE1-v0.1.4.zip'
[17:31:24] [Worker-Main-7/WARN]: Unknown block 'biomesoplenty:pine_stairs' in 'matchBlocks' element 'biomesoplenty:pine_stairs:half=bottom' at index 53 in file 'minecraft:optifine/ctm/hellbark_planks_ctm_bottom.properties' in pack 'file/BOPPBR-FULL-RE1-v0.1.4.zip'
[17:31:24] [Worker-Main-7/WARN]: Unknown block 'biomesoplenty:pine_slab' in 'matchBlocks' element 'biomesoplenty:pine_slab:type=bottom' at index 54 in file 'minecraft:optifine/ctm/hellbark_planks_ctm_bottom.properties' in pack 'file/BOPPBR-FULL-RE1-v0.1.4.zip'
[17:31:24] [Worker-Main-7/WARN]: Unknown block 'biomesoplenty:pine_slab' in 'matchBlocks' element 'biomesoplenty:pine_slab:type=double' at index 55 in file 'minecraft:optifine/ctm/hellbark_planks_ctm_bottom.properties' in pack 'file/BOPPBR-FULL-RE1-v0.1.4.zip'
[17:31:24] [Worker-Main-7/WARN]: Unknown block 'biomesoplenty:maple_planks' in 'matchBlocks' element 'biomesoplenty:maple_planks' at index 56 in file 'minecraft:optifine/ctm/hellbark_planks_ctm_bottom.properties' in pack 'file/BOPPBR-FULL-RE1-v0.1.4.zip'
[17:31:24] [Worker-Main-7/WARN]: Unknown block 'biomesoplenty:maple_stairs' in 'matchBlocks' element 'biomesoplenty:maple_stairs:half=bottom' at index 57 in file 'minecraft:optifine/ctm/hellbark_planks_ctm_bottom.properties' in pack 'file/BOPPBR-FULL-RE1-v0.1.4.zip'
[17:31:24] [Worker-Main-7/WARN]: Unknown block 'biomesoplenty:maple_slab' in 'matchBlocks' element 'biomesoplenty:maple_slab:type=bottom' at index 58 in file 'minecraft:optifine/ctm/hellbark_planks_ctm_bottom.properties' in pack 'file/BOPPBR-FULL-RE1-v0.1.4.zip'
[17:31:24] [Worker-Main-7/WARN]: Unknown block 'biomesoplenty:maple_slab' in 'matchBlocks' element 'biomesoplenty:maple_slab:type=double' at index 59 in file 'minecraft:optifine/ctm/hellbark_planks_ctm_bottom.properties' in pack 'file/BOPPBR-FULL-RE1-v0.1.4.zip'
[17:31:24] [Worker-Main-7/WARN]: Unknown block 'biomesoplenty:redwood_planks' in 'matchBlocks' element 'biomesoplenty:redwood_planks' at index 60 in file 'minecraft:optifine/ctm/hellbark_planks_ctm_bottom.properties' in pack 'file/BOPPBR-FULL-RE1-v0.1.4.zip'
[17:31:24] [Worker-Main-7/WARN]: Unknown block 'biomesoplenty:redwood_stairs' in 'matchBlocks' element 'biomesoplenty:redwood_stairs:half=bottom' at index 61 in file 'minecraft:optifine/ctm/hellbark_planks_ctm_bottom.properties' in pack 'file/BOPPBR-FULL-RE1-v0.1.4.zip'
[17:31:24] [Worker-Main-7/WARN]: Unknown block 'biomesoplenty:redwood_slab' in 'matchBlocks' element 'biomesoplenty:redwood_slab:type=bottom' at index 62 in file 'minecraft:optifine/ctm/hellbark_planks_ctm_bottom.properties' in pack 'file/BOPPBR-FULL-RE1-v0.1.4.zip'
[17:31:24] [Worker-Main-7/WARN]: Unknown block 'biomesoplenty:redwood_slab' in 'matchBlocks' element 'biomesoplenty:redwood_slab:type=double' at index 63 in file 'minecraft:optifine/ctm/hellbark_planks_ctm_bottom.properties' in pack 'file/BOPPBR-FULL-RE1-v0.1.4.zip'
[17:31:24] [Worker-Main-7/WARN]: Unknown block 'biomesoplenty:mahogany_planks' in 'matchBlocks' element 'biomesoplenty:mahogany_planks' at index 64 in file 'minecraft:optifine/ctm/hellbark_planks_ctm_bottom.properties' in pack 'file/BOPPBR-FULL-RE1-v0.1.4.zip'
[17:31:24] [Worker-Main-7/WARN]: Unknown block 'biomesoplenty:mahogany_stairs' in 'matchBlocks' element 'biomesoplenty:mahogany_stairs:half=bottom' at index 65 in file 'minecraft:optifine/ctm/hellbark_planks_ctm_bottom.properties' in pack 'file/BOPPBR-FULL-RE1-v0.1.4.zip'
[17:31:24] [Worker-Main-7/WARN]: Unknown block 'biomesoplenty:mahogany_slab' in 'matchBlocks' element 'biomesoplenty:mahogany_slab:type=bottom' at index 66 in file 'minecraft:optifine/ctm/hellbark_planks_ctm_bottom.properties' in pack 'file/BOPPBR-FULL-RE1-v0.1.4.zip'
[17:31:24] [Worker-Main-7/WARN]: Unknown block 'biomesoplenty:mahogany_slab' in 'matchBlocks' element 'biomesoplenty:mahogany_slab:type=double' at index 67 in file 'minecraft:optifine/ctm/hellbark_planks_ctm_bottom.properties' in pack 'file/BOPPBR-FULL-RE1-v0.1.4.zip'
[17:31:24] [Worker-Main-7/WARN]: Unknown block 'biomesoplenty:jacaranda_planks' in 'matchBlocks' element 'biomesoplenty:jacaranda_planks' at index 68 in file 'minecraft:optifine/ctm/hellbark_planks_ctm_bottom.properties' in pack 'file/BOPPBR-FULL-RE1-v0.1.4.zip'
[17:31:24] [Worker-Main-7/WARN]: Unknown block 'biomesoplenty:jacaranda_stairs' in 'matchBlocks' element 'biomesoplenty:jacaranda_stairs:half=bottom' at index 69 in file 'minecraft:optifine/ctm/hellbark_planks_ctm_bottom.properties' in pack 'file/BOPPBR-FULL-RE1-v0.1.4.zip'
[17:31:24] [Worker-Main-7/WARN]: Unknown block 'biomesoplenty:jacaranda_slab' in 'matchBlocks' element 'biomesoplenty:jacaranda_slab:type=bottom' at index 70 in file 'minecraft:optifine/ctm/hellbark_planks_ctm_bottom.properties' in pack 'file/BOPPBR-FULL-RE1-v0.1.4.zip'
[17:31:24] [Worker-Main-7/WARN]: Unknown block 'biomesoplenty:jacaranda_slab' in 'matchBlocks' element 'biomesoplenty:jacaranda_slab:type=double' at index 71 in file 'minecraft:optifine/ctm/hellbark_planks_ctm_bottom.properties' in pack 'file/BOPPBR-FULL-RE1-v0.1.4.zip'
[17:31:24] [Worker-Main-7/WARN]: Unknown block 'biomesoplenty:palm_planks' in 'matchBlocks' element 'biomesoplenty:palm_planks' at index 72 in file 'minecraft:optifine/ctm/hellbark_planks_ctm_bottom.properties' in pack 'file/BOPPBR-FULL-RE1-v0.1.4.zip'
[17:31:24] [Worker-Main-7/WARN]: Unknown block 'biomesoplenty:palm_stairs' in 'matchBlocks' element 'biomesoplenty:palm_stairs:half=bottom' at index 73 in file 'minecraft:optifine/ctm/hellbark_planks_ctm_bottom.properties' in pack 'file/BOPPBR-FULL-RE1-v0.1.4.zip'
[17:31:24] [Worker-Main-7/WARN]: Unknown block 'biomesoplenty:palm_slab' in 'matchBlocks' element 'biomesoplenty:palm_slab:type=bottom' at index 74 in file 'minecraft:optifine/ctm/hellbark_planks_ctm_bottom.properties' in pack 'file/BOPPBR-FULL-RE1-v0.1.4.zip'
[17:31:24] [Worker-Main-7/WARN]: Unknown block 'biomesoplenty:palm_slab' in 'matchBlocks' element 'biomesoplenty:palm_slab:type=double' at index 75 in file 'minecraft:optifine/ctm/hellbark_planks_ctm_bottom.properties' in pack 'file/BOPPBR-FULL-RE1-v0.1.4.zip'
[17:31:24] [Worker-Main-7/WARN]: Unknown block 'biomesoplenty:willow_planks' in 'matchBlocks' element 'biomesoplenty:willow_planks' at index 76 in file 'minecraft:optifine/ctm/hellbark_planks_ctm_bottom.properties' in pack 'file/BOPPBR-FULL-RE1-v0.1.4.zip'
[17:31:24] [Worker-Main-7/WARN]: Unknown block 'biomesoplenty:willow_stairs' in 'matchBlocks' element 'biomesoplenty:willow_stairs:half=bottom' at index 77 in file 'minecraft:optifine/ctm/hellbark_planks_ctm_bottom.properties' in pack 'file/BOPPBR-FULL-RE1-v0.1.4.zip'
[17:31:24] [Worker-Main-7/WARN]: Unknown block 'biomesoplenty:willow_slab' in 'matchBlocks' element 'biomesoplenty:willow_slab:type=bottom' at index 78 in file 'minecraft:optifine/ctm/hellbark_planks_ctm_bottom.properties' in pack 'file/BOPPBR-FULL-RE1-v0.1.4.zip'
[17:31:24] [Worker-Main-7/WARN]: Unknown block 'biomesoplenty:willow_slab' in 'matchBlocks' element 'biomesoplenty:willow_slab:type=double' at index 79 in file 'minecraft:optifine/ctm/hellbark_planks_ctm_bottom.properties' in pack 'file/BOPPBR-FULL-RE1-v0.1.4.zip'
[17:31:24] [Worker-Main-7/WARN]: Unknown block 'biomesoplenty:dead_planks' in 'matchBlocks' element 'biomesoplenty:dead_planks' at index 80 in file 'minecraft:optifine/ctm/hellbark_planks_ctm_bottom.properties' in pack 'file/BOPPBR-FULL-RE1-v0.1.4.zip'
[17:31:24] [Worker-Main-7/WARN]: Unknown block 'biomesoplenty:dead_stairs' in 'matchBlocks' element 'biomesoplenty:dead_stairs:half=bottom' at index 81 in file 'minecraft:optifine/ctm/hellbark_planks_ctm_bottom.properties' in pack 'file/BOPPBR-FULL-RE1-v0.1.4.zip'
[17:31:24] [Worker-Main-7/WARN]: Unknown block 'biomesoplenty:dead_slab' in 'matchBlocks' element 'biomesoplenty:dead_slab:type=bottom' at index 82 in file 'minecraft:optifine/ctm/hellbark_planks_ctm_bottom.properties' in pack 'file/BOPPBR-FULL-RE1-v0.1.4.zip'
[17:31:24] [Worker-Main-7/WARN]: Unknown block 'biomesoplenty:dead_slab' in 'matchBlocks' element 'biomesoplenty:dead_slab:type=double' at index 83 in file 'minecraft:optifine/ctm/hellbark_planks_ctm_bottom.properties' in pack 'file/BOPPBR-FULL-RE1-v0.1.4.zip'
[17:31:24] [Worker-Main-7/WARN]: Unknown block 'biomesoplenty:magic_planks' in 'matchBlocks' element 'biomesoplenty:magic_planks' at index 84 in file 'minecraft:optifine/ctm/hellbark_planks_ctm_bottom.properties' in pack 'file/BOPPBR-FULL-RE1-v0.1.4.zip'
[17:31:24] [Worker-Main-7/WARN]: Unknown block 'biomesoplenty:magic_stairs' in 'matchBlocks' element 'biomesoplenty:magic_stairs:half=bottom' at index 85 in file 'minecraft:optifine/ctm/hellbark_planks_ctm_bottom.properties' in pack 'file/BOPPBR-FULL-RE1-v0.1.4.zip'
[17:31:24] [Worker-Main-7/WARN]: Unknown block 'biomesoplenty:magic_slab' in 'matchBlocks' element 'biomesoplenty:magic_slab:type=bottom' at index 86 in file 'minecraft:optifine/ctm/hellbark_planks_ctm_bottom.properties' in pack 'file/BOPPBR-FULL-RE1-v0.1.4.zip'
[17:31:24] [Worker-Main-7/WARN]: Unknown block 'biomesoplenty:magic_slab' in 'matchBlocks' element 'biomesoplenty:magic_slab:type=double' at index 87 in file 'minecraft:optifine/ctm/hellbark_planks_ctm_bottom.properties' in pack 'file/BOPPBR-FULL-RE1-v0.1.4.zip'
[17:31:24] [Worker-Main-7/WARN]: Unknown block 'biomesoplenty:umbran_planks' in 'matchBlocks' element 'biomesoplenty:umbran_planks' at index 88 in file 'minecraft:optifine/ctm/hellbark_planks_ctm_bottom.properties' in pack 'file/BOPPBR-FULL-RE1-v0.1.4.zip'
[17:31:24] [Worker-Main-7/WARN]: Unknown block 'biomesoplenty:umbran_stairs' in 'matchBlocks' element 'biomesoplenty:umbran_stairs:half=bottom' at index 89 in file 'minecraft:optifine/ctm/hellbark_planks_ctm_bottom.properties' in pack 'file/BOPPBR-FULL-RE1-v0.1.4.zip'
[17:31:24] [Worker-Main-7/WARN]: Unknown block 'biomesoplenty:umbran_slab' in 'matchBlocks' element 'biomesoplenty:umbran_slab:type=bottom' at index 90 in file 'minecraft:optifine/ctm/hellbark_planks_ctm_bottom.properties' in pack 'file/BOPPBR-FULL-RE1-v0.1.4.zip'
[17:31:24] [Worker-Main-7/WARN]: Unknown block 'biomesoplenty:umbran_slab' in 'matchBlocks' element 'biomesoplenty:umbran_slab:type=double' at index 91 in file 'minecraft:optifine/ctm/hellbark_planks_ctm_bottom.properties' in pack 'file/BOPPBR-FULL-RE1-v0.1.4.zip'
[17:31:24] [Worker-Main-7/WARN]: Unknown block 'biomesoplenty:empyreal_planks' in 'matchBlocks' element 'biomesoplenty:empyreal_planks' at index 92 in file 'minecraft:optifine/ctm/hellbark_planks_ctm_bottom.properties' in pack 'file/BOPPBR-FULL-RE1-v0.1.4.zip'
[17:31:24] [Worker-Main-7/WARN]: Unknown block 'biomesoplenty:empyreal_stairs' in 'matchBlocks' element 'biomesoplenty:empyreal_stairs:half=bottom' at index 93 in file 'minecraft:optifine/ctm/hellbark_planks_ctm_bottom.properties' in pack 'file/BOPPBR-FULL-RE1-v0.1.4.zip'
[17:31:24] [Worker-Main-7/WARN]: Unknown block 'biomesoplenty:empyreal_slab' in 'matchBlocks' element 'biomesoplenty:empyreal_slab:type=bottom' at index 94 in file 'minecraft:optifine/ctm/hellbark_planks_ctm_bottom.properties' in pack 'file/BOPPBR-FULL-RE1-v0.1.4.zip'
[17:31:24] [Worker-Main-7/WARN]: Unknown block 'biomesoplenty:empyreal_slab' in 'matchBlocks' element 'biomesoplenty:empyreal_slab:type=double' at index 95 in file 'minecraft:optifine/ctm/hellbark_planks_ctm_bottom.properties' in pack 'file/BOPPBR-FULL-RE1-v0.1.4.zip'
[17:31:24] [Worker-Main-7/WARN]: Unknown block 'biomesoplenty:hellbark_planks' in 'connectBlocks' element 'biomesoplenty:hellbark_planks' at index 0 in file 'minecraft:optifine/ctm/hellbark_planks_ctm_bottom.properties' in pack 'file/BOPPBR-FULL-RE1-v0.1.4.zip'
[17:31:24] [Worker-Main-7/WARN]: Unknown block 'biomesoplenty:origin_oak_planks' in 'matchBlocks' element 'biomesoplenty:origin_oak_planks' at index 22 in file 'minecraft:optifine/ctm/hellbark_planks_ctm_sides.properties' in pack 'file/BOPPBR-FULL-RE1-v0.1.4.zip'
[17:31:24] [Worker-Main-7/WARN]: Unknown block 'biomesoplenty:origin_oak_slab' in 'matchBlocks' element 'biomesoplenty:origin_oak_slab:type=double' at index 23 in file 'minecraft:optifine/ctm/hellbark_planks_ctm_sides.properties' in pack 'file/BOPPBR-FULL-RE1-v0.1.4.zip'
[17:31:24] [Worker-Main-7/WARN]: Unknown block 'biomesoplenty:fir_planks' in 'matchBlocks' element 'biomesoplenty:fir_planks' at index 24 in file 'minecraft:optifine/ctm/hellbark_planks_ctm_sides.properties' in pack 'file/BOPPBR-FULL-RE1-v0.1.4.zip'
[17:31:24] [Worker-Main-7/WARN]: Unknown block 'biomesoplenty:fir_slab' in 'matchBlocks' element 'biomesoplenty:fir_slab:type=double' at index 25 in file 'minecraft:optifine/ctm/hellbark_planks_ctm_sides.properties' in pack 'file/BOPPBR-FULL-RE1-v0.1.4.zip'
[17:31:24] [Worker-Main-7/WARN]: Unknown block 'biomesoplenty:pine_planks' in 'matchBlocks' element 'biomesoplenty:pine_planks' at index 26 in file 'minecraft:optifine/ctm/hellbark_planks_ctm_sides.properties' in pack 'file/BOPPBR-FULL-RE1-v0.1.4.zip'
[17:31:24] [Worker-Main-7/WARN]: Unknown block 'biomesoplenty:pine_slab' in 'matchBlocks' element 'biomesoplenty:pine_slab:type=double' at index 27 in file 'minecraft:optifine/ctm/hellbark_planks_ctm_sides.properties' in pack 'file/BOPPBR-FULL-RE1-v0.1.4.zip'
[17:31:24] [Worker-Main-7/WARN]: Unknown block 'biomesoplenty:maple_planks' in 'matchBlocks' element 'biomesoplenty:maple_planks' at index 28 in file 'minecraft:optifine/ctm/hellbark_planks_ctm_sides.properties' in pack 'file/BOPPBR-FULL-RE1-v0.1.4.zip'
[17:31:24] [Worker-Main-7/WARN]: Unknown block 'biomesoplenty:maple_slab' in 'matchBlocks' element 'biomesoplenty:maple_slab:type=double' at index 29 in file 'minecraft:optifine/ctm/hellbark_planks_ctm_sides.properties' in pack 'file/BOPPBR-FULL-RE1-v0.1.4.zip'
[17:31:24] [Worker-Main-7/WARN]: Unknown block 'biomesoplenty:redwood_planks' in 'matchBlocks' element 'biomesoplenty:redwood_planks' at index 30 in file 'minecraft:optifine/ctm/hellbark_planks_ctm_sides.properties' in pack 'file/BOPPBR-FULL-RE1-v0.1.4.zip'
[17:31:24] [Worker-Main-7/WARN]: Unknown block 'biomesoplenty:redwood_slab' in 'matchBlocks' element 'biomesoplenty:redwood_slab:type=double' at index 31 in file 'minecraft:optifine/ctm/hellbark_planks_ctm_sides.properties' in pack 'file/BOPPBR-FULL-RE1-v0.1.4.zip'
[17:31:24] [Worker-Main-7/WARN]: Unknown block 'biomesoplenty:mahogany_planks' in 'matchBlocks' element 'biomesoplenty:mahogany_planks' at index 32 in file 'minecraft:optifine/ctm/hellbark_planks_ctm_sides.properties' in pack 'file/BOPPBR-FULL-RE1-v0.1.4.zip'
[17:31:24] [Worker-Main-7/WARN]: Unknown block 'biomesoplenty:mahogany_slab' in 'matchBlocks' element 'biomesoplenty:mahogany_slab:type=double' at index 33 in file 'minecraft:optifine/ctm/hellbark_planks_ctm_sides.properties' in pack 'file/BOPPBR-FULL-RE1-v0.1.4.zip'
[17:31:24] [Worker-Main-7/WARN]: Unknown block 'biomesoplenty:jacaranda_planks' in 'matchBlocks' element 'biomesoplenty:jacaranda_planks' at index 34 in file 'minecraft:optifine/ctm/hellbark_planks_ctm_sides.properties' in pack 'file/BOPPBR-FULL-RE1-v0.1.4.zip'
[17:31:24] [Worker-Main-7/WARN]: Unknown block 'biomesoplenty:jacaranda_slab' in 'matchBlocks' element 'biomesoplenty:jacaranda_slab:type=double' at index 35 in file 'minecraft:optifine/ctm/hellbark_planks_ctm_sides.properties' in pack 'file/BOPPBR-FULL-RE1-v0.1.4.zip'
[17:31:24] [Worker-Main-7/WARN]: Unknown block 'biomesoplenty:palm_planks' in 'matchBlocks' element 'biomesoplenty:palm_planks' at index 36 in file 'minecraft:optifine/ctm/hellbark_planks_ctm_sides.properties' in pack 'file/BOPPBR-FULL-RE1-v0.1.4.zip'
[17:31:24] [Worker-Main-7/WARN]: Unknown block 'biomesoplenty:palm_slab' in 'matchBlocks' element 'biomesoplenty:palm_slab:type=double' at index 37 in file 'minecraft:optifine/ctm/hellbark_planks_ctm_sides.properties' in pack 'file/BOPPBR-FULL-RE1-v0.1.4.zip'
[17:31:24] [Worker-Main-7/WARN]: Unknown block 'biomesoplenty:willow_planks' in 'matchBlocks' element 'biomesoplenty:willow_planks' at index 38 in file 'minecraft:optifine/ctm/hellbark_planks_ctm_sides.properties' in pack 'file/BOPPBR-FULL-RE1-v0.1.4.zip'
[17:31:24] [Worker-Main-7/WARN]: Unknown block 'biomesoplenty:willow_slab' in 'matchBlocks' element 'biomesoplenty:willow_slab:type=double' at index 39 in file 'minecraft:optifine/ctm/hellbark_planks_ctm_sides.properties' in pack 'file/BOPPBR-FULL-RE1-v0.1.4.zip'
[17:31:24] [Worker-Main-7/WARN]: Unknown block 'biomesoplenty:dead_planks' in 'matchBlocks' element 'biomesoplenty:dead_planks' at index 40 in file 'minecraft:optifine/ctm/hellbark_planks_ctm_sides.properties' in pack 'file/BOPPBR-FULL-RE1-v0.1.4.zip'
[17:31:24] [Worker-Main-7/WARN]: Unknown block 'biomesoplenty:dead_slab' in 'matchBlocks' element 'biomesoplenty:dead_slab:type=double' at index 41 in file 'minecraft:optifine/ctm/hellbark_planks_ctm_sides.properties' in pack 'file/BOPPBR-FULL-RE1-v0.1.4.zip'
[17:31:24] [Worker-Main-7/WARN]: Unknown block 'biomesoplenty:magic_planks' in 'matchBlocks' element 'biomesoplenty:magic_planks' at index 42 in file 'minecraft:optifine/ctm/hellbark_planks_ctm_sides.properties' in pack 'file/BOPPBR-FULL-RE1-v0.1.4.zip'
[17:31:24] [Worker-Main-7/WARN]: Unknown block 'biomesoplenty:magic_slab' in 'matchBlocks' element 'biomesoplenty:magic_slab:type=double' at index 43 in file 'minecraft:optifine/ctm/hellbark_planks_ctm_sides.properties' in pack 'file/BOPPBR-FULL-RE1-v0.1.4.zip'
[17:31:24] [Worker-Main-7/WARN]: Unknown block 'biomesoplenty:umbran_planks' in 'matchBlocks' element 'biomesoplenty:umbran_planks' at index 44 in file 'minecraft:optifine/ctm/hellbark_planks_ctm_sides.properties' in pack 'file/BOPPBR-FULL-RE1-v0.1.4.zip'
[17:31:24] [Worker-Main-7/WARN]: Unknown block 'biomesoplenty:umbran_slab' in 'matchBlocks' element 'biomesoplenty:umbran_slab:type=double' at index 45 in file 'minecraft:optifine/ctm/hellbark_planks_ctm_sides.properties' in pack 'file/BOPPBR-FULL-RE1-v0.1.4.zip'
[17:31:24] [Worker-Main-7/WARN]: Unknown block 'biomesoplenty:empyreal_planks' in 'matchBlocks' element 'biomesoplenty:empyreal_planks' at index 46 in file 'minecraft:optifine/ctm/hellbark_planks_ctm_sides.properties' in pack 'file/BOPPBR-FULL-RE1-v0.1.4.zip'
[17:31:24] [Worker-Main-7/WARN]: Unknown block 'biomesoplenty:empyreal_slab' in 'matchBlocks' element 'biomesoplenty:empyreal_slab:type=double' at index 47 in file 'minecraft:optifine/ctm/hellbark_planks_ctm_sides.properties' in pack 'file/BOPPBR-FULL-RE1-v0.1.4.zip'
[17:31:24] [Worker-Main-7/WARN]: Unknown block 'biomesoplenty:hellbark_planks' in 'connectBlocks' element 'biomesoplenty:hellbark_planks' at index 0 in file 'minecraft:optifine/ctm/hellbark_planks_ctm_sides.properties' in pack 'file/BOPPBR-FULL-RE1-v0.1.4.zip'
[17:31:24] [Worker-Main-7/WARN]: Unknown block 'biomesoplenty:origin_oak_planks' in 'matchBlocks' element 'biomesoplenty:origin_oak_planks' at index 44 in file 'minecraft:optifine/ctm/hellbark_planks_ctm_top.properties' in pack 'file/BOPPBR-FULL-RE1-v0.1.4.zip'
[17:31:24] [Worker-Main-7/WARN]: Unknown block 'biomesoplenty:origin_oak_stairs' in 'matchBlocks' element 'biomesoplenty:origin_oak_stairs:half=top' at index 45 in file 'minecraft:optifine/ctm/hellbark_planks_ctm_top.properties' in pack 'file/BOPPBR-FULL-RE1-v0.1.4.zip'
[17:31:24] [Worker-Main-7/WARN]: Unknown block 'biomesoplenty:origin_oak_slab' in 'matchBlocks' element 'biomesoplenty:origin_oak_slab:type=top' at index 46 in file 'minecraft:optifine/ctm/hellbark_planks_ctm_top.properties' in pack 'file/BOPPBR-FULL-RE1-v0.1.4.zip'
[17:31:24] [Worker-Main-7/WARN]: Unknown block 'biomesoplenty:origin_oak_slab' in 'matchBlocks' element 'biomesoplenty:origin_oak_slab:type=double' at index 47 in file 'minecraft:optifine/ctm/hellbark_planks_ctm_top.properties' in pack 'file/BOPPBR-FULL-RE1-v0.1.4.zip'
[17:31:24] [Worker-Main-7/WARN]: Unknown block 'biomesoplenty:fir_planks' in 'matchBlocks' element 'biomesoplenty:fir_planks' at index 48 in file 'minecraft:optifine/ctm/hellbark_planks_ctm_top.properties' in pack 'file/BOPPBR-FULL-RE1-v0.1.4.zip'
[17:31:24] [Worker-Main-7/WARN]: Unknown block 'biomesoplenty:fir_stairs' in 'matchBlocks' element 'biomesoplenty:fir_stairs:half=top' at index 49 in file 'minecraft:optifine/ctm/hellbark_planks_ctm_top.properties' in pack 'file/BOPPBR-FULL-RE1-v0.1.4.zip'
[17:31:24] [Worker-Main-7/WARN]: Unknown block 'biomesoplenty:fir_slab' in 'matchBlocks' element 'biomesoplenty:fir_slab:type=top' at index 50 in file 'minecraft:optifine/ctm/hellbark_planks_ctm_top.properties' in pack 'file/BOPPBR-FULL-RE1-v0.1.4.zip'
[17:31:24] [Worker-Main-7/WARN]: Unknown block 'biomesoplenty:fir_slab' in 'matchBlocks' element 'biomesoplenty:fir_slab:type=double' at index 51 in file 'minecraft:optifine/ctm/hellbark_planks_ctm_top.properties' in pack 'file/BOPPBR-FULL-RE1-v0.1.4.zip'
[17:31:24] [Worker-Main-7/WARN]: Unknown block 'biomesoplenty:pine_planks' in 'matchBlocks' element 'biomesoplenty:pine_planks' at index 52 in file 'minecraft:optifine/ctm/hellbark_planks_ctm_top.properties' in pack 'file/BOPPBR-FULL-RE1-v0.1.4.zip'
[17:31:24] [Worker-Main-7/WARN]: Unknown block 'biomesoplenty:pine_stairs' in 'matchBlocks' element 'biomesoplenty:pine_stairs:half=top' at index 53 in file 'minecraft:optifine/ctm/hellbark_planks_ctm_top.properties' in pack 'file/BOPPBR-FULL-RE1-v0.1.4.zip'
[17:31:24] [Worker-Main-7/WARN]: Unknown block 'biomesoplenty:pine_slab' in 'matchBlocks' element 'biomesoplenty:pine_slab:type=top' at index 54 in file 'minecraft:optifine/ctm/hellbark_planks_ctm_top.properties' in pack 'file/BOPPBR-FULL-RE1-v0.1.4.zip'
[17:31:24] [Worker-Main-7/WARN]: Unknown block 'biomesoplenty:pine_slab' in 'matchBlocks' element 'biomesoplenty:pine_slab:type=double' at index 55 in file 'minecraft:optifine/ctm/hellbark_planks_ctm_top.properties' in pack 'file/BOPPBR-FULL-RE1-v0.1.4.zip'
[17:31:24] [Worker-Main-7/WARN]: Unknown block 'biomesoplenty:maple_planks' in 'matchBlocks' element 'biomesoplenty:maple_planks' at index 56 in file 'minecraft:optifine/ctm/hellbark_planks_ctm_top.properties' in pack 'file/BOPPBR-FULL-RE1-v0.1.4.zip'
[17:31:24] [Worker-Main-7/WARN]: Unknown block 'biomesoplenty:maple_stairs' in 'matchBlocks' element 'biomesoplenty:maple_stairs:half=top' at index 57 in file 'minecraft:optifine/ctm/hellbark_planks_ctm_top.properties' in pack 'file/BOPPBR-FULL-RE1-v0.1.4.zip'
[17:31:24] [Worker-Main-7/WARN]: Unknown block 'biomesoplenty:maple_slab' in 'matchBlocks' element 'biomesoplenty:maple_slab:type=top' at index 58 in file 'minecraft:optifine/ctm/hellbark_planks_ctm_top.properties' in pack 'file/BOPPBR-FULL-RE1-v0.1.4.zip'
[17:31:24] [Worker-Main-7/WARN]: Unknown block 'biomesoplenty:maple_slab' in 'matchBlocks' element 'biomesoplenty:maple_slab:type=double' at index 59 in file 'minecraft:optifine/ctm/hellbark_planks_ctm_top.properties' in pack 'file/BOPPBR-FULL-RE1-v0.1.4.zip'
[17:31:24] [Worker-Main-7/WARN]: Unknown block 'biomesoplenty:redwood_planks' in 'matchBlocks' element 'biomesoplenty:redwood_planks' at index 60 in file 'minecraft:optifine/ctm/hellbark_planks_ctm_top.properties' in pack 'file/BOPPBR-FULL-RE1-v0.1.4.zip'
[17:31:24] [Worker-Main-7/WARN]: Unknown block 'biomesoplenty:redwood_stairs' in 'matchBlocks' element 'biomesoplenty:redwood_stairs:half=top' at index 61 in file 'minecraft:optifine/ctm/hellbark_planks_ctm_top.properties' in pack 'file/BOPPBR-FULL-RE1-v0.1.4.zip'
[17:31:24] [Worker-Main-7/WARN]: Unknown block 'biomesoplenty:redwood_slab' in 'matchBlocks' element 'biomesoplenty:redwood_slab:type=top' at index 62 in file 'minecraft:optifine/ctm/hellbark_planks_ctm_top.properties' in pack 'file/BOPPBR-FULL-RE1-v0.1.4.zip'
[17:31:24] [Worker-Main-7/WARN]: Unknown block 'biomesoplenty:redwood_slab' in 'matchBlocks' element 'biomesoplenty:redwood_slab:type=double' at index 63 in file 'minecraft:optifine/ctm/hellbark_planks_ctm_top.properties' in pack 'file/BOPPBR-FULL-RE1-v0.1.4.zip'
[17:31:24] [Worker-Main-7/WARN]: Unknown block 'biomesoplenty:mahogany_planks' in 'matchBlocks' element 'biomesoplenty:mahogany_planks' at index 64 in file 'minecraft:optifine/ctm/hellbark_planks_ctm_top.properties' in pack 'file/BOPPBR-FULL-RE1-v0.1.4.zip'
[17:31:24] [Worker-Main-7/WARN]: Unknown block 'biomesoplenty:mahogany_stairs' in 'matchBlocks' element 'biomesoplenty:mahogany_stairs:half=top' at index 65 in file 'minecraft:optifine/ctm/hellbark_planks_ctm_top.properties' in pack 'file/BOPPBR-FULL-RE1-v0.1.4.zip'
[17:31:24] [Worker-Main-7/WARN]: Unknown block 'biomesoplenty:mahogany_slab' in 'matchBlocks' element 'biomesoplenty:mahogany_slab:type=top' at index 66 in file 'minecraft:optifine/ctm/hellbark_planks_ctm_top.properties' in pack 'file/BOPPBR-FULL-RE1-v0.1.4.zip'
[17:31:24] [Worker-Main-7/WARN]: Unknown block 'biomesoplenty:mahogany_slab' in 'matchBlocks' element 'biomesoplenty:mahogany_slab:type=double' at index 67 in file 'minecraft:optifine/ctm/hellbark_planks_ctm_top.properties' in pack 'file/BOPPBR-FULL-RE1-v0.1.4.zip'
[17:31:24] [Worker-Main-7/WARN]: Unknown block 'biomesoplenty:jacaranda_planks' in 'matchBlocks' element 'biomesoplenty:jacaranda_planks' at index 68 in file 'minecraft:optifine/ctm/hellbark_planks_ctm_top.properties' in pack 'file/BOPPBR-FULL-RE1-v0.1.4.zip'
[17:31:24] [Worker-Main-7/WARN]: Unknown block 'biomesoplenty:jacaranda_stairs' in 'matchBlocks' element 'biomesoplenty:jacaranda_stairs:half=top' at index 69 in file 'minecraft:optifine/ctm/hellbark_planks_ctm_top.properties' in pack 'file/BOPPBR-FULL-RE1-v0.1.4.zip'
[17:31:24] [Worker-Main-7/WARN]: Unknown block 'biomesoplenty:jacaranda_slab' in 'matchBlocks' element 'biomesoplenty:jacaranda_slab:type=top' at index 70 in file 'minecraft:optifine/ctm/hellbark_planks_ctm_top.properties' in pack 'file/BOPPBR-FULL-RE1-v0.1.4.zip'
[17:31:24] [Worker-Main-7/WARN]: Unknown block 'biomesoplenty:jacaranda_slab' in 'matchBlocks' element 'biomesoplenty:jacaranda_slab:type=double' at index 71 in file 'minecraft:optifine/ctm/hellbark_planks_ctm_top.properties' in pack 'file/BOPPBR-FULL-RE1-v0.1.4.zip'
[17:31:24] [Worker-Main-7/WARN]: Unknown block 'biomesoplenty:palm_planks' in 'matchBlocks' element 'biomesoplenty:palm_planks' at index 72 in file 'minecraft:optifine/ctm/hellbark_planks_ctm_top.properties' in pack 'file/BOPPBR-FULL-RE1-v0.1.4.zip'
[17:31:24] [Worker-Main-7/WARN]: Unknown block 'biomesoplenty:palm_stairs' in 'matchBlocks' element 'biomesoplenty:palm_stairs:half=top' at index 73 in file 'minecraft:optifine/ctm/hellbark_planks_ctm_top.properties' in pack 'file/BOPPBR-FULL-RE1-v0.1.4.zip'
[17:31:24] [Worker-Main-7/WARN]: Unknown block 'biomesoplenty:palm_slab' in 'matchBlocks' element 'biomesoplenty:palm_slab:type=top' at index 74 in file 'minecraft:optifine/ctm/hellbark_planks_ctm_top.properties' in pack 'file/BOPPBR-FULL-RE1-v0.1.4.zip'
[17:31:24] [Worker-Main-7/WARN]: Unknown block 'biomesoplenty:palm_slab' in 'matchBlocks' element 'biomesoplenty:palm_slab:type=double' at index 75 in file 'minecraft:optifine/ctm/hellbark_planks_ctm_top.properties' in pack 'file/BOPPBR-FULL-RE1-v0.1.4.zip'
[17:31:24] [Worker-Main-7/WARN]: Unknown block 'biomesoplenty:willow_planks' in 'matchBlocks' element 'biomesoplenty:willow_planks' at index 76 in file 'minecraft:optifine/ctm/hellbark_planks_ctm_top.properties' in pack 'file/BOPPBR-FULL-RE1-v0.1.4.zip'
[17:31:24] [Worker-Main-7/WARN]: Unknown block 'biomesoplenty:willow_stairs' in 'matchBlocks' element 'biomesoplenty:willow_stairs:half=top' at index 77 in file 'minecraft:optifine/ctm/hellbark_planks_ctm_top.properties' in pack 'file/BOPPBR-FULL-RE1-v0.1.4.zip'
[17:31:24] [Worker-Main-7/WARN]: Unknown block 'biomesoplenty:willow_slab' in 'matchBlocks' element 'biomesoplenty:willow_slab:type=top' at index 78 in file 'minecraft:optifine/ctm/hellbark_planks_ctm_top.properties' in pack 'file/BOPPBR-FULL-RE1-v0.1.4.zip'
[17:31:24] [Worker-Main-7/WARN]: Unknown block 'biomesoplenty:willow_slab' in 'matchBlocks' element 'biomesoplenty:willow_slab:type=double' at index 79 in file 'minecraft:optifine/ctm/hellbark_planks_ctm_top.properties' in pack 'file/BOPPBR-FULL-RE1-v0.1.4.zip'
[17:31:24] [Worker-Main-7/WARN]: Unknown block 'biomesoplenty:dead_planks' in 'matchBlocks' element 'biomesoplenty:dead_planks' at index 80 in file 'minecraft:optifine/ctm/hellbark_planks_ctm_top.properties' in pack 'file/BOPPBR-FULL-RE1-v0.1.4.zip'
[17:31:24] [Worker-Main-7/WARN]: Unknown block 'biomesoplenty:dead_stairs' in 'matchBlocks' element 'biomesoplenty:dead_stairs:half=top' at index 81 in file 'minecraft:optifine/ctm/hellbark_planks_ctm_top.properties' in pack 'file/BOPPBR-FULL-RE1-v0.1.4.zip'
[17:31:24] [Worker-Main-7/WARN]: Unknown block 'biomesoplenty:dead_slab' in 'matchBlocks' element 'biomesoplenty:dead_slab:type=top' at index 82 in file 'minecraft:optifine/ctm/hellbark_planks_ctm_top.properties' in pack 'file/BOPPBR-FULL-RE1-v0.1.4.zip'
[17:31:24] [Worker-Main-7/WARN]: Unknown block 'biomesoplenty:dead_slab' in 'matchBlocks' element 'biomesoplenty:dead_slab:type=double' at index 83 in file 'minecraft:optifine/ctm/hellbark_planks_ctm_top.properties' in pack 'file/BOPPBR-FULL-RE1-v0.1.4.zip'
[17:31:24] [Worker-Main-7/WARN]: Unknown block 'biomesoplenty:magic_planks' in 'matchBlocks' element 'biomesoplenty:magic_planks' at index 84 in file 'minecraft:optifine/ctm/hellbark_planks_ctm_top.properties' in pack 'file/BOPPBR-FULL-RE1-v0.1.4.zip'
[17:31:24] [Worker-Main-7/WARN]: Unknown block 'biomesoplenty:magic_stairs' in 'matchBlocks' element 'biomesoplenty:magic_stairs:half=top' at index 85 in file 'minecraft:optifine/ctm/hellbark_planks_ctm_top.properties' in pack 'file/BOPPBR-FULL-RE1-v0.1.4.zip'
[17:31:24] [Worker-Main-7/WARN]: Unknown block 'biomesoplenty:magic_slab' in 'matchBlocks' element 'biomesoplenty:magic_slab:type=top' at index 86 in file 'minecraft:optifine/ctm/hellbark_planks_ctm_top.properties' in pack 'file/BOPPBR-FULL-RE1-v0.1.4.zip'
[17:31:24] [Worker-Main-7/WARN]: Unknown block 'biomesoplenty:magic_slab' in 'matchBlocks' element 'biomesoplenty:magic_slab:type=double' at index 87 in file 'minecraft:optifine/ctm/hellbark_planks_ctm_top.properties' in pack 'file/BOPPBR-FULL-RE1-v0.1.4.zip'
[17:31:24] [Worker-Main-7/WARN]: Unknown block 'biomesoplenty:umbran_planks' in 'matchBlocks' element 'biomesoplenty:umbran_planks' at index 88 in file 'minecraft:optifine/ctm/hellbark_planks_ctm_top.properties' in pack 'file/BOPPBR-FULL-RE1-v0.1.4.zip'
[17:31:24] [Worker-Main-7/WARN]: Unknown block 'biomesoplenty:umbran_stairs' in 'matchBlocks' element 'biomesoplenty:umbran_stairs:half=top' at index 89 in file 'minecraft:optifine/ctm/hellbark_planks_ctm_top.properties' in pack 'file/BOPPBR-FULL-RE1-v0.1.4.zip'
[17:31:24] [Worker-Main-7/WARN]: Unknown block 'biomesoplenty:umbran_slab' in 'matchBlocks' element 'biomesoplenty:umbran_slab:type=top' at index 90 in file 'minecraft:optifine/ctm/hellbark_planks_ctm_top.properties' in pack 'file/BOPPBR-FULL-RE1-v0.1.4.zip'
[17:31:24] [Worker-Main-7/WARN]: Unknown block 'biomesoplenty:umbran_slab' in 'matchBlocks' element 'biomesoplenty:umbran_slab:type=double' at index 91 in file 'minecraft:optifine/ctm/hellbark_planks_ctm_top.properties' in pack 'file/BOPPBR-FULL-RE1-v0.1.4.zip'
[17:31:24] [Worker-Main-7/WARN]: Unknown block 'biomesoplenty:empyreal_planks' in 'matchBlocks' element 'biomesoplenty:empyreal_planks' at index 92 in file 'minecraft:optifine/ctm/hellbark_planks_ctm_top.properties' in pack 'file/BOPPBR-FULL-RE1-v0.1.4.zip'
[17:31:24] [Worker-Main-7/WARN]: Unknown block 'biomesoplenty:empyreal_stairs' in 'matchBlocks' element 'biomesoplenty:empyreal_stairs:half=top' at index 93 in file 'minecraft:optifine/ctm/hellbark_planks_ctm_top.properties' in pack 'file/BOPPBR-FULL-RE1-v0.1.4.zip'
[17:31:24] [Worker-Main-7/WARN]: Unknown block 'biomesoplenty:empyreal_slab' in 'matchBlocks' element 'biomesoplenty:empyreal_slab:type=top' at index 94 in file 'minecraft:optifine/ctm/hellbark_planks_ctm_top.properties' in pack 'file/BOPPBR-FULL-RE1-v0.1.4.zip'
[17:31:24] [Worker-Main-7/WARN]: Unknown block 'biomesoplenty:empyreal_slab' in 'matchBlocks' element 'biomesoplenty:empyreal_slab:type=double' at index 95 in file 'minecraft:optifine/ctm/hellbark_planks_ctm_top.properties' in pack 'file/BOPPBR-FULL-RE1-v0.1.4.zip'
[17:31:24] [Worker-Main-7/WARN]: Unknown block 'biomesoplenty:hellbark_planks' in 'connectBlocks' element 'biomesoplenty:hellbark_planks' at index 0 in file 'minecraft:optifine/ctm/hellbark_planks_ctm_top.properties' in pack 'file/BOPPBR-FULL-RE1-v0.1.4.zip'
[17:31:24] [Worker-Main-7/WARN]: Unknown block 'biomesoplenty:jacaranda_planks' in 'connectBlocks' element 'biomesoplenty:jacaranda_planks' at index 0 in file 'minecraft:optifine/ctm/jacaranda_planks_ctm.properties' in pack 'file/BOPPBR-FULL-RE1-v0.1.4.zip'
[17:31:24] [Worker-Main-7/WARN]: Unknown block 'biomesoplenty:origin_oak_planks' in 'matchBlocks' element 'biomesoplenty:origin_oak_planks' at index 44 in file 'minecraft:optifine/ctm/jacaranda_planks_ctm_bottom.properties' in pack 'file/BOPPBR-FULL-RE1-v0.1.4.zip'
[17:31:24] [Worker-Main-7/WARN]: Unknown block 'biomesoplenty:origin_oak_stairs' in 'matchBlocks' element 'biomesoplenty:origin_oak_stairs:half=bottom' at index 45 in file 'minecraft:optifine/ctm/jacaranda_planks_ctm_bottom.properties' in pack 'file/BOPPBR-FULL-RE1-v0.1.4.zip'
[17:31:24] [Worker-Main-7/WARN]: Unknown block 'biomesoplenty:origin_oak_slab' in 'matchBlocks' element 'biomesoplenty:origin_oak_slab:type=bottom' at index 46 in file 'minecraft:optifine/ctm/jacaranda_planks_ctm_bottom.properties' in pack 'file/BOPPBR-FULL-RE1-v0.1.4.zip'
[17:31:24] [Worker-Main-7/WARN]: Unknown block 'biomesoplenty:origin_oak_slab' in 'matchBlocks' element 'biomesoplenty:origin_oak_slab:type=double' at index 47 in file 'minecraft:optifine/ctm/jacaranda_planks_ctm_bottom.properties' in pack 'file/BOPPBR-FULL-RE1-v0.1.4.zip'
[17:31:24] [Worker-Main-7/WARN]: Unknown block 'biomesoplenty:fir_planks' in 'matchBlocks' element 'biomesoplenty:fir_planks' at index 48 in file 'minecraft:optifine/ctm/jacaranda_planks_ctm_bottom.properties' in pack 'file/BOPPBR-FULL-RE1-v0.1.4.zip'
[17:31:24] [Worker-Main-7/WARN]: Unknown block 'biomesoplenty:fir_stairs' in 'matchBlocks' element 'biomesoplenty:fir_stairs:half=bottom' at index 49 in file 'minecraft:optifine/ctm/jacaranda_planks_ctm_bottom.properties' in pack 'file/BOPPBR-FULL-RE1-v0.1.4.zip'
[17:31:24] [Worker-Main-7/WARN]: Unknown block 'biomesoplenty:fir_slab' in 'matchBlocks' element 'biomesoplenty:fir_slab:type=bottom' at index 50 in file 'minecraft:optifine/ctm/jacaranda_planks_ctm_bottom.properties' in pack 'file/BOPPBR-FULL-RE1-v0.1.4.zip'
[17:31:24] [Worker-Main-7/WARN]: Unknown block 'biomesoplenty:fir_slab' in 'matchBlocks' element 'biomesoplenty:fir_slab:type=double' at index 51 in file 'minecraft:optifine/ctm/jacaranda_planks_ctm_bottom.properties' in pack 'file/BOPPBR-FULL-RE1-v0.1.4.zip'
[17:31:24] [Worker-Main-7/WARN]: Unknown block 'biomesoplenty:pine_planks' in 'matchBlocks' element 'biomesoplenty:pine_planks' at index 52 in file 'minecraft:optifine/ctm/jacaranda_planks_ctm_bottom.properties' in pack 'file/BOPPBR-FULL-RE1-v0.1.4.zip'
[17:31:24] [Worker-Main-7/WARN]: Unknown block 'biomesoplenty:pine_stairs' in 'matchBlocks' element 'biomesoplenty:pine_stairs:half=bottom' at index 53 in file 'minecraft:optifine/ctm/jacaranda_planks_ctm_bottom.properties' in pack 'file/BOPPBR-FULL-RE1-v0.1.4.zip'
[17:31:24] [Worker-Main-7/WARN]: Unknown block 'biomesoplenty:pine_slab' in 'matchBlocks' element 'biomesoplenty:pine_slab:type=bottom' at index 54 in file 'minecraft:optifine/ctm/jacaranda_planks_ctm_bottom.properties' in pack 'file/BOPPBR-FULL-RE1-v0.1.4.zip'
[17:31:24] [Worker-Main-7/WARN]: Unknown block 'biomesoplenty:pine_slab' in 'matchBlocks' element 'biomesoplenty:pine_slab:type=double' at index 55 in file 'minecraft:optifine/ctm/jacaranda_planks_ctm_bottom.properties' in pack 'file/BOPPBR-FULL-RE1-v0.1.4.zip'
[17:31:24] [Worker-Main-7/WARN]: Unknown block 'biomesoplenty:maple_planks' in 'matchBlocks' element 'biomesoplenty:maple_planks' at index 56 in file 'minecraft:optifine/ctm/jacaranda_planks_ctm_bottom.properties' in pack 'file/BOPPBR-FULL-RE1-v0.1.4.zip'
[17:31:24] [Worker-Main-14/WARN]: Exception loading blockstate definition: 'minecraft:creaking_heart/file/!!§r§f§l 零雾构想 v5003 §7- 2025-11-04 §0.zip' for variant: 'active=false,axis=x': Unknown blockstate property: 'active'
[17:31:24] [Worker-Main-14/WARN]: Exception loading blockstate definition: 'minecraft:creaking_heart/file/!!§r§f§l 零雾构想 v5003 §7- 2025-11-04 §0.zip' for variant: 'active=false,axis=y': Unknown blockstate property: 'active'
[17:31:24] [Worker-Main-14/WARN]: Exception loading blockstate definition: 'minecraft:creaking_heart/file/!!§r§f§l 零雾构想 v5003 §7- 2025-11-04 §0.zip' for variant: 'active=false,axis=z': Unknown blockstate property: 'active'
[17:31:24] [Worker-Main-14/WARN]: Exception loading blockstate definition: 'minecraft:creaking_heart/file/!!§r§f§l 零雾构想 v5003 §7- 2025-11-04 §0.zip' for variant: 'active=true,axis=x': Unknown blockstate property: 'active'
[17:31:24] [Worker-Main-14/WARN]: Exception loading blockstate definition: 'minecraft:creaking_heart/file/!!§r§f§l 零雾构想 v5003 §7- 2025-11-04 §0.zip' for variant: 'active=true,axis=y': Unknown blockstate property: 'active'
[17:31:24] [Worker-Main-14/WARN]: Exception loading blockstate definition: 'minecraft:creaking_heart/file/!!§r§f§l 零雾构想 v5003 §7- 2025-11-04 §0.zip' for variant: 'active=true,axis=z': Unknown blockstate property: 'active'
[17:31:24] [Worker-Main-7/WARN]: Unknown block 'biomesoplenty:maple_stairs' in 'matchBlocks' element 'biomesoplenty:maple_stairs:half=bottom' at index 57 in file 'minecraft:optifine/ctm/jacaranda_planks_ctm_bottom.properties' in pack 'file/BOPPBR-FULL-RE1-v0.1.4.zip'
[17:31:24] [Worker-Main-7/WARN]: Unknown block 'biomesoplenty:maple_slab' in 'matchBlocks' element 'biomesoplenty:maple_slab:type=bottom' at index 58 in file 'minecraft:optifine/ctm/jacaranda_planks_ctm_bottom.properties' in pack 'file/BOPPBR-FULL-RE1-v0.1.4.zip'
[17:31:24] [Worker-Main-7/WARN]: Unknown block 'biomesoplenty:maple_slab' in 'matchBlocks' element 'biomesoplenty:maple_slab:type=double' at index 59 in file 'minecraft:optifine/ctm/jacaranda_planks_ctm_bottom.properties' in pack 'file/BOPPBR-FULL-RE1-v0.1.4.zip'
[17:31:24] [Worker-Main-7/WARN]: Unknown block 'biomesoplenty:redwood_planks' in 'matchBlocks' element 'biomesoplenty:redwood_planks' at index 60 in file 'minecraft:optifine/ctm/jacaranda_planks_ctm_bottom.properties' in pack 'file/BOPPBR-FULL-RE1-v0.1.4.zip'
[17:31:24] [Worker-Main-7/WARN]: Unknown block 'biomesoplenty:redwood_stairs' in 'matchBlocks' element 'biomesoplenty:redwood_stairs:half=bottom' at index 61 in file 'minecraft:optifine/ctm/jacaranda_planks_ctm_bottom.properties' in pack 'file/BOPPBR-FULL-RE1-v0.1.4.zip'
[17:31:24] [Worker-Main-7/WARN]: Unknown block 'biomesoplenty:redwood_slab' in 'matchBlocks' element 'biomesoplenty:redwood_slab:type=bottom' at index 62 in file 'minecraft:optifine/ctm/jacaranda_planks_ctm_bottom.properties' in pack 'file/BOPPBR-FULL-RE1-v0.1.4.zip'
[17:31:24] [Worker-Main-7/WARN]: Unknown block 'biomesoplenty:redwood_slab' in 'matchBlocks' element 'biomesoplenty:redwood_slab:type=double' at index 63 in file 'minecraft:optifine/ctm/jacaranda_planks_ctm_bottom.properties' in pack 'file/BOPPBR-FULL-RE1-v0.1.4.zip'
[17:31:24] [Worker-Main-7/WARN]: Unknown block 'biomesoplenty:mahogany_planks' in 'matchBlocks' element 'biomesoplenty:mahogany_planks' at index 64 in file 'minecraft:optifine/ctm/jacaranda_planks_ctm_bottom.properties' in pack 'file/BOPPBR-FULL-RE1-v0.1.4.zip'
[17:31:24] [Worker-Main-7/WARN]: Unknown block 'biomesoplenty:mahogany_stairs' in 'matchBlocks' element 'biomesoplenty:mahogany_stairs:half=bottom' at index 65 in file 'minecraft:optifine/ctm/jacaranda_planks_ctm_bottom.properties' in pack 'file/BOPPBR-FULL-RE1-v0.1.4.zip'
[17:31:24] [Worker-Main-7/WARN]: Unknown block 'biomesoplenty:mahogany_slab' in 'matchBlocks' element 'biomesoplenty:mahogany_slab:type=bottom' at index 66 in file 'minecraft:optifine/ctm/jacaranda_planks_ctm_bottom.properties' in pack 'file/BOPPBR-FULL-RE1-v0.1.4.zip'
[17:31:24] [Worker-Main-7/WARN]: Unknown block 'biomesoplenty:mahogany_slab' in 'matchBlocks' element 'biomesoplenty:mahogany_slab:type=double' at index 67 in file 'minecraft:optifine/ctm/jacaranda_planks_ctm_bottom.properties' in pack 'file/BOPPBR-FULL-RE1-v0.1.4.zip'
[17:31:24] [Worker-Main-7/WARN]: Unknown block 'biomesoplenty:palm_planks' in 'matchBlocks' element 'biomesoplenty:palm_planks' at index 68 in file 'minecraft:optifine/ctm/jacaranda_planks_ctm_bottom.properties' in pack 'file/BOPPBR-FULL-RE1-v0.1.4.zip'
[17:31:24] [Worker-Main-7/WARN]: Unknown block 'biomesoplenty:palm_stairs' in 'matchBlocks' element 'biomesoplenty:palm_stairs:half=bottom' at index 69 in file 'minecraft:optifine/ctm/jacaranda_planks_ctm_bottom.properties' in pack 'file/BOPPBR-FULL-RE1-v0.1.4.zip'
[17:31:24] [Worker-Main-7/WARN]: Unknown block 'biomesoplenty:palm_slab' in 'matchBlocks' element 'biomesoplenty:palm_slab:type=bottom' at index 70 in file 'minecraft:optifine/ctm/jacaranda_planks_ctm_bottom.properties' in pack 'file/BOPPBR-FULL-RE1-v0.1.4.zip'
[17:31:24] [Worker-Main-7/WARN]: Unknown block 'biomesoplenty:palm_slab' in 'matchBlocks' element 'biomesoplenty:palm_slab:type=double' at index 71 in file 'minecraft:optifine/ctm/jacaranda_planks_ctm_bottom.properties' in pack 'file/BOPPBR-FULL-RE1-v0.1.4.zip'
[17:31:24] [Worker-Main-7/WARN]: Unknown block 'biomesoplenty:willow_planks' in 'matchBlocks' element 'biomesoplenty:willow_planks' at index 72 in file 'minecraft:optifine/ctm/jacaranda_planks_ctm_bottom.properties' in pack 'file/BOPPBR-FULL-RE1-v0.1.4.zip'
[17:31:24] [Worker-Main-7/WARN]: Unknown block 'biomesoplenty:willow_stairs' in 'matchBlocks' element 'biomesoplenty:willow_stairs:half=bottom' at index 73 in file 'minecraft:optifine/ctm/jacaranda_planks_ctm_bottom.properties' in pack 'file/BOPPBR-FULL-RE1-v0.1.4.zip'
[17:31:24] [Worker-Main-7/WARN]: Unknown block 'biomesoplenty:willow_slab' in 'matchBlocks' element 'biomesoplenty:willow_slab:type=bottom' at index 74 in file 'minecraft:optifine/ctm/jacaranda_planks_ctm_bottom.properties' in pack 'file/BOPPBR-FULL-RE1-v0.1.4.zip'
[17:31:24] [Worker-Main-7/WARN]: Unknown block 'biomesoplenty:willow_slab' in 'matchBlocks' element 'biomesoplenty:willow_slab:type=double' at index 75 in file 'minecraft:optifine/ctm/jacaranda_planks_ctm_bottom.properties' in pack 'file/BOPPBR-FULL-RE1-v0.1.4.zip'
[17:31:24] [Worker-Main-7/WARN]: Unknown block 'biomesoplenty:dead_planks' in 'matchBlocks' element 'biomesoplenty:dead_planks' at index 76 in file 'minecraft:optifine/ctm/jacaranda_planks_ctm_bottom.properties' in pack 'file/BOPPBR-FULL-RE1-v0.1.4.zip'
[17:31:24] [Worker-Main-7/WARN]: Unknown block 'biomesoplenty:dead_stairs' in 'matchBlocks' element 'biomesoplenty:dead_stairs:half=bottom' at index 77 in file 'minecraft:optifine/ctm/jacaranda_planks_ctm_bottom.properties' in pack 'file/BOPPBR-FULL-RE1-v0.1.4.zip'
[17:31:24] [Worker-Main-7/WARN]: Unknown block 'biomesoplenty:dead_slab' in 'matchBlocks' element 'biomesoplenty:dead_slab:type=bottom' at index 78 in file 'minecraft:optifine/ctm/jacaranda_planks_ctm_bottom.properties' in pack 'file/BOPPBR-FULL-RE1-v0.1.4.zip'
[17:31:24] [Worker-Main-7/WARN]: Unknown block 'biomesoplenty:dead_slab' in 'matchBlocks' element 'biomesoplenty:dead_slab:type=double' at index 79 in file 'minecraft:optifine/ctm/jacaranda_planks_ctm_bottom.properties' in pack 'file/BOPPBR-FULL-RE1-v0.1.4.zip'
[17:31:24] [Worker-Main-7/WARN]: Unknown block 'biomesoplenty:magic_planks' in 'matchBlocks' element 'biomesoplenty:magic_planks' at index 80 in file 'minecraft:optifine/ctm/jacaranda_planks_ctm_bottom.properties' in pack 'file/BOPPBR-FULL-RE1-v0.1.4.zip'
[17:31:24] [Worker-Main-7/WARN]: Unknown block 'biomesoplenty:magic_stairs' in 'matchBlocks' element 'biomesoplenty:magic_stairs:half=bottom' at index 81 in file 'minecraft:optifine/ctm/jacaranda_planks_ctm_bottom.properties' in pack 'file/BOPPBR-FULL-RE1-v0.1.4.zip'
[17:31:24] [Worker-Main-7/WARN]: Unknown block 'biomesoplenty:magic_slab' in 'matchBlocks' element 'biomesoplenty:magic_slab:type=bottom' at index 82 in file 'minecraft:optifine/ctm/jacaranda_planks_ctm_bottom.properties' in pack 'file/BOPPBR-FULL-RE1-v0.1.4.zip'
[17:31:24] [Worker-Main-7/WARN]: Unknown block 'biomesoplenty:magic_slab' in 'matchBlocks' element 'biomesoplenty:magic_slab:type=double' at index 83 in file 'minecraft:optifine/ctm/jacaranda_planks_ctm_bottom.properties' in pack 'file/BOPPBR-FULL-RE1-v0.1.4.zip'
[17:31:24] [Worker-Main-7/WARN]: Unknown block 'biomesoplenty:umbran_planks' in 'matchBlocks' element 'biomesoplenty:umbran_planks' at index 84 in file 'minecraft:optifine/ctm/jacaranda_planks_ctm_bottom.properties' in pack 'file/BOPPBR-FULL-RE1-v0.1.4.zip'
[17:31:24] [Worker-Main-7/WARN]: Unknown block 'biomesoplenty:umbran_stairs' in 'matchBlocks' element 'biomesoplenty:umbran_stairs:half=bottom' at index 85 in file 'minecraft:optifine/ctm/jacaranda_planks_ctm_bottom.properties' in pack 'file/BOPPBR-FULL-RE1-v0.1.4.zip'
[17:31:24] [Worker-Main-7/WARN]: Unknown block 'biomesoplenty:umbran_slab' in 'matchBlocks' element 'biomesoplenty:umbran_slab:type=bottom' at index 86 in file 'minecraft:optifine/ctm/jacaranda_planks_ctm_bottom.properties' in pack 'file/BOPPBR-FULL-RE1-v0.1.4.zip'
[17:31:24] [Worker-Main-7/WARN]: Unknown block 'biomesoplenty:umbran_slab' in 'matchBlocks' element 'biomesoplenty:umbran_slab:type=double' at index 87 in file 'minecraft:optifine/ctm/jacaranda_planks_ctm_bottom.properties' in pack 'file/BOPPBR-FULL-RE1-v0.1.4.zip'
[17:31:24] [Worker-Main-7/WARN]: Unknown block 'biomesoplenty:hellbark_planks' in 'matchBlocks' element 'biomesoplenty:hellbark_planks' at index 88 in file 'minecraft:optifine/ctm/jacaranda_planks_ctm_bottom.properties' in pack 'file/BOPPBR-FULL-RE1-v0.1.4.zip'
[17:31:24] [Worker-Main-7/WARN]: Unknown block 'biomesoplenty:hellbark_stairs' in 'matchBlocks' element 'biomesoplenty:hellbark_stairs:half=bottom' at index 89 in file 'minecraft:optifine/ctm/jacaranda_planks_ctm_bottom.properties' in pack 'file/BOPPBR-FULL-RE1-v0.1.4.zip'
[17:31:24] [Worker-Main-7/WARN]: Unknown block 'biomesoplenty:hellbark_slab' in 'matchBlocks' element 'biomesoplenty:hellbark_slab:type=bottom' at index 90 in file 'minecraft:optifine/ctm/jacaranda_planks_ctm_bottom.properties' in pack 'file/BOPPBR-FULL-RE1-v0.1.4.zip'
[17:31:24] [Worker-Main-7/WARN]: Unknown block 'biomesoplenty:hellbark_slab' in 'matchBlocks' element 'biomesoplenty:hellbark_slab:type=double' at index 91 in file 'minecraft:optifine/ctm/jacaranda_planks_ctm_bottom.properties' in pack 'file/BOPPBR-FULL-RE1-v0.1.4.zip'
[17:31:24] [Worker-Main-7/WARN]: Unknown block 'biomesoplenty:empyreal_planks' in 'matchBlocks' element 'biomesoplenty:empyreal_planks' at index 92 in file 'minecraft:optifine/ctm/jacaranda_planks_ctm_bottom.properties' in pack 'file/BOPPBR-FULL-RE1-v0.1.4.zip'
[17:31:24] [Worker-Main-7/WARN]: Unknown block 'biomesoplenty:empyreal_stairs' in 'matchBlocks' element 'biomesoplenty:empyreal_stairs:half=bottom' at index 93 in file 'minecraft:optifine/ctm/jacaranda_planks_ctm_bottom.properties' in pack 'file/BOPPBR-FULL-RE1-v0.1.4.zip'
[17:31:24] [Worker-Main-7/WARN]: Unknown block 'biomesoplenty:empyreal_slab' in 'matchBlocks' element 'biomesoplenty:empyreal_slab:type=bottom' at index 94 in file 'minecraft:optifine/ctm/jacaranda_planks_ctm_bottom.properties' in pack 'file/BOPPBR-FULL-RE1-v0.1.4.zip'
[17:31:24] [Worker-Main-7/WARN]: Unknown block 'biomesoplenty:empyreal_slab' in 'matchBlocks' element 'biomesoplenty:empyreal_slab:type=double' at index 95 in file 'minecraft:optifine/ctm/jacaranda_planks_ctm_bottom.properties' in pack 'file/BOPPBR-FULL-RE1-v0.1.4.zip'
[17:31:24] [Worker-Main-7/WARN]: Unknown block 'biomesoplenty:jacaranda_planks' in 'connectBlocks' element 'biomesoplenty:jacaranda_planks' at index 0 in file 'minecraft:optifine/ctm/jacaranda_planks_ctm_bottom.properties' in pack 'file/BOPPBR-FULL-RE1-v0.1.4.zip'
[17:31:24] [Worker-Main-7/WARN]: Unknown block 'biomesoplenty:origin_oak_planks' in 'matchBlocks' element 'biomesoplenty:origin_oak_planks' at index 22 in file 'minecraft:optifine/ctm/jacaranda_planks_ctm_sides.properties' in pack 'file/BOPPBR-FULL-RE1-v0.1.4.zip'
[17:31:24] [Worker-Main-7/WARN]: Unknown block 'biomesoplenty:origin_oak_slab' in 'matchBlocks' element 'biomesoplenty:origin_oak_slab:type=double' at index 23 in file 'minecraft:optifine/ctm/jacaranda_planks_ctm_sides.properties' in pack 'file/BOPPBR-FULL-RE1-v0.1.4.zip'
[17:31:24] [Worker-Main-7/WARN]: Unknown block 'biomesoplenty:fir_planks' in 'matchBlocks' element 'biomesoplenty:fir_planks' at index 24 in file 'minecraft:optifine/ctm/jacaranda_planks_ctm_sides.properties' in pack 'file/BOPPBR-FULL-RE1-v0.1.4.zip'
[17:31:24] [Worker-Main-7/WARN]: Unknown block 'biomesoplenty:fir_slab' in 'matchBlocks' element 'biomesoplenty:fir_slab:type=double' at index 25 in file 'minecraft:optifine/ctm/jacaranda_planks_ctm_sides.properties' in pack 'file/BOPPBR-FULL-RE1-v0.1.4.zip'
[17:31:24] [Worker-Main-7/WARN]: Unknown block 'biomesoplenty:pine_planks' in 'matchBlocks' element 'biomesoplenty:pine_planks' at index 26 in file 'minecraft:optifine/ctm/jacaranda_planks_ctm_sides.properties' in pack 'file/BOPPBR-FULL-RE1-v0.1.4.zip'
[17:31:24] [Worker-Main-7/WARN]: Unknown block 'biomesoplenty:pine_slab' in 'matchBlocks' element 'biomesoplenty:pine_slab:type=double' at index 27 in file 'minecraft:optifine/ctm/jacaranda_planks_ctm_sides.properties' in pack 'file/BOPPBR-FULL-RE1-v0.1.4.zip'
[17:31:24] [Worker-Main-7/WARN]: Unknown block 'biomesoplenty:maple_planks' in 'matchBlocks' element 'biomesoplenty:maple_planks' at index 28 in file 'minecraft:optifine/ctm/jacaranda_planks_ctm_sides.properties' in pack 'file/BOPPBR-FULL-RE1-v0.1.4.zip'
[17:31:24] [Worker-Main-7/WARN]: Unknown block 'biomesoplenty:maple_slab' in 'matchBlocks' element 'biomesoplenty:maple_slab:type=double' at index 29 in file 'minecraft:optifine/ctm/jacaranda_planks_ctm_sides.properties' in pack 'file/BOPPBR-FULL-RE1-v0.1.4.zip'
[17:31:24] [Worker-Main-7/WARN]: Unknown block 'biomesoplenty:redwood_planks' in 'matchBlocks' element 'biomesoplenty:redwood_planks' at index 30 in file 'minecraft:optifine/ctm/jacaranda_planks_ctm_sides.properties' in pack 'file/BOPPBR-FULL-RE1-v0.1.4.zip'
[17:31:24] [Worker-Main-7/WARN]: Unknown block 'biomesoplenty:redwood_slab' in 'matchBlocks' element 'biomesoplenty:redwood_slab:type=double' at index 31 in file 'minecraft:optifine/ctm/jacaranda_planks_ctm_sides.properties' in pack 'file/BOPPBR-FULL-RE1-v0.1.4.zip'
[17:31:24] [Worker-Main-7/WARN]: Unknown block 'biomesoplenty:mahogany_planks' in 'matchBlocks' element 'biomesoplenty:mahogany_planks' at index 32 in file 'minecraft:optifine/ctm/jacaranda_planks_ctm_sides.properties' in pack 'file/BOPPBR-FULL-RE1-v0.1.4.zip'
[17:31:24] [Worker-Main-7/WARN]: Unknown block 'biomesoplenty:mahogany_slab' in 'matchBlocks' element 'biomesoplenty:mahogany_slab:type=double' at index 33 in file 'minecraft:optifine/ctm/jacaranda_planks_ctm_sides.properties' in pack 'file/BOPPBR-FULL-RE1-v0.1.4.zip'
[17:31:24] [Worker-Main-7/WARN]: Unknown block 'biomesoplenty:palm_planks' in 'matchBlocks' element 'biomesoplenty:palm_planks' at index 34 in file 'minecraft:optifine/ctm/jacaranda_planks_ctm_sides.properties' in pack 'file/BOPPBR-FULL-RE1-v0.1.4.zip'
[17:31:24] [Worker-Main-7/WARN]: Unknown block 'biomesoplenty:palm_slab' in 'matchBlocks' element 'biomesoplenty:palm_slab:type=double' at index 35 in file 'minecraft:optifine/ctm/jacaranda_planks_ctm_sides.properties' in pack 'file/BOPPBR-FULL-RE1-v0.1.4.zip'
[17:31:24] [Worker-Main-7/WARN]: Unknown block 'biomesoplenty:willow_planks' in 'matchBlocks' element 'biomesoplenty:willow_planks' at index 36 in file 'minecraft:optifine/ctm/jacaranda_planks_ctm_sides.properties' in pack 'file/BOPPBR-FULL-RE1-v0.1.4.zip'
[17:31:24] [Worker-Main-7/WARN]: Unknown block 'biomesoplenty:willow_slab' in 'matchBlocks' element 'biomesoplenty:willow_slab:type=double' at index 37 in file 'minecraft:optifine/ctm/jacaranda_planks_ctm_sides.properties' in pack 'file/BOPPBR-FULL-RE1-v0.1.4.zip'
[17:31:24] [Worker-Main-7/WARN]: Unknown block 'biomesoplenty:dead_planks' in 'matchBlocks' element 'biomesoplenty:dead_planks' at index 38 in file 'minecraft:optifine/ctm/jacaranda_planks_ctm_sides.properties' in pack 'file/BOPPBR-FULL-RE1-v0.1.4.zip'
[17:31:24] [Worker-Main-7/WARN]: Unknown block 'biomesoplenty:dead_slab' in 'matchBlocks' element 'biomesoplenty:dead_slab:type=double' at index 39 in file 'minecraft:optifine/ctm/jacaranda_planks_ctm_sides.properties' in pack 'file/BOPPBR-FULL-RE1-v0.1.4.zip'
[17:31:24] [Worker-Main-7/WARN]: Unknown block 'biomesoplenty:magic_planks' in 'matchBlocks' element 'biomesoplenty:magic_planks' at index 40 in file 'minecraft:optifine/ctm/jacaranda_planks_ctm_sides.properties' in pack 'file/BOPPBR-FULL-RE1-v0.1.4.zip'
[17:31:24] [Worker-Main-7/WARN]: Unknown block 'biomesoplenty:magic_slab' in 'matchBlocks' element 'biomesoplenty:magic_slab:type=double' at index 41 in file 'minecraft:optifine/ctm/jacaranda_planks_ctm_sides.properties' in pack 'file/BOPPBR-FULL-RE1-v0.1.4.zip'
[17:31:24] [Worker-Main-7/WARN]: Unknown block 'biomesoplenty:umbran_planks' in 'matchBlocks' element 'biomesoplenty:umbran_planks' at index 42 in file 'minecraft:optifine/ctm/jacaranda_planks_ctm_sides.properties' in pack 'file/BOPPBR-FULL-RE1-v0.1.4.zip'
[17:31:24] [Worker-Main-7/WARN]: Unknown block 'biomesoplenty:umbran_slab' in 'matchBlocks' element 'biomesoplenty:umbran_slab:type=double' at index 43 in file 'minecraft:optifine/ctm/jacaranda_planks_ctm_sides.properties' in pack 'file/BOPPBR-FULL-RE1-v0.1.4.zip'
[17:31:24] [Worker-Main-7/WARN]: Unknown block 'biomesoplenty:hellbark_planks' in 'matchBlocks' element 'biomesoplenty:hellbark_planks' at index 44 in file 'minecraft:optifine/ctm/jacaranda_planks_ctm_sides.properties' in pack 'file/BOPPBR-FULL-RE1-v0.1.4.zip'
[17:31:24] [Worker-Main-7/WARN]: Unknown block 'biomesoplenty:hellbark_slab' in 'matchBlocks' element 'biomesoplenty:hellbark_slab:type=double' at index 45 in file 'minecraft:optifine/ctm/jacaranda_planks_ctm_sides.properties' in pack 'file/BOPPBR-FULL-RE1-v0.1.4.zip'
[17:31:24] [Worker-Main-7/WARN]: Unknown block 'biomesoplenty:empyreal_planks' in 'matchBlocks' element 'biomesoplenty:empyreal_planks' at index 46 in file 'minecraft:optifine/ctm/jacaranda_planks_ctm_sides.properties' in pack 'file/BOPPBR-FULL-RE1-v0.1.4.zip'
[17:31:24] [Worker-Main-7/WARN]: Unknown block 'biomesoplenty:empyreal_slab' in 'matchBlocks' element 'biomesoplenty:empyreal_slab:type=double' at index 47 in file 'minecraft:optifine/ctm/jacaranda_planks_ctm_sides.properties' in pack 'file/BOPPBR-FULL-RE1-v0.1.4.zip'
[17:31:24] [Worker-Main-7/WARN]: Unknown block 'biomesoplenty:jacaranda_planks' in 'connectBlocks' element 'biomesoplenty:jacaranda_planks' at index 0 in file 'minecraft:optifine/ctm/jacaranda_planks_ctm_sides.properties' in pack 'file/BOPPBR-FULL-RE1-v0.1.4.zip'
[17:31:24] [Worker-Main-7/WARN]: Unknown block 'biomesoplenty:origin_oak_planks' in 'matchBlocks' element 'biomesoplenty:origin_oak_planks' at index 44 in file 'minecraft:optifine/ctm/jacaranda_planks_ctm_top.properties' in pack 'file/BOPPBR-FULL-RE1-v0.1.4.zip'
[17:31:24] [Worker-Main-7/WARN]: Unknown block 'biomesoplenty:origin_oak_stairs' in 'matchBlocks' element 'biomesoplenty:origin_oak_stairs:half=top' at index 45 in file 'minecraft:optifine/ctm/jacaranda_planks_ctm_top.properties' in pack 'file/BOPPBR-FULL-RE1-v0.1.4.zip'
[17:31:24] [Worker-Main-7/WARN]: Unknown block 'biomesoplenty:origin_oak_slab' in 'matchBlocks' element 'biomesoplenty:origin_oak_slab:type=top' at index 46 in file 'minecraft:optifine/ctm/jacaranda_planks_ctm_top.properties' in pack 'file/BOPPBR-FULL-RE1-v0.1.4.zip'
[17:31:24] [Worker-Main-7/WARN]: Unknown block 'biomesoplenty:origin_oak_slab' in 'matchBlocks' element 'biomesoplenty:origin_oak_slab:type=double' at index 47 in file 'minecraft:optifine/ctm/jacaranda_planks_ctm_top.properties' in pack 'file/BOPPBR-FULL-RE1-v0.1.4.zip'
[17:31:24] [Worker-Main-7/WARN]: Unknown block 'biomesoplenty:fir_planks' in 'matchBlocks' element 'biomesoplenty:fir_planks' at index 48 in file 'minecraft:optifine/ctm/jacaranda_planks_ctm_top.properties' in pack 'file/BOPPBR-FULL-RE1-v0.1.4.zip'
[17:31:24] [Worker-Main-7/WARN]: Unknown block 'biomesoplenty:fir_stairs' in 'matchBlocks' element 'biomesoplenty:fir_stairs:half=top' at index 49 in file 'minecraft:optifine/ctm/jacaranda_planks_ctm_top.properties' in pack 'file/BOPPBR-FULL-RE1-v0.1.4.zip'
[17:31:24] [Worker-Main-7/WARN]: Unknown block 'biomesoplenty:fir_slab' in 'matchBlocks' element 'biomesoplenty:fir_slab:type=top' at index 50 in file 'minecraft:optifine/ctm/jacaranda_planks_ctm_top.properties' in pack 'file/BOPPBR-FULL-RE1-v0.1.4.zip'
[17:31:24] [Worker-Main-7/WARN]: Unknown block 'biomesoplenty:fir_slab' in 'matchBlocks' element 'biomesoplenty:fir_slab:type=double' at index 51 in file 'minecraft:optifine/ctm/jacaranda_planks_ctm_top.properties' in pack 'file/BOPPBR-FULL-RE1-v0.1.4.zip'
[17:31:24] [Worker-Main-7/WARN]: Unknown block 'biomesoplenty:pine_planks' in 'matchBlocks' element 'biomesoplenty:pine_planks' at index 52 in file 'minecraft:optifine/ctm/jacaranda_planks_ctm_top.properties' in pack 'file/BOPPBR-FULL-RE1-v0.1.4.zip'
[17:31:24] [Worker-Main-7/WARN]: Unknown block 'biomesoplenty:pine_stairs' in 'matchBlocks' element 'biomesoplenty:pine_stairs:half=top' at index 53 in file 'minecraft:optifine/ctm/jacaranda_planks_ctm_top.properties' in pack 'file/BOPPBR-FULL-RE1-v0.1.4.zip'
[17:31:24] [Worker-Main-7/WARN]: Unknown block 'biomesoplenty:pine_slab' in 'matchBlocks' element 'biomesoplenty:pine_slab:type=top' at index 54 in file 'minecraft:optifine/ctm/jacaranda_planks_ctm_top.properties' in pack 'file/BOPPBR-FULL-RE1-v0.1.4.zip'
[17:31:24] [Worker-Main-7/WARN]: Unknown block 'biomesoplenty:pine_slab' in 'matchBlocks' element 'biomesoplenty:pine_slab:type=double' at index 55 in file 'minecraft:optifine/ctm/jacaranda_planks_ctm_top.properties' in pack 'file/BOPPBR-FULL-RE1-v0.1.4.zip'
[17:31:24] [Worker-Main-7/WARN]: Unknown block 'biomesoplenty:maple_planks' in 'matchBlocks' element 'biomesoplenty:maple_planks' at index 56 in file 'minecraft:optifine/ctm/jacaranda_planks_ctm_top.properties' in pack 'file/BOPPBR-FULL-RE1-v0.1.4.zip'
[17:31:24] [Worker-Main-7/WARN]: Unknown block 'biomesoplenty:maple_stairs' in 'matchBlocks' element 'biomesoplenty:maple_stairs:half=top' at index 57 in file 'minecraft:optifine/ctm/jacaranda_planks_ctm_top.properties' in pack 'file/BOPPBR-FULL-RE1-v0.1.4.zip'
[17:31:24] [Worker-Main-7/WARN]: Unknown block 'biomesoplenty:maple_slab' in 'matchBlocks' element 'biomesoplenty:maple_slab:type=top' at index 58 in file 'minecraft:optifine/ctm/jacaranda_planks_ctm_top.properties' in pack 'file/BOPPBR-FULL-RE1-v0.1.4.zip'
[17:31:24] [Worker-Main-7/WARN]: Unknown block 'biomesoplenty:maple_slab' in 'matchBlocks' element 'biomesoplenty:maple_slab:type=double' at index 59 in file 'minecraft:optifine/ctm/jacaranda_planks_ctm_top.properties' in pack 'file/BOPPBR-FULL-RE1-v0.1.4.zip'
[17:31:24] [Worker-Main-7/WARN]: Unknown block 'biomesoplenty:redwood_planks' in 'matchBlocks' element 'biomesoplenty:redwood_planks' at index 60 in file 'minecraft:optifine/ctm/jacaranda_planks_ctm_top.properties' in pack 'file/BOPPBR-FULL-RE1-v0.1.4.zip'
[17:31:24] [Worker-Main-7/WARN]: Unknown block 'biomesoplenty:redwood_stairs' in 'matchBlocks' element 'biomesoplenty:redwood_stairs:half=top' at index 61 in file 'minecraft:optifine/ctm/jacaranda_planks_ctm_top.properties' in pack 'file/BOPPBR-FULL-RE1-v0.1.4.zip'
[17:31:24] [Worker-Main-7/WARN]: Unknown block 'biomesoplenty:redwood_slab' in 'matchBlocks' element 'biomesoplenty:redwood_slab:type=top' at index 62 in file 'minecraft:optifine/ctm/jacaranda_planks_ctm_top.properties' in pack 'file/BOPPBR-FULL-RE1-v0.1.4.zip'
[17:31:24] [Worker-Main-7/WARN]: Unknown block 'biomesoplenty:redwood_slab' in 'matchBlocks' element 'biomesoplenty:redwood_slab:type=double' at index 63 in file 'minecraft:optifine/ctm/jacaranda_planks_ctm_top.properties' in pack 'file/BOPPBR-FULL-RE1-v0.1.4.zip'
[17:31:24] [Worker-Main-7/WARN]: Unknown block 'biomesoplenty:mahogany_planks' in 'matchBlocks' element 'biomesoplenty:mahogany_planks' at index 64 in file 'minecraft:optifine/ctm/jacaranda_planks_ctm_top.properties' in pack 'file/BOPPBR-FULL-RE1-v0.1.4.zip'
[17:31:24] [Worker-Main-7/WARN]: Unknown block 'biomesoplenty:mahogany_stairs' in 'matchBlocks' element 'biomesoplenty:mahogany_stairs:half=top' at index 65 in file 'minecraft:optifine/ctm/jacaranda_planks_ctm_top.properties' in pack 'file/BOPPBR-FULL-RE1-v0.1.4.zip'
[17:31:24] [Worker-Main-7/WARN]: Unknown block 'biomesoplenty:mahogany_slab' in 'matchBlocks' element 'biomesoplenty:mahogany_slab:type=top' at index 66 in file 'minecraft:optifine/ctm/jacaranda_planks_ctm_top.properties' in pack 'file/BOPPBR-FULL-RE1-v0.1.4.zip'
[17:31:24] [Worker-Main-7/WARN]: Unknown block 'biomesoplenty:mahogany_slab' in 'matchBlocks' element 'biomesoplenty:mahogany_slab:type=double' at index 67 in file 'minecraft:optifine/ctm/jacaranda_planks_ctm_top.properties' in pack 'file/BOPPBR-FULL-RE1-v0.1.4.zip'
[17:31:24] [Worker-Main-7/WARN]: Unknown block 'biomesoplenty:palm_planks' in 'matchBlocks' element 'biomesoplenty:palm_planks' at index 68 in file 'minecraft:optifine/ctm/jacaranda_planks_ctm_top.properties' in pack 'file/BOPPBR-FULL-RE1-v0.1.4.zip'
[17:31:24] [Worker-Main-7/WARN]: Unknown block 'biomesoplenty:palm_stairs' in 'matchBlocks' element 'biomesoplenty:palm_stairs:half=top' at index 69 in file 'minecraft:optifine/ctm/jacaranda_planks_ctm_top.properties' in pack 'file/BOPPBR-FULL-RE1-v0.1.4.zip'
[17:31:24] [Worker-Main-7/WARN]: Unknown block 'biomesoplenty:palm_slab' in 'matchBlocks' element 'biomesoplenty:palm_slab:type=top' at index 70 in file 'minecraft:optifine/ctm/jacaranda_planks_ctm_top.properties' in pack 'file/BOPPBR-FULL-RE1-v0.1.4.zip'
[17:31:24] [Worker-Main-7/WARN]: Unknown block 'biomesoplenty:palm_slab' in 'matchBlocks' element 'biomesoplenty:palm_slab:type=double' at index 71 in file 'minecraft:optifine/ctm/jacaranda_planks_ctm_top.properties' in pack 'file/BOPPBR-FULL-RE1-v0.1.4.zip'
[17:31:24] [Worker-Main-7/WARN]: Unknown block 'biomesoplenty:willow_planks' in 'matchBlocks' element 'biomesoplenty:willow_planks' at index 72 in file 'minecraft:optifine/ctm/jacaranda_planks_ctm_top.properties' in pack 'file/BOPPBR-FULL-RE1-v0.1.4.zip'
[17:31:24] [Worker-Main-7/WARN]: Unknown block 'biomesoplenty:willow_stairs' in 'matchBlocks' element 'biomesoplenty:willow_stairs:half=top' at index 73 in file 'minecraft:optifine/ctm/jacaranda_planks_ctm_top.properties' in pack 'file/BOPPBR-FULL-RE1-v0.1.4.zip'
[17:31:24] [Worker-Main-7/WARN]: Unknown block 'biomesoplenty:willow_slab' in 'matchBlocks' element 'biomesoplenty:willow_slab:type=top' at index 74 in file 'minecraft:optifine/ctm/jacaranda_planks_ctm_top.properties' in pack 'file/BOPPBR-FULL-RE1-v0.1.4.zip'
[17:31:24] [Worker-Main-7/WARN]: Unknown block 'biomesoplenty:willow_slab' in 'matchBlocks' element 'biomesoplenty:willow_slab:type=double' at index 75 in file 'minecraft:optifine/ctm/jacaranda_planks_ctm_top.properties' in pack 'file/BOPPBR-FULL-RE1-v0.1.4.zip'
[17:31:24] [Worker-Main-7/WARN]: Unknown block 'biomesoplenty:dead_planks' in 'matchBlocks' element 'biomesoplenty:dead_planks' at index 76 in file 'minecraft:optifine/ctm/jacaranda_planks_ctm_top.properties' in pack 'file/BOPPBR-FULL-RE1-v0.1.4.zip'
[17:31:24] [Worker-Main-7/WARN]: Unknown block 'biomesoplenty:dead_stairs' in 'matchBlocks' element 'biomesoplenty:dead_stairs:half=top' at index 77 in file 'minecraft:optifine/ctm/jacaranda_planks_ctm_top.properties' in pack 'file/BOPPBR-FULL-RE1-v0.1.4.zip'
[17:31:24] [Worker-Main-7/WARN]: Unknown block 'biomesoplenty:dead_slab' in 'matchBlocks' element 'biomesoplenty:dead_slab:type=top' at index 78 in file 'minecraft:optifine/ctm/jacaranda_planks_ctm_top.properties' in pack 'file/BOPPBR-FULL-RE1-v0.1.4.zip'
[17:31:24] [Worker-Main-7/WARN]: Unknown block 'biomesoplenty:dead_slab' in 'matchBlocks' element 'biomesoplenty:dead_slab:type=double' at index 79 in file 'minecraft:optifine/ctm/jacaranda_planks_ctm_top.properties' in pack 'file/BOPPBR-FULL-RE1-v0.1.4.zip'
[17:31:24] [Worker-Main-7/WARN]: Unknown block 'biomesoplenty:magic_planks' in 'matchBlocks' element 'biomesoplenty:magic_planks' at index 80 in file 'minecraft:optifine/ctm/jacaranda_planks_ctm_top.properties' in pack 'file/BOPPBR-FULL-RE1-v0.1.4.zip'
[17:31:24] [Worker-Main-7/WARN]: Unknown block 'biomesoplenty:magic_stairs' in 'matchBlocks' element 'biomesoplenty:magic_stairs:half=top' at index 81 in file 'minecraft:optifine/ctm/jacaranda_planks_ctm_top.properties' in pack 'file/BOPPBR-FULL-RE1-v0.1.4.zip'
[17:31:24] [Worker-Main-7/WARN]: Unknown block 'biomesoplenty:magic_slab' in 'matchBlocks' element 'biomesoplenty:magic_slab:type=top' at index 82 in file 'minecraft:optifine/ctm/jacaranda_planks_ctm_top.properties' in pack 'file/BOPPBR-FULL-RE1-v0.1.4.zip'
[17:31:24] [Worker-Main-7/WARN]: Unknown block 'biomesoplenty:magic_slab' in 'matchBlocks' element 'biomesoplenty:magic_slab:type=double' at index 83 in file 'minecraft:optifine/ctm/jacaranda_planks_ctm_top.properties' in pack 'file/BOPPBR-FULL-RE1-v0.1.4.zip'
[17:31:24] [Worker-Main-7/WARN]: Unknown block 'biomesoplenty:umbran_planks' in 'matchBlocks' element 'biomesoplenty:umbran_planks' at index 84 in file 'minecraft:optifine/ctm/jacaranda_planks_ctm_top.properties' in pack 'file/BOPPBR-FULL-RE1-v0.1.4.zip'
[17:31:24] [Worker-Main-7/WARN]: Unknown block 'biomesoplenty:umbran_stairs' in 'matchBlocks' element 'biomesoplenty:umbran_stairs:half=top' at index 85 in file 'minecraft:optifine/ctm/jacaranda_planks_ctm_top.properties' in pack 'file/BOPPBR-FULL-RE1-v0.1.4.zip'
[17:31:24] [Worker-Main-7/WARN]: Unknown block 'biomesoplenty:umbran_slab' in 'matchBlocks' element 'biomesoplenty:umbran_slab:type=top' at index 86 in file 'minecraft:optifine/ctm/jacaranda_planks_ctm_top.properties' in pack 'file/BOPPBR-FULL-RE1-v0.1.4.zip'
[17:31:24] [Worker-Main-7/WARN]: Unknown block 'biomesoplenty:umbran_slab' in 'matchBlocks' element 'biomesoplenty:umbran_slab:type=double' at index 87 in file 'minecraft:optifine/ctm/jacaranda_planks_ctm_top.properties' in pack 'file/BOPPBR-FULL-RE1-v0.1.4.zip'
[17:31:24] [Worker-Main-7/WARN]: Unknown block 'biomesoplenty:hellbark_planks' in 'matchBlocks' element 'biomesoplenty:hellbark_planks' at index 88 in file 'minecraft:optifine/ctm/jacaranda_planks_ctm_top.properties' in pack 'file/BOPPBR-FULL-RE1-v0.1.4.zip'
[17:31:24] [Worker-Main-7/WARN]: Unknown block 'biomesoplenty:hellbark_stairs' in 'matchBlocks' element 'biomesoplenty:hellbark_stairs:half=top' at index 89 in file 'minecraft:optifine/ctm/jacaranda_planks_ctm_top.properties' in pack 'file/BOPPBR-FULL-RE1-v0.1.4.zip'
[17:31:24] [Worker-Main-7/WARN]: Unknown block 'biomesoplenty:hellbark_slab' in 'matchBlocks' element 'biomesoplenty:hellbark_slab:type=top' at index 90 in file 'minecraft:optifine/ctm/jacaranda_planks_ctm_top.properties' in pack 'file/BOPPBR-FULL-RE1-v0.1.4.zip'
[17:31:24] [Worker-Main-7/WARN]: Unknown block 'biomesoplenty:hellbark_slab' in 'matchBlocks' element 'biomesoplenty:hellbark_slab:type=double' at index 91 in file 'minecraft:optifine/ctm/jacaranda_planks_ctm_top.properties' in pack 'file/BOPPBR-FULL-RE1-v0.1.4.zip'
[17:31:24] [Worker-Main-7/WARN]: Unknown block 'biomesoplenty:empyreal_planks' in 'matchBlocks' element 'biomesoplenty:empyreal_planks' at index 92 in file 'minecraft:optifine/ctm/jacaranda_planks_ctm_top.properties' in pack 'file/BOPPBR-FULL-RE1-v0.1.4.zip'
[17:31:24] [Worker-Main-7/WARN]: Unknown block 'biomesoplenty:empyreal_stairs' in 'matchBlocks' element 'biomesoplenty:empyreal_stairs:half=top' at index 93 in file 'minecraft:optifine/ctm/jacaranda_planks_ctm_top.properties' in pack 'file/BOPPBR-FULL-RE1-v0.1.4.zip'
[17:31:24] [Worker-Main-7/WARN]: Unknown block 'biomesoplenty:empyreal_slab' in 'matchBlocks' element 'biomesoplenty:empyreal_slab:type=top' at index 94 in file 'minecraft:optifine/ctm/jacaranda_planks_ctm_top.properties' in pack 'file/BOPPBR-FULL-RE1-v0.1.4.zip'
[17:31:24] [Worker-Main-7/WARN]: Unknown block 'biomesoplenty:empyreal_slab' in 'matchBlocks' element 'biomesoplenty:empyreal_slab:type=double' at index 95 in file 'minecraft:optifine/ctm/jacaranda_planks_ctm_top.properties' in pack 'file/BOPPBR-FULL-RE1-v0.1.4.zip'
[17:31:24] [Worker-Main-7/WARN]: Unknown block 'biomesoplenty:jacaranda_planks' in 'connectBlocks' element 'biomesoplenty:jacaranda_planks' at index 0 in file 'minecraft:optifine/ctm/jacaranda_planks_ctm_top.properties' in pack 'file/BOPPBR-FULL-RE1-v0.1.4.zip'
[17:31:24] [Worker-Main-7/WARN]: Unknown block 'biomesoplenty:magic_planks' in 'connectBlocks' element 'biomesoplenty:magic_planks' at index 0 in file 'minecraft:optifine/ctm/magic_planks_ctm.properties' in pack 'file/BOPPBR-FULL-RE1-v0.1.4.zip'
[17:31:24] [Worker-Main-7/WARN]: Unknown block 'biomesoplenty:origin_oak_planks' in 'matchBlocks' element 'biomesoplenty:origin_oak_planks' at index 44 in file 'minecraft:optifine/ctm/magic_planks_ctm_bottom.properties' in pack 'file/BOPPBR-FULL-RE1-v0.1.4.zip'
[17:31:24] [Worker-Main-7/WARN]: Unknown block 'biomesoplenty:origin_oak_stairs' in 'matchBlocks' element 'biomesoplenty:origin_oak_stairs:half=bottom' at index 45 in file 'minecraft:optifine/ctm/magic_planks_ctm_bottom.properties' in pack 'file/BOPPBR-FULL-RE1-v0.1.4.zip'
[17:31:24] [Worker-Main-7/WARN]: Unknown block 'biomesoplenty:origin_oak_slab' in 'matchBlocks' element 'biomesoplenty:origin_oak_slab:type=bottom' at index 46 in file 'minecraft:optifine/ctm/magic_planks_ctm_bottom.properties' in pack 'file/BOPPBR-FULL-RE1-v0.1.4.zip'
[17:31:24] [Worker-Main-7/WARN]: Unknown block 'biomesoplenty:origin_oak_slab' in 'matchBlocks' element 'biomesoplenty:origin_oak_slab:type=double' at index 47 in file 'minecraft:optifine/ctm/magic_planks_ctm_bottom.properties' in pack 'file/BOPPBR-FULL-RE1-v0.1.4.zip'
[17:31:24] [Worker-Main-7/WARN]: Unknown block 'biomesoplenty:fir_planks' in 'matchBlocks' element 'biomesoplenty:fir_planks' at index 48 in file 'minecraft:optifine/ctm/magic_planks_ctm_bottom.properties' in pack 'file/BOPPBR-FULL-RE1-v0.1.4.zip'
[17:31:24] [Worker-Main-7/WARN]: Unknown block 'biomesoplenty:fir_stairs' in 'matchBlocks' element 'biomesoplenty:fir_stairs:half=bottom' at index 49 in file 'minecraft:optifine/ctm/magic_planks_ctm_bottom.properties' in pack 'file/BOPPBR-FULL-RE1-v0.1.4.zip'
[17:31:24] [Worker-Main-7/WARN]: Unknown block 'biomesoplenty:fir_slab' in 'matchBlocks' element 'biomesoplenty:fir_slab:type=bottom' at index 50 in file 'minecraft:optifine/ctm/magic_planks_ctm_bottom.properties' in pack 'file/BOPPBR-FULL-RE1-v0.1.4.zip'
[17:31:24] [Worker-Main-7/WARN]: Unknown block 'biomesoplenty:fir_slab' in 'matchBlocks' element 'biomesoplenty:fir_slab:type=double' at index 51 in file 'minecraft:optifine/ctm/magic_planks_ctm_bottom.properties' in pack 'file/BOPPBR-FULL-RE1-v0.1.4.zip'
[17:31:24] [Worker-Main-7/WARN]: Unknown block 'biomesoplenty:pine_planks' in 'matchBlocks' element 'biomesoplenty:pine_planks' at index 52 in file 'minecraft:optifine/ctm/magic_planks_ctm_bottom.properties' in pack 'file/BOPPBR-FULL-RE1-v0.1.4.zip'
[17:31:24] [Worker-Main-7/WARN]: Unknown block 'biomesoplenty:pine_stairs' in 'matchBlocks' element 'biomesoplenty:pine_stairs:half=bottom' at index 53 in file 'minecraft:optifine/ctm/magic_planks_ctm_bottom.properties' in pack 'file/BOPPBR-FULL-RE1-v0.1.4.zip'
[17:31:24] [Worker-Main-7/WARN]: Unknown block 'biomesoplenty:pine_slab' in 'matchBlocks' element 'biomesoplenty:pine_slab:type=bottom' at index 54 in file 'minecraft:optifine/ctm/magic_planks_ctm_bottom.properties' in pack 'file/BOPPBR-FULL-RE1-v0.1.4.zip'
[17:31:24] [Worker-Main-7/WARN]: Unknown block 'biomesoplenty:pine_slab' in 'matchBlocks' element 'biomesoplenty:pine_slab:type=double' at index 55 in file 'minecraft:optifine/ctm/magic_planks_ctm_bottom.properties' in pack 'file/BOPPBR-FULL-RE1-v0.1.4.zip'
[17:31:24] [Worker-Main-7/WARN]: Unknown block 'biomesoplenty:maple_planks' in 'matchBlocks' element 'biomesoplenty:maple_planks' at index 56 in file 'minecraft:optifine/ctm/magic_planks_ctm_bottom.properties' in pack 'file/BOPPBR-FULL-RE1-v0.1.4.zip'
[17:31:24] [Worker-Main-7/WARN]: Unknown block 'biomesoplenty:maple_stairs' in 'matchBlocks' element 'biomesoplenty:maple_stairs:half=bottom' at index 57 in file 'minecraft:optifine/ctm/magic_planks_ctm_bottom.properties' in pack 'file/BOPPBR-FULL-RE1-v0.1.4.zip'
[17:31:24] [Worker-Main-7/WARN]: Unknown block 'biomesoplenty:maple_slab' in 'matchBlocks' element 'biomesoplenty:maple_slab:type=bottom' at index 58 in file 'minecraft:optifine/ctm/magic_planks_ctm_bottom.properties' in pack 'file/BOPPBR-FULL-RE1-v0.1.4.zip'
[17:31:24] [Worker-Main-7/WARN]: Unknown block 'biomesoplenty:maple_slab' in 'matchBlocks' element 'biomesoplenty:maple_slab:type=double' at index 59 in file 'minecraft:optifine/ctm/magic_planks_ctm_bottom.properties' in pack 'file/BOPPBR-FULL-RE1-v0.1.4.zip'
[17:31:24] [Worker-Main-7/WARN]: Unknown block 'biomesoplenty:redwood_planks' in 'matchBlocks' element 'biomesoplenty:redwood_planks' at index 60 in file 'minecraft:optifine/ctm/magic_planks_ctm_bottom.properties' in pack 'file/BOPPBR-FULL-RE1-v0.1.4.zip'
[17:31:24] [Worker-Main-7/WARN]: Unknown block 'biomesoplenty:redwood_stairs' in 'matchBlocks' element 'biomesoplenty:redwood_stairs:half=bottom' at index 61 in file 'minecraft:optifine/ctm/magic_planks_ctm_bottom.properties' in pack 'file/BOPPBR-FULL-RE1-v0.1.4.zip'
[17:31:24] [Worker-Main-7/WARN]: Unknown block 'biomesoplenty:redwood_slab' in 'matchBlocks' element 'biomesoplenty:redwood_slab:type=bottom' at index 62 in file 'minecraft:optifine/ctm/magic_planks_ctm_bottom.properties' in pack 'file/BOPPBR-FULL-RE1-v0.1.4.zip'
[17:31:24] [Worker-Main-7/WARN]: Unknown block 'biomesoplenty:redwood_slab' in 'matchBlocks' element 'biomesoplenty:redwood_slab:type=double' at index 63 in file 'minecraft:optifine/ctm/magic_planks_ctm_bottom.properties' in pack 'file/BOPPBR-FULL-RE1-v0.1.4.zip'
[17:31:24] [Worker-Main-7/WARN]: Unknown block 'biomesoplenty:mahogany_planks' in 'matchBlocks' element 'biomesoplenty:mahogany_planks' at index 64 in file 'minecraft:optifine/ctm/magic_planks_ctm_bottom.properties' in pack 'file/BOPPBR-FULL-RE1-v0.1.4.zip'
[17:31:24] [Worker-Main-7/WARN]: Unknown block 'biomesoplenty:mahogany_stairs' in 'matchBlocks' element 'biomesoplenty:mahogany_stairs:half=bottom' at index 65 in file 'minecraft:optifine/ctm/magic_planks_ctm_bottom.properties' in pack 'file/BOPPBR-FULL-RE1-v0.1.4.zip'
[17:31:24] [Worker-Main-7/WARN]: Unknown block 'biomesoplenty:mahogany_slab' in 'matchBlocks' element 'biomesoplenty:mahogany_slab:type=bottom' at index 66 in file 'minecraft:optifine/ctm/magic_planks_ctm_bottom.properties' in pack 'file/BOPPBR-FULL-RE1-v0.1.4.zip'
[17:31:24] [Worker-Main-7/WARN]: Unknown block 'biomesoplenty:mahogany_slab' in 'matchBlocks' element 'biomesoplenty:mahogany_slab:type=double' at index 67 in file 'minecraft:optifine/ctm/magic_planks_ctm_bottom.properties' in pack 'file/BOPPBR-FULL-RE1-v0.1.4.zip'
[17:31:24] [Worker-Main-7/WARN]: Unknown block 'biomesoplenty:jacaranda_planks' in 'matchBlocks' element 'biomesoplenty:jacaranda_planks' at index 68 in file 'minecraft:optifine/ctm/magic_planks_ctm_bottom.properties' in pack 'file/BOPPBR-FULL-RE1-v0.1.4.zip'
[17:31:24] [Worker-Main-7/WARN]: Unknown block 'biomesoplenty:jacaranda_stairs' in 'matchBlocks' element 'biomesoplenty:jacaranda_stairs:half=bottom' at index 69 in file 'minecraft:optifine/ctm/magic_planks_ctm_bottom.properties' in pack 'file/BOPPBR-FULL-RE1-v0.1.4.zip'
[17:31:24] [Worker-Main-7/WARN]: Unknown block 'biomesoplenty:jacaranda_slab' in 'matchBlocks' element 'biomesoplenty:jacaranda_slab:type=bottom' at index 70 in file 'minecraft:optifine/ctm/magic_planks_ctm_bottom.properties' in pack 'file/BOPPBR-FULL-RE1-v0.1.4.zip'
[17:31:24] [Worker-Main-7/WARN]: Unknown block 'biomesoplenty:jacaranda_slab' in 'matchBlocks' element 'biomesoplenty:jacaranda_slab:type=double' at index 71 in file 'minecraft:optifine/ctm/magic_planks_ctm_bottom.properties' in pack 'file/BOPPBR-FULL-RE1-v0.1.4.zip'
[17:31:24] [Worker-Main-7/WARN]: Unknown block 'biomesoplenty:palm_planks' in 'matchBlocks' element 'biomesoplenty:palm_planks' at index 72 in file 'minecraft:optifine/ctm/magic_planks_ctm_bottom.properties' in pack 'file/BOPPBR-FULL-RE1-v0.1.4.zip'
[17:31:24] [Worker-Main-7/WARN]: Unknown block 'biomesoplenty:palm_stairs' in 'matchBlocks' element 'biomesoplenty:palm_stairs:half=bottom' at index 73 in file 'minecraft:optifine/ctm/magic_planks_ctm_bottom.properties' in pack 'file/BOPPBR-FULL-RE1-v0.1.4.zip'
[17:31:24] [Worker-Main-7/WARN]: Unknown block 'biomesoplenty:palm_slab' in 'matchBlocks' element 'biomesoplenty:palm_slab:type=bottom' at index 74 in file 'minecraft:optifine/ctm/magic_planks_ctm_bottom.properties' in pack 'file/BOPPBR-FULL-RE1-v0.1.4.zip'
[17:31:24] [Worker-Main-7/WARN]: Unknown block 'biomesoplenty:palm_slab' in 'matchBlocks' element 'biomesoplenty:palm_slab:type=double' at index 75 in file 'minecraft:optifine/ctm/magic_planks_ctm_bottom.properties' in pack 'file/BOPPBR-FULL-RE1-v0.1.4.zip'
[17:31:24] [Worker-Main-7/WARN]: Unknown block 'biomesoplenty:willow_planks' in 'matchBlocks' element 'biomesoplenty:willow_planks' at index 76 in file 'minecraft:optifine/ctm/magic_planks_ctm_bottom.properties' in pack 'file/BOPPBR-FULL-RE1-v0.1.4.zip'
[17:31:24] [Worker-Main-7/WARN]: Unknown block 'biomesoplenty:willow_stairs' in 'matchBlocks' element 'biomesoplenty:willow_stairs:half=bottom' at index 77 in file 'minecraft:optifine/ctm/magic_planks_ctm_bottom.properties' in pack 'file/BOPPBR-FULL-RE1-v0.1.4.zip'
[17:31:24] [Worker-Main-7/WARN]: Unknown block 'biomesoplenty:willow_slab' in 'matchBlocks' element 'biomesoplenty:willow_slab:type=bottom' at index 78 in file 'minecraft:optifine/ctm/magic_planks_ctm_bottom.properties' in pack 'file/BOPPBR-FULL-RE1-v0.1.4.zip'
[17:31:24] [Worker-Main-7/WARN]: Unknown block 'biomesoplenty:willow_slab' in 'matchBlocks' element 'biomesoplenty:willow_slab:type=double' at index 79 in file 'minecraft:optifine/ctm/magic_planks_ctm_bottom.properties' in pack 'file/BOPPBR-FULL-RE1-v0.1.4.zip'
[17:31:24] [Worker-Main-7/WARN]: Unknown block 'biomesoplenty:dead_planks' in 'matchBlocks' element 'biomesoplenty:dead_planks' at index 80 in file 'minecraft:optifine/ctm/magic_planks_ctm_bottom.properties' in pack 'file/BOPPBR-FULL-RE1-v0.1.4.zip'
[17:31:24] [Worker-Main-7/WARN]: Unknown block 'biomesoplenty:dead_stairs' in 'matchBlocks' element 'biomesoplenty:dead_stairs:half=bottom' at index 81 in file 'minecraft:optifine/ctm/magic_planks_ctm_bottom.properties' in pack 'file/BOPPBR-FULL-RE1-v0.1.4.zip'
[17:31:24] [Worker-Main-7/WARN]: Unknown block 'biomesoplenty:dead_slab' in 'matchBlocks' element 'biomesoplenty:dead_slab:type=bottom' at index 82 in file 'minecraft:optifine/ctm/magic_planks_ctm_bottom.properties' in pack 'file/BOPPBR-FULL-RE1-v0.1.4.zip'
[17:31:24] [Worker-Main-7/WARN]: Unknown block 'biomesoplenty:dead_slab' in 'matchBlocks' element 'biomesoplenty:dead_slab:type=double' at index 83 in file 'minecraft:optifine/ctm/magic_planks_ctm_bottom.properties' in pack 'file/BOPPBR-FULL-RE1-v0.1.4.zip'
[17:31:24] [Worker-Main-7/WARN]: Unknown block 'biomesoplenty:umbran_planks' in 'matchBlocks' element 'biomesoplenty:umbran_planks' at index 84 in file 'minecraft:optifine/ctm/magic_planks_ctm_bottom.properties' in pack 'file/BOPPBR-FULL-RE1-v0.1.4.zip'
[17:31:24] [Worker-Main-7/WARN]: Unknown block 'biomesoplenty:umbran_stairs' in 'matchBlocks' element 'biomesoplenty:umbran_stairs:half=bottom' at index 85 in file 'minecraft:optifine/ctm/magic_planks_ctm_bottom.properties' in pack 'file/BOPPBR-FULL-RE1-v0.1.4.zip'
[17:31:24] [Worker-Main-7/WARN]: Unknown block 'biomesoplenty:umbran_slab' in 'matchBlocks' element 'biomesoplenty:umbran_slab:type=bottom' at index 86 in file 'minecraft:optifine/ctm/magic_planks_ctm_bottom.properties' in pack 'file/BOPPBR-FULL-RE1-v0.1.4.zip'
[17:31:24] [Worker-Main-7/WARN]: Unknown block 'biomesoplenty:umbran_slab' in 'matchBlocks' element 'biomesoplenty:umbran_slab:type=double' at index 87 in file 'minecraft:optifine/ctm/magic_planks_ctm_bottom.properties' in pack 'file/BOPPBR-FULL-RE1-v0.1.4.zip'
[17:31:24] [Worker-Main-7/WARN]: Unknown block 'biomesoplenty:hellbark_planks' in 'matchBlocks' element 'biomesoplenty:hellbark_planks' at index 88 in file 'minecraft:optifine/ctm/magic_planks_ctm_bottom.properties' in pack 'file/BOPPBR-FULL-RE1-v0.1.4.zip'
[17:31:24] [Worker-Main-7/WARN]: Unknown block 'biomesoplenty:hellbark_stairs' in 'matchBlocks' element 'biomesoplenty:hellbark_stairs:half=bottom' at index 89 in file 'minecraft:optifine/ctm/magic_planks_ctm_bottom.properties' in pack 'file/BOPPBR-FULL-RE1-v0.1.4.zip'
[17:31:24] [Worker-Main-7/WARN]: Unknown block 'biomesoplenty:hellbark_slab' in 'matchBlocks' element 'biomesoplenty:hellbark_slab:type=bottom' at index 90 in file 'minecraft:optifine/ctm/magic_planks_ctm_bottom.properties' in pack 'file/BOPPBR-FULL-RE1-v0.1.4.zip'
[17:31:24] [Worker-Main-7/WARN]: Unknown block 'biomesoplenty:hellbark_slab' in 'matchBlocks' element 'biomesoplenty:hellbark_slab:type=double' at index 91 in file 'minecraft:optifine/ctm/magic_planks_ctm_bottom.properties' in pack 'file/BOPPBR-FULL-RE1-v0.1.4.zip'
[17:31:24] [Worker-Main-7/WARN]: Unknown block 'biomesoplenty:empyreal_planks' in 'matchBlocks' element 'biomesoplenty:empyreal_planks' at index 92 in file 'minecraft:optifine/ctm/magic_planks_ctm_bottom.properties' in pack 'file/BOPPBR-FULL-RE1-v0.1.4.zip'
[17:31:24] [Worker-Main-7/WARN]: Unknown block 'biomesoplenty:empyreal_stairs' in 'matchBlocks' element 'biomesoplenty:empyreal_stairs:half=bottom' at index 93 in file 'minecraft:optifine/ctm/magic_planks_ctm_bottom.properties' in pack 'file/BOPPBR-FULL-RE1-v0.1.4.zip'
[17:31:24] [Worker-Main-7/WARN]: Unknown block 'biomesoplenty:empyreal_slab' in 'matchBlocks' element 'biomesoplenty:empyreal_slab:type=bottom' at index 94 in file 'minecraft:optifine/ctm/magic_planks_ctm_bottom.properties' in pack 'file/BOPPBR-FULL-RE1-v0.1.4.zip'
[17:31:24] [Worker-Main-7/WARN]: Unknown block 'biomesoplenty:empyreal_slab' in 'matchBlocks' element 'biomesoplenty:empyreal_slab:type=double' at index 95 in file 'minecraft:optifine/ctm/magic_planks_ctm_bottom.properties' in pack 'file/BOPPBR-FULL-RE1-v0.1.4.zip'
[17:31:24] [Worker-Main-7/WARN]: Unknown block 'biomesoplenty:magic_planks' in 'connectBlocks' element 'biomesoplenty:magic_planks' at index 0 in file 'minecraft:optifine/ctm/magic_planks_ctm_bottom.properties' in pack 'file/BOPPBR-FULL-RE1-v0.1.4.zip'
[17:31:24] [Worker-Main-7/WARN]: Unknown block 'biomesoplenty:origin_oak_planks' in 'matchBlocks' element 'biomesoplenty:origin_oak_planks' at index 22 in file 'minecraft:optifine/ctm/magic_planks_ctm_sides.properties' in pack 'file/BOPPBR-FULL-RE1-v0.1.4.zip'
[17:31:24] [Worker-Main-7/WARN]: Unknown block 'biomesoplenty:origin_oak_slab' in 'matchBlocks' element 'biomesoplenty:origin_oak_slab:type=double' at index 23 in file 'minecraft:optifine/ctm/magic_planks_ctm_sides.properties' in pack 'file/BOPPBR-FULL-RE1-v0.1.4.zip'
[17:31:24] [Worker-Main-7/WARN]: Unknown block 'biomesoplenty:fir_planks' in 'matchBlocks' element 'biomesoplenty:fir_planks' at index 24 in file 'minecraft:optifine/ctm/magic_planks_ctm_sides.properties' in pack 'file/BOPPBR-FULL-RE1-v0.1.4.zip'
[17:31:24] [Worker-Main-7/WARN]: Unknown block 'biomesoplenty:fir_slab' in 'matchBlocks' element 'biomesoplenty:fir_slab:type=double' at index 25 in file 'minecraft:optifine/ctm/magic_planks_ctm_sides.properties' in pack 'file/BOPPBR-FULL-RE1-v0.1.4.zip'
[17:31:24] [Worker-Main-7/WARN]: Unknown block 'biomesoplenty:pine_planks' in 'matchBlocks' element 'biomesoplenty:pine_planks' at index 26 in file 'minecraft:optifine/ctm/magic_planks_ctm_sides.properties' in pack 'file/BOPPBR-FULL-RE1-v0.1.4.zip'
[17:31:24] [Worker-Main-7/WARN]: Unknown block 'biomesoplenty:pine_slab' in 'matchBlocks' element 'biomesoplenty:pine_slab:type=double' at index 27 in file 'minecraft:optifine/ctm/magic_planks_ctm_sides.properties' in pack 'file/BOPPBR-FULL-RE1-v0.1.4.zip'
[17:31:24] [Worker-Main-7/WARN]: Unknown block 'biomesoplenty:maple_planks' in 'matchBlocks' element 'biomesoplenty:maple_planks' at index 28 in file 'minecraft:optifine/ctm/magic_planks_ctm_sides.properties' in pack 'file/BOPPBR-FULL-RE1-v0.1.4.zip'
[17:31:24] [Worker-Main-7/WARN]: Unknown block 'biomesoplenty:maple_slab' in 'matchBlocks' element 'biomesoplenty:maple_slab:type=double' at index 29 in file 'minecraft:optifine/ctm/magic_planks_ctm_sides.properties' in pack 'file/BOPPBR-FULL-RE1-v0.1.4.zip'
[17:31:24] [Worker-Main-7/WARN]: Unknown block 'biomesoplenty:redwood_planks' in 'matchBlocks' element 'biomesoplenty:redwood_planks' at index 30 in file 'minecraft:optifine/ctm/magic_planks_ctm_sides.properties' in pack 'file/BOPPBR-FULL-RE1-v0.1.4.zip'
[17:31:24] [Worker-Main-7/WARN]: Unknown block 'biomesoplenty:redwood_slab' in 'matchBlocks' element 'biomesoplenty:redwood_slab:type=double' at index 31 in file 'minecraft:optifine/ctm/magic_planks_ctm_sides.properties' in pack 'file/BOPPBR-FULL-RE1-v0.1.4.zip'
[17:31:24] [Worker-Main-7/WARN]: Unknown block 'biomesoplenty:mahogany_planks' in 'matchBlocks' element 'biomesoplenty:mahogany_planks' at index 32 in file 'minecraft:optifine/ctm/magic_planks_ctm_sides.properties' in pack 'file/BOPPBR-FULL-RE1-v0.1.4.zip'
[17:31:24] [Worker-Main-7/WARN]: Unknown block 'biomesoplenty:mahogany_slab' in 'matchBlocks' element 'biomesoplenty:mahogany_slab:type=double' at index 33 in file 'minecraft:optifine/ctm/magic_planks_ctm_sides.properties' in pack 'file/BOPPBR-FULL-RE1-v0.1.4.zip'
[17:31:24] [Worker-Main-7/WARN]: Unknown block 'biomesoplenty:jacaranda_planks' in 'matchBlocks' element 'biomesoplenty:jacaranda_planks' at index 34 in file 'minecraft:optifine/ctm/magic_planks_ctm_sides.properties' in pack 'file/BOPPBR-FULL-RE1-v0.1.4.zip'
[17:31:24] [Worker-Main-7/WARN]: Unknown block 'biomesoplenty:jacaranda_slab' in 'matchBlocks' element 'biomesoplenty:jacaranda_slab:type=double' at index 35 in file 'minecraft:optifine/ctm/magic_planks_ctm_sides.properties' in pack 'file/BOPPBR-FULL-RE1-v0.1.4.zip'
[17:31:24] [Worker-Main-7/WARN]: Unknown block 'biomesoplenty:palm_planks' in 'matchBlocks' element 'biomesoplenty:palm_planks' at index 36 in file 'minecraft:optifine/ctm/magic_planks_ctm_sides.properties' in pack 'file/BOPPBR-FULL-RE1-v0.1.4.zip'
[17:31:24] [Worker-Main-7/WARN]: Unknown block 'biomesoplenty:palm_slab' in 'matchBlocks' element 'biomesoplenty:palm_slab:type=double' at index 37 in file 'minecraft:optifine/ctm/magic_planks_ctm_sides.properties' in pack 'file/BOPPBR-FULL-RE1-v0.1.4.zip'
[17:31:24] [Worker-Main-7/WARN]: Unknown block 'biomesoplenty:willow_planks' in 'matchBlocks' element 'biomesoplenty:willow_planks' at index 38 in file 'minecraft:optifine/ctm/magic_planks_ctm_sides.properties' in pack 'file/BOPPBR-FULL-RE1-v0.1.4.zip'
[17:31:24] [Worker-Main-7/WARN]: Unknown block 'biomesoplenty:willow_slab' in 'matchBlocks' element 'biomesoplenty:willow_slab:type=double' at index 39 in file 'minecraft:optifine/ctm/magic_planks_ctm_sides.properties' in pack 'file/BOPPBR-FULL-RE1-v0.1.4.zip'
[17:31:24] [Worker-Main-7/WARN]: Unknown block 'biomesoplenty:dead_planks' in 'matchBlocks' element 'biomesoplenty:dead_planks' at index 40 in file 'minecraft:optifine/ctm/magic_planks_ctm_sides.properties' in pack 'file/BOPPBR-FULL-RE1-v0.1.4.zip'
[17:31:24] [Worker-Main-7/WARN]: Unknown block 'biomesoplenty:dead_slab' in 'matchBlocks' element 'biomesoplenty:dead_slab:type=double' at index 41 in file 'minecraft:optifine/ctm/magic_planks_ctm_sides.properties' in pack 'file/BOPPBR-FULL-RE1-v0.1.4.zip'
[17:31:24] [Worker-Main-7/WARN]: Unknown block 'biomesoplenty:umbran_planks' in 'matchBlocks' element 'biomesoplenty:umbran_planks' at index 42 in file 'minecraft:optifine/ctm/magic_planks_ctm_sides.properties' in pack 'file/BOPPBR-FULL-RE1-v0.1.4.zip'
[17:31:24] [Worker-Main-7/WARN]: Unknown block 'biomesoplenty:umbran_slab' in 'matchBlocks' element 'biomesoplenty:umbran_slab:type=double' at index 43 in file 'minecraft:optifine/ctm/magic_planks_ctm_sides.properties' in pack 'file/BOPPBR-FULL-RE1-v0.1.4.zip'
[17:31:24] [Worker-Main-7/WARN]: Unknown block 'biomesoplenty:hellbark_planks' in 'matchBlocks' element 'biomesoplenty:hellbark_planks' at index 44 in file 'minecraft:optifine/ctm/magic_planks_ctm_sides.properties' in pack 'file/BOPPBR-FULL-RE1-v0.1.4.zip'
[17:31:24] [Worker-Main-7/WARN]: Unknown block 'biomesoplenty:hellbark_slab' in 'matchBlocks' element 'biomesoplenty:hellbark_slab:type=double' at index 45 in file 'minecraft:optifine/ctm/magic_planks_ctm_sides.properties' in pack 'file/BOPPBR-FULL-RE1-v0.1.4.zip'
[17:31:24] [Worker-Main-7/WARN]: Unknown block 'biomesoplenty:empyreal_planks' in 'matchBlocks' element 'biomesoplenty:empyreal_planks' at index 46 in file 'minecraft:optifine/ctm/magic_planks_ctm_sides.properties' in pack 'file/BOPPBR-FULL-RE1-v0.1.4.zip'
[17:31:24] [Worker-Main-7/WARN]: Unknown block 'biomesoplenty:empyreal_slab' in 'matchBlocks' element 'biomesoplenty:empyreal_slab:type=double' at index 47 in file 'minecraft:optifine/ctm/magic_planks_ctm_sides.properties' in pack 'file/BOPPBR-FULL-RE1-v0.1.4.zip'
[17:31:24] [Worker-Main-7/WARN]: Unknown block 'biomesoplenty:magic_planks' in 'connectBlocks' element 'biomesoplenty:magic_planks' at index 0 in file 'minecraft:optifine/ctm/magic_planks_ctm_sides.properties' in pack 'file/BOPPBR-FULL-RE1-v0.1.4.zip'
[17:31:24] [Worker-Main-7/WARN]: Unknown block 'biomesoplenty:origin_oak_planks' in 'matchBlocks' element 'biomesoplenty:origin_oak_planks' at index 44 in file 'minecraft:optifine/ctm/magic_planks_ctm_top.properties' in pack 'file/BOPPBR-FULL-RE1-v0.1.4.zip'
[17:31:24] [Worker-Main-7/WARN]: Unknown block 'biomesoplenty:origin_oak_stairs' in 'matchBlocks' element 'biomesoplenty:origin_oak_stairs:half=top' at index 45 in file 'minecraft:optifine/ctm/magic_planks_ctm_top.properties' in pack 'file/BOPPBR-FULL-RE1-v0.1.4.zip'
[17:31:24] [Worker-Main-7/WARN]: Unknown block 'biomesoplenty:origin_oak_slab' in 'matchBlocks' element 'biomesoplenty:origin_oak_slab:type=top' at index 46 in file 'minecraft:optifine/ctm/magic_planks_ctm_top.properties' in pack 'file/BOPPBR-FULL-RE1-v0.1.4.zip'
[17:31:24] [Worker-Main-7/WARN]: Unknown block 'biomesoplenty:origin_oak_slab' in 'matchBlocks' element 'biomesoplenty:origin_oak_slab:type=double' at index 47 in file 'minecraft:optifine/ctm/magic_planks_ctm_top.properties' in pack 'file/BOPPBR-FULL-RE1-v0.1.4.zip'
[17:31:24] [Worker-Main-7/WARN]: Unknown block 'biomesoplenty:fir_planks' in 'matchBlocks' element 'biomesoplenty:fir_planks' at index 48 in file 'minecraft:optifine/ctm/magic_planks_ctm_top.properties' in pack 'file/BOPPBR-FULL-RE1-v0.1.4.zip'
[17:31:24] [Worker-Main-7/WARN]: Unknown block 'biomesoplenty:fir_stairs' in 'matchBlocks' element 'biomesoplenty:fir_stairs:half=top' at index 49 in file 'minecraft:optifine/ctm/magic_planks_ctm_top.properties' in pack 'file/BOPPBR-FULL-RE1-v0.1.4.zip'
[17:31:24] [Worker-Main-7/WARN]: Unknown block 'biomesoplenty:fir_slab' in 'matchBlocks' element 'biomesoplenty:fir_slab:type=top' at index 50 in file 'minecraft:optifine/ctm/magic_planks_ctm_top.properties' in pack 'file/BOPPBR-FULL-RE1-v0.1.4.zip'
[17:31:24] [Worker-Main-7/WARN]: Unknown block 'biomesoplenty:fir_slab' in 'matchBlocks' element 'biomesoplenty:fir_slab:type=double' at index 51 in file 'minecraft:optifine/ctm/magic_planks_ctm_top.properties' in pack 'file/BOPPBR-FULL-RE1-v0.1.4.zip'
[17:31:24] [Worker-Main-7/WARN]: Unknown block 'biomesoplenty:pine_planks' in 'matchBlocks' element 'biomesoplenty:pine_planks' at index 52 in file 'minecraft:optifine/ctm/magic_planks_ctm_top.properties' in pack 'file/BOPPBR-FULL-RE1-v0.1.4.zip'
[17:31:24] [Worker-Main-7/WARN]: Unknown block 'biomesoplenty:pine_stairs' in 'matchBlocks' element 'biomesoplenty:pine_stairs:half=top' at index 53 in file 'minecraft:optifine/ctm/magic_planks_ctm_top.properties' in pack 'file/BOPPBR-FULL-RE1-v0.1.4.zip'
[17:31:24] [Worker-Main-7/WARN]: Unknown block 'biomesoplenty:pine_slab' in 'matchBlocks' element 'biomesoplenty:pine_slab:type=top' at index 54 in file 'minecraft:optifine/ctm/magic_planks_ctm_top.properties' in pack 'file/BOPPBR-FULL-RE1-v0.1.4.zip'
[17:31:24] [Worker-Main-7/WARN]: Unknown block 'biomesoplenty:pine_slab' in 'matchBlocks' element 'biomesoplenty:pine_slab:type=double' at index 55 in file 'minecraft:optifine/ctm/magic_planks_ctm_top.properties' in pack 'file/BOPPBR-FULL-RE1-v0.1.4.zip'
[17:31:24] [Worker-Main-7/WARN]: Unknown block 'biomesoplenty:maple_planks' in 'matchBlocks' element 'biomesoplenty:maple_planks' at index 56 in file 'minecraft:optifine/ctm/magic_planks_ctm_top.properties' in pack 'file/BOPPBR-FULL-RE1-v0.1.4.zip'
[17:31:24] [Worker-Main-7/WARN]: Unknown block 'biomesoplenty:maple_stairs' in 'matchBlocks' element 'biomesoplenty:maple_stairs:half=top' at index 57 in file 'minecraft:optifine/ctm/magic_planks_ctm_top.properties' in pack 'file/BOPPBR-FULL-RE1-v0.1.4.zip'
[17:31:24] [Worker-Main-7/WARN]: Unknown block 'biomesoplenty:maple_slab' in 'matchBlocks' element 'biomesoplenty:maple_slab:type=top' at index 58 in file 'minecraft:optifine/ctm/magic_planks_ctm_top.properties' in pack 'file/BOPPBR-FULL-RE1-v0.1.4.zip'
[17:31:24] [Worker-Main-7/WARN]: Unknown block 'biomesoplenty:maple_slab' in 'matchBlocks' element 'biomesoplenty:maple_slab:type=double' at index 59 in file 'minecraft:optifine/ctm/magic_planks_ctm_top.properties' in pack 'file/BOPPBR-FULL-RE1-v0.1.4.zip'
[17:31:24] [Worker-Main-7/WARN]: Unknown block 'biomesoplenty:redwood_planks' in 'matchBlocks' element 'biomesoplenty:redwood_planks' at index 60 in file 'minecraft:optifine/ctm/magic_planks_ctm_top.properties' in pack 'file/BOPPBR-FULL-RE1-v0.1.4.zip'
[17:31:24] [Worker-Main-7/WARN]: Unknown block 'biomesoplenty:redwood_stairs' in 'matchBlocks' element 'biomesoplenty:redwood_stairs:half=top' at index 61 in file 'minecraft:optifine/ctm/magic_planks_ctm_top.properties' in pack 'file/BOPPBR-FULL-RE1-v0.1.4.zip'
[17:31:24] [Worker-Main-7/WARN]: Unknown block 'biomesoplenty:redwood_slab' in 'matchBlocks' element 'biomesoplenty:redwood_slab:type=top' at index 62 in file 'minecraft:optifine/ctm/magic_planks_ctm_top.properties' in pack 'file/BOPPBR-FULL-RE1-v0.1.4.zip'
[17:31:24] [Worker-Main-7/WARN]: Unknown block 'biomesoplenty:redwood_slab' in 'matchBlocks' element 'biomesoplenty:redwood_slab:type=double' at index 63 in file 'minecraft:optifine/ctm/magic_planks_ctm_top.properties' in pack 'file/BOPPBR-FULL-RE1-v0.1.4.zip'
[17:31:24] [Worker-Main-7/WARN]: Unknown block 'biomesoplenty:mahogany_planks' in 'matchBlocks' element 'biomesoplenty:mahogany_planks' at index 64 in file 'minecraft:optifine/ctm/magic_planks_ctm_top.properties' in pack 'file/BOPPBR-FULL-RE1-v0.1.4.zip'
[17:31:24] [Worker-Main-7/WARN]: Unknown block 'biomesoplenty:mahogany_stairs' in 'matchBlocks' element 'biomesoplenty:mahogany_stairs:half=top' at index 65 in file 'minecraft:optifine/ctm/magic_planks_ctm_top.properties' in pack 'file/BOPPBR-FULL-RE1-v0.1.4.zip'
[17:31:24] [Worker-Main-7/WARN]: Unknown block 'biomesoplenty:mahogany_slab' in 'matchBlocks' element 'biomesoplenty:mahogany_slab:type=top' at index 66 in file 'minecraft:optifine/ctm/magic_planks_ctm_top.properties' in pack 'file/BOPPBR-FULL-RE1-v0.1.4.zip'
[17:31:24] [Worker-Main-7/WARN]: Unknown block 'biomesoplenty:mahogany_slab' in 'matchBlocks' element 'biomesoplenty:mahogany_slab:type=double' at index 67 in file 'minecraft:optifine/ctm/magic_planks_ctm_top.properties' in pack 'file/BOPPBR-FULL-RE1-v0.1.4.zip'
[17:31:24] [Worker-Main-7/WARN]: Unknown block 'biomesoplenty:jacaranda_planks' in 'matchBlocks' element 'biomesoplenty:jacaranda_planks' at index 68 in file 'minecraft:optifine/ctm/magic_planks_ctm_top.properties' in pack 'file/BOPPBR-FULL-RE1-v0.1.4.zip'
[17:31:24] [Worker-Main-7/WARN]: Unknown block 'biomesoplenty:jacaranda_stairs' in 'matchBlocks' element 'biomesoplenty:jacaranda_stairs:half=top' at index 69 in file 'minecraft:optifine/ctm/magic_planks_ctm_top.properties' in pack 'file/BOPPBR-FULL-RE1-v0.1.4.zip'
[17:31:24] [Worker-Main-7/WARN]: Unknown block 'biomesoplenty:jacaranda_slab' in 'matchBlocks' element 'biomesoplenty:jacaranda_slab:type=top' at index 70 in file 'minecraft:optifine/ctm/magic_planks_ctm_top.properties' in pack 'file/BOPPBR-FULL-RE1-v0.1.4.zip'
[17:31:24] [Worker-Main-7/WARN]: Unknown block 'biomesoplenty:jacaranda_slab' in 'matchBlocks' element 'biomesoplenty:jacaranda_slab:type=double' at index 71 in file 'minecraft:optifine/ctm/magic_planks_ctm_top.properties' in pack 'file/BOPPBR-FULL-RE1-v0.1.4.zip'
[17:31:24] [Worker-Main-7/WARN]: Unknown block 'biomesoplenty:palm_planks' in 'matchBlocks' element 'biomesoplenty:palm_planks' at index 72 in file 'minecraft:optifine/ctm/magic_planks_ctm_top.properties' in pack 'file/BOPPBR-FULL-RE1-v0.1.4.zip'
[17:31:24] [Worker-Main-7/WARN]: Unknown block 'biomesoplenty:palm_stairs' in 'matchBlocks' element 'biomesoplenty:palm_stairs:half=top' at index 73 in file 'minecraft:optifine/ctm/magic_planks_ctm_top.properties' in pack 'file/BOPPBR-FULL-RE1-v0.1.4.zip'
[17:31:24] [Worker-Main-7/WARN]: Unknown block 'biomesoplenty:palm_slab' in 'matchBlocks' element 'biomesoplenty:palm_slab:type=top' at index 74 in file 'minecraft:optifine/ctm/magic_planks_ctm_top.properties' in pack 'file/BOPPBR-FULL-RE1-v0.1.4.zip'
[17:31:24] [Worker-Main-7/WARN]: Unknown block 'biomesoplenty:palm_slab' in 'matchBlocks' element 'biomesoplenty:palm_slab:type=double' at index 75 in file 'minecraft:optifine/ctm/magic_planks_ctm_top.properties' in pack 'file/BOPPBR-FULL-RE1-v0.1.4.zip'
[17:31:24] [Worker-Main-7/WARN]: Unknown block 'biomesoplenty:willow_planks' in 'matchBlocks' element 'biomesoplenty:willow_planks' at index 76 in file 'minecraft:optifine/ctm/magic_planks_ctm_top.properties' in pack 'file/BOPPBR-FULL-RE1-v0.1.4.zip'
[17:31:24] [Worker-Main-7/WARN]: Unknown block 'biomesoplenty:willow_stairs' in 'matchBlocks' element 'biomesoplenty:willow_stairs:half=top' at index 77 in file 'minecraft:optifine/ctm/magic_planks_ctm_top.properties' in pack 'file/BOPPBR-FULL-RE1-v0.1.4.zip'
[17:31:24] [Worker-Main-7/WARN]: Unknown block 'biomesoplenty:willow_slab' in 'matchBlocks' element 'biomesoplenty:willow_slab:type=top' at index 78 in file 'minecraft:optifine/ctm/magic_planks_ctm_top.properties' in pack 'file/BOPPBR-FULL-RE1-v0.1.4.zip'
[17:31:24] [Worker-Main-7/WARN]: Unknown block 'biomesoplenty:willow_slab' in 'matchBlocks' element 'biomesoplenty:willow_slab:type=double' at index 79 in file 'minecraft:optifine/ctm/magic_planks_ctm_top.properties' in pack 'file/BOPPBR-FULL-RE1-v0.1.4.zip'
[17:31:24] [Worker-Main-7/WARN]: Unknown block 'biomesoplenty:dead_planks' in 'matchBlocks' element 'biomesoplenty:dead_planks' at index 80 in file 'minecraft:optifine/ctm/magic_planks_ctm_top.properties' in pack 'file/BOPPBR-FULL-RE1-v0.1.4.zip'
[17:31:24] [Worker-Main-7/WARN]: Unknown block 'biomesoplenty:dead_stairs' in 'matchBlocks' element 'biomesoplenty:dead_stairs:half=top' at index 81 in file 'minecraft:optifine/ctm/magic_planks_ctm_top.properties' in pack 'file/BOPPBR-FULL-RE1-v0.1.4.zip'
[17:31:24] [Worker-Main-7/WARN]: Unknown block 'biomesoplenty:dead_slab' in 'matchBlocks' element 'biomesoplenty:dead_slab:type=top' at index 82 in file 'minecraft:optifine/ctm/magic_planks_ctm_top.properties' in pack 'file/BOPPBR-FULL-RE1-v0.1.4.zip'
[17:31:24] [Worker-Main-7/WARN]: Unknown block 'biomesoplenty:dead_slab' in 'matchBlocks' element 'biomesoplenty:dead_slab:type=double' at index 83 in file 'minecraft:optifine/ctm/magic_planks_ctm_top.properties' in pack 'file/BOPPBR-FULL-RE1-v0.1.4.zip'
[17:31:24] [Worker-Main-7/WARN]: Unknown block 'biomesoplenty:umbran_planks' in 'matchBlocks' element 'biomesoplenty:umbran_planks' at index 84 in file 'minecraft:optifine/ctm/magic_planks_ctm_top.properties' in pack 'file/BOPPBR-FULL-RE1-v0.1.4.zip'
[17:31:24] [Worker-Main-7/WARN]: Unknown block 'biomesoplenty:umbran_stairs' in 'matchBlocks' element 'biomesoplenty:umbran_stairs:half=top' at index 85 in file 'minecraft:optifine/ctm/magic_planks_ctm_top.properties' in pack 'file/BOPPBR-FULL-RE1-v0.1.4.zip'
[17:31:24] [Worker-Main-7/WARN]: Unknown block 'biomesoplenty:umbran_slab' in 'matchBlocks' element 'biomesoplenty:umbran_slab:type=top' at index 86 in file 'minecraft:optifine/ctm/magic_planks_ctm_top.properties' in pack 'file/BOPPBR-FULL-RE1-v0.1.4.zip'
[17:31:24] [Worker-Main-7/WARN]: Unknown block 'biomesoplenty:umbran_slab' in 'matchBlocks' element 'biomesoplenty:umbran_slab:type=double' at index 87 in file 'minecraft:optifine/ctm/magic_planks_ctm_top.properties' in pack 'file/BOPPBR-FULL-RE1-v0.1.4.zip'
[17:31:24] [Worker-Main-7/WARN]: Unknown block 'biomesoplenty:hellbark_planks' in 'matchBlocks' element 'biomesoplenty:hellbark_planks' at index 88 in file 'minecraft:optifine/ctm/magic_planks_ctm_top.properties' in pack 'file/BOPPBR-FULL-RE1-v0.1.4.zip'
[17:31:24] [Worker-Main-7/WARN]: Unknown block 'biomesoplenty:hellbark_stairs' in 'matchBlocks' element 'biomesoplenty:hellbark_stairs:half=top' at index 89 in file 'minecraft:optifine/ctm/magic_planks_ctm_top.properties' in pack 'file/BOPPBR-FULL-RE1-v0.1.4.zip'
[17:31:24] [Worker-Main-7/WARN]: Unknown block 'biomesoplenty:hellbark_slab' in 'matchBlocks' element 'biomesoplenty:hellbark_slab:type=top' at index 90 in file 'minecraft:optifine/ctm/magic_planks_ctm_top.properties' in pack 'file/BOPPBR-FULL-RE1-v0.1.4.zip'
[17:31:24] [Worker-Main-7/WARN]: Unknown block 'biomesoplenty:hellbark_slab' in 'matchBlocks' element 'biomesoplenty:hellbark_slab:type=double' at index 91 in file 'minecraft:optifine/ctm/magic_planks_ctm_top.properties' in pack 'file/BOPPBR-FULL-RE1-v0.1.4.zip'
[17:31:24] [Worker-Main-7/WARN]: Unknown block 'biomesoplenty:empyreal_planks' in 'matchBlocks' element 'biomesoplenty:empyreal_planks' at index 92 in file 'minecraft:optifine/ctm/magic_planks_ctm_top.properties' in pack 'file/BOPPBR-FULL-RE1-v0.1.4.zip'
[17:31:24] [Worker-Main-7/WARN]: Unknown block 'biomesoplenty:empyreal_stairs' in 'matchBlocks' element 'biomesoplenty:empyreal_stairs:half=top' at index 93 in file 'minecraft:optifine/ctm/magic_planks_ctm_top.properties' in pack 'file/BOPPBR-FULL-RE1-v0.1.4.zip'
[17:31:24] [Worker-Main-7/WARN]: Unknown block 'biomesoplenty:empyreal_slab' in 'matchBlocks' element 'biomesoplenty:empyreal_slab:type=top' at index 94 in file 'minecraft:optifine/ctm/magic_planks_ctm_top.properties' in pack 'file/BOPPBR-FULL-RE1-v0.1.4.zip'
[17:31:24] [Worker-Main-7/WARN]: Unknown block 'biomesoplenty:empyreal_slab' in 'matchBlocks' element 'biomesoplenty:empyreal_slab:type=double' at index 95 in file 'minecraft:optifine/ctm/magic_planks_ctm_top.properties' in pack 'file/BOPPBR-FULL-RE1-v0.1.4.zip'
[17:31:24] [Worker-Main-7/WARN]: Unknown block 'biomesoplenty:magic_planks' in 'connectBlocks' element 'biomesoplenty:magic_planks' at index 0 in file 'minecraft:optifine/ctm/magic_planks_ctm_top.properties' in pack 'file/BOPPBR-FULL-RE1-v0.1.4.zip'
[17:31:24] [Worker-Main-7/WARN]: Unknown block 'biomesoplenty:mahogany_planks' in 'connectBlocks' element 'biomesoplenty:mahogany_planks' at index 0 in file 'minecraft:optifine/ctm/mahogany_planks_ctm.properties' in pack 'file/BOPPBR-FULL-RE1-v0.1.4.zip'
[17:31:24] [Worker-Main-7/WARN]: Unknown block 'biomesoplenty:origin_oak_planks' in 'matchBlocks' element 'biomesoplenty:origin_oak_planks' at index 44 in file 'minecraft:optifine/ctm/mahogany_planks_ctm_bottom.properties' in pack 'file/BOPPBR-FULL-RE1-v0.1.4.zip'
[17:31:24] [Worker-Main-7/WARN]: Unknown block 'biomesoplenty:origin_oak_stairs' in 'matchBlocks' element 'biomesoplenty:origin_oak_stairs:half=bottom' at index 45 in file 'minecraft:optifine/ctm/mahogany_planks_ctm_bottom.properties' in pack 'file/BOPPBR-FULL-RE1-v0.1.4.zip'
[17:31:24] [Worker-Main-7/WARN]: Unknown block 'biomesoplenty:origin_oak_slab' in 'matchBlocks' element 'biomesoplenty:origin_oak_slab:type=bottom' at index 46 in file 'minecraft:optifine/ctm/mahogany_planks_ctm_bottom.properties' in pack 'file/BOPPBR-FULL-RE1-v0.1.4.zip'
[17:31:24] [Worker-Main-7/WARN]: Unknown block 'biomesoplenty:origin_oak_slab' in 'matchBlocks' element 'biomesoplenty:origin_oak_slab:type=double' at index 47 in file 'minecraft:optifine/ctm/mahogany_planks_ctm_bottom.properties' in pack 'file/BOPPBR-FULL-RE1-v0.1.4.zip'
[17:31:24] [Worker-Main-7/WARN]: Unknown block 'biomesoplenty:fir_planks' in 'matchBlocks' element 'biomesoplenty:fir_planks' at index 48 in file 'minecraft:optifine/ctm/mahogany_planks_ctm_bottom.properties' in pack 'file/BOPPBR-FULL-RE1-v0.1.4.zip'
[17:31:24] [Worker-Main-7/WARN]: Unknown block 'biomesoplenty:fir_stairs' in 'matchBlocks' element 'biomesoplenty:fir_stairs:half=bottom' at index 49 in file 'minecraft:optifine/ctm/mahogany_planks_ctm_bottom.properties' in pack 'file/BOPPBR-FULL-RE1-v0.1.4.zip'
[17:31:24] [Worker-Main-7/WARN]: Unknown block 'biomesoplenty:fir_slab' in 'matchBlocks' element 'biomesoplenty:fir_slab:type=bottom' at index 50 in file 'minecraft:optifine/ctm/mahogany_planks_ctm_bottom.properties' in pack 'file/BOPPBR-FULL-RE1-v0.1.4.zip'
[17:31:24] [Worker-Main-7/WARN]: Unknown block 'biomesoplenty:fir_slab' in 'matchBlocks' element 'biomesoplenty:fir_slab:type=double' at index 51 in file 'minecraft:optifine/ctm/mahogany_planks_ctm_bottom.properties' in pack 'file/BOPPBR-FULL-RE1-v0.1.4.zip'
[17:31:24] [Worker-Main-7/WARN]: Unknown block 'biomesoplenty:pine_planks' in 'matchBlocks' element 'biomesoplenty:pine_planks' at index 52 in file 'minecraft:optifine/ctm/mahogany_planks_ctm_bottom.properties' in pack 'file/BOPPBR-FULL-RE1-v0.1.4.zip'
[17:31:24] [Worker-Main-7/WARN]: Unknown block 'biomesoplenty:pine_stairs' in 'matchBlocks' element 'biomesoplenty:pine_stairs:half=bottom' at index 53 in file 'minecraft:optifine/ctm/mahogany_planks_ctm_bottom.properties' in pack 'file/BOPPBR-FULL-RE1-v0.1.4.zip'
[17:31:24] [Worker-Main-7/WARN]: Unknown block 'biomesoplenty:pine_slab' in 'matchBlocks' element 'biomesoplenty:pine_slab:type=bottom' at index 54 in file 'minecraft:optifine/ctm/mahogany_planks_ctm_bottom.properties' in pack 'file/BOPPBR-FULL-RE1-v0.1.4.zip'
[17:31:24] [Worker-Main-7/WARN]: Unknown block 'biomesoplenty:pine_slab' in 'matchBlocks' element 'biomesoplenty:pine_slab:type=double' at index 55 in file 'minecraft:optifine/ctm/mahogany_planks_ctm_bottom.properties' in pack 'file/BOPPBR-FULL-RE1-v0.1.4.zip'
[17:31:24] [Worker-Main-7/WARN]: Unknown block 'biomesoplenty:maple_planks' in 'matchBlocks' element 'biomesoplenty:maple_planks' at index 56 in file 'minecraft:optifine/ctm/mahogany_planks_ctm_bottom.properties' in pack 'file/BOPPBR-FULL-RE1-v0.1.4.zip'
[17:31:24] [Worker-Main-7/WARN]: Unknown block 'biomesoplenty:maple_stairs' in 'matchBlocks' element 'biomesoplenty:maple_stairs:half=bottom' at index 57 in file 'minecraft:optifine/ctm/mahogany_planks_ctm_bottom.properties' in pack 'file/BOPPBR-FULL-RE1-v0.1.4.zip'
[17:31:24] [Worker-Main-7/WARN]: Unknown block 'biomesoplenty:maple_slab' in 'matchBlocks' element 'biomesoplenty:maple_slab:type=bottom' at index 58 in file 'minecraft:optifine/ctm/mahogany_planks_ctm_bottom.properties' in pack 'file/BOPPBR-FULL-RE1-v0.1.4.zip'
[17:31:24] [Worker-Main-7/WARN]: Unknown block 'biomesoplenty:maple_slab' in 'matchBlocks' element 'biomesoplenty:maple_slab:type=double' at index 59 in file 'minecraft:optifine/ctm/mahogany_planks_ctm_bottom.properties' in pack 'file/BOPPBR-FULL-RE1-v0.1.4.zip'
[17:31:24] [Worker-Main-7/WARN]: Unknown block 'biomesoplenty:redwood_planks' in 'matchBlocks' element 'biomesoplenty:redwood_planks' at index 60 in file 'minecraft:optifine/ctm/mahogany_planks_ctm_bottom.properties' in pack 'file/BOPPBR-FULL-RE1-v0.1.4.zip'
[17:31:24] [Worker-Main-7/WARN]: Unknown block 'biomesoplenty:redwood_stairs' in 'matchBlocks' element 'biomesoplenty:redwood_stairs:half=bottom' at index 61 in file 'minecraft:optifine/ctm/mahogany_planks_ctm_bottom.properties' in pack 'file/BOPPBR-FULL-RE1-v0.1.4.zip'
[17:31:24] [Worker-Main-7/WARN]: Unknown block 'biomesoplenty:redwood_slab' in 'matchBlocks' element 'biomesoplenty:redwood_slab:type=bottom' at index 62 in file 'minecraft:optifine/ctm/mahogany_planks_ctm_bottom.properties' in pack 'file/BOPPBR-FULL-RE1-v0.1.4.zip'
[17:31:24] [Worker-Main-7/WARN]: Unknown block 'biomesoplenty:redwood_slab' in 'matchBlocks' element 'biomesoplenty:redwood_slab:type=double' at index 63 in file 'minecraft:optifine/ctm/mahogany_planks_ctm_bottom.properties' in pack 'file/BOPPBR-FULL-RE1-v0.1.4.zip'
[17:31:24] [Worker-Main-7/WARN]: Unknown block 'biomesoplenty:jacaranda_planks' in 'matchBlocks' element 'biomesoplenty:jacaranda_planks' at index 64 in file 'minecraft:optifine/ctm/mahogany_planks_ctm_bottom.properties' in pack 'file/BOPPBR-FULL-RE1-v0.1.4.zip'
[17:31:24] [Worker-Main-7/WARN]: Unknown block 'biomesoplenty:jacaranda_stairs' in 'matchBlocks' element 'biomesoplenty:jacaranda_stairs:half=bottom' at index 65 in file 'minecraft:optifine/ctm/mahogany_planks_ctm_bottom.properties' in pack 'file/BOPPBR-FULL-RE1-v0.1.4.zip'
[17:31:24] [Worker-Main-7/WARN]: Unknown block 'biomesoplenty:jacaranda_slab' in 'matchBlocks' element 'biomesoplenty:jacaranda_slab:type=bottom' at index 66 in file 'minecraft:optifine/ctm/mahogany_planks_ctm_bottom.properties' in pack 'file/BOPPBR-FULL-RE1-v0.1.4.zip'
[17:31:24] [Worker-Main-7/WARN]: Unknown block 'biomesoplenty:jacaranda_slab' in 'matchBlocks' element 'biomesoplenty:jacaranda_slab:type=double' at index 67 in file 'minecraft:optifine/ctm/mahogany_planks_ctm_bottom.properties' in pack 'file/BOPPBR-FULL-RE1-v0.1.4.zip'
[17:31:24] [Worker-Main-7/WARN]: Unknown block 'biomesoplenty:palm_planks' in 'matchBlocks' element 'biomesoplenty:palm_planks' at index 68 in file 'minecraft:optifine/ctm/mahogany_planks_ctm_bottom.properties' in pack 'file/BOPPBR-FULL-RE1-v0.1.4.zip'
[17:31:24] [Worker-Main-7/WARN]: Unknown block 'biomesoplenty:palm_stairs' in 'matchBlocks' element 'biomesoplenty:palm_stairs:half=bottom' at index 69 in file 'minecraft:optifine/ctm/mahogany_planks_ctm_bottom.properties' in pack 'file/BOPPBR-FULL-RE1-v0.1.4.zip'
[17:31:24] [Worker-Main-7/WARN]: Unknown block 'biomesoplenty:palm_slab' in 'matchBlocks' element 'biomesoplenty:palm_slab:type=bottom' at index 70 in file 'minecraft:optifine/ctm/mahogany_planks_ctm_bottom.properties' in pack 'file/BOPPBR-FULL-RE1-v0.1.4.zip'
[17:31:24] [Worker-Main-7/WARN]: Unknown block 'biomesoplenty:palm_slab' in 'matchBlocks' element 'biomesoplenty:palm_slab:type=double' at index 71 in file 'minecraft:optifine/ctm/mahogany_planks_ctm_bottom.properties' in pack 'file/BOPPBR-FULL-RE1-v0.1.4.zip'
[17:31:24] [Worker-Main-7/WARN]: Unknown block 'biomesoplenty:willow_planks' in 'matchBlocks' element 'biomesoplenty:willow_planks' at index 72 in file 'minecraft:optifine/ctm/mahogany_planks_ctm_bottom.properties' in pack 'file/BOPPBR-FULL-RE1-v0.1.4.zip'
[17:31:24] [Worker-Main-7/WARN]: Unknown block 'biomesoplenty:willow_stairs' in 'matchBlocks' element 'biomesoplenty:willow_stairs:half=bottom' at index 73 in file 'minecraft:optifine/ctm/mahogany_planks_ctm_bottom.properties' in pack 'file/BOPPBR-FULL-RE1-v0.1.4.zip'
[17:31:24] [Worker-Main-7/WARN]: Unknown block 'biomesoplenty:willow_slab' in 'matchBlocks' element 'biomesoplenty:willow_slab:type=bottom' at index 74 in file 'minecraft:optifine/ctm/mahogany_planks_ctm_bottom.properties' in pack 'file/BOPPBR-FULL-RE1-v0.1.4.zip'
[17:31:24] [Worker-Main-7/WARN]: Unknown block 'biomesoplenty:willow_slab' in 'matchBlocks' element 'biomesoplenty:willow_slab:type=double' at index 75 in file 'minecraft:optifine/ctm/mahogany_planks_ctm_bottom.properties' in pack 'file/BOPPBR-FULL-RE1-v0.1.4.zip'
[17:31:24] [Worker-Main-7/WARN]: Unknown block 'biomesoplenty:dead_planks' in 'matchBlocks' element 'biomesoplenty:dead_planks' at index 76 in file 'minecraft:optifine/ctm/mahogany_planks_ctm_bottom.properties' in pack 'file/BOPPBR-FULL-RE1-v0.1.4.zip'
[17:31:24] [Worker-Main-7/WARN]: Unknown block 'biomesoplenty:dead_stairs' in 'matchBlocks' element 'biomesoplenty:dead_stairs:half=bottom' at index 77 in file 'minecraft:optifine/ctm/mahogany_planks_ctm_bottom.properties' in pack 'file/BOPPBR-FULL-RE1-v0.1.4.zip'
[17:31:24] [Worker-Main-7/WARN]: Unknown block 'biomesoplenty:dead_slab' in 'matchBlocks' element 'biomesoplenty:dead_slab:type=bottom' at index 78 in file 'minecraft:optifine/ctm/mahogany_planks_ctm_bottom.properties' in pack 'file/BOPPBR-FULL-RE1-v0.1.4.zip'
[17:31:24] [Worker-Main-7/WARN]: Unknown block 'biomesoplenty:dead_slab' in 'matchBlocks' element 'biomesoplenty:dead_slab:type=double' at index 79 in file 'minecraft:optifine/ctm/mahogany_planks_ctm_bottom.properties' in pack 'file/BOPPBR-FULL-RE1-v0.1.4.zip'
[17:31:24] [Worker-Main-7/WARN]: Unknown block 'biomesoplenty:magic_planks' in 'matchBlocks' element 'biomesoplenty:magic_planks' at index 80 in file 'minecraft:optifine/ctm/mahogany_planks_ctm_bottom.properties' in pack 'file/BOPPBR-FULL-RE1-v0.1.4.zip'
[17:31:24] [Worker-Main-7/WARN]: Unknown block 'biomesoplenty:magic_stairs' in 'matchBlocks' element 'biomesoplenty:magic_stairs:half=bottom' at index 81 in file 'minecraft:optifine/ctm/mahogany_planks_ctm_bottom.properties' in pack 'file/BOPPBR-FULL-RE1-v0.1.4.zip'
[17:31:24] [Worker-Main-7/WARN]: Unknown block 'biomesoplenty:magic_slab' in 'matchBlocks' element 'biomesoplenty:magic_slab:type=bottom' at index 82 in file 'minecraft:optifine/ctm/mahogany_planks_ctm_bottom.properties' in pack 'file/BOPPBR-FULL-RE1-v0.1.4.zip'
[17:31:24] [Worker-Main-7/WARN]: Unknown block 'biomesoplenty:magic_slab' in 'matchBlocks' element 'biomesoplenty:magic_slab:type=double' at index 83 in file 'minecraft:optifine/ctm/mahogany_planks_ctm_bottom.properties' in pack 'file/BOPPBR-FULL-RE1-v0.1.4.zip'
[17:31:24] [Worker-Main-7/WARN]: Unknown block 'biomesoplenty:umbran_planks' in 'matchBlocks' element 'biomesoplenty:umbran_planks' at index 84 in file 'minecraft:optifine/ctm/mahogany_planks_ctm_bottom.properties' in pack 'file/BOPPBR-FULL-RE1-v0.1.4.zip'
[17:31:24] [Worker-Main-7/WARN]: Unknown block 'biomesoplenty:umbran_stairs' in 'matchBlocks' element 'biomesoplenty:umbran_stairs:half=bottom' at index 85 in file 'minecraft:optifine/ctm/mahogany_planks_ctm_bottom.properties' in pack 'file/BOPPBR-FULL-RE1-v0.1.4.zip'
[17:31:24] [Worker-Main-7/WARN]: Unknown block 'biomesoplenty:umbran_slab' in 'matchBlocks' element 'biomesoplenty:umbran_slab:type=bottom' at index 86 in file 'minecraft:optifine/ctm/mahogany_planks_ctm_bottom.properties' in pack 'file/BOPPBR-FULL-RE1-v0.1.4.zip'
[17:31:24] [Worker-Main-7/WARN]: Unknown block 'biomesoplenty:umbran_slab' in 'matchBlocks' element 'biomesoplenty:umbran_slab:type=double' at index 87 in file 'minecraft:optifine/ctm/mahogany_planks_ctm_bottom.properties' in pack 'file/BOPPBR-FULL-RE1-v0.1.4.zip'
[17:31:24] [Worker-Main-7/WARN]: Unknown block 'biomesoplenty:hellbark_planks' in 'matchBlocks' element 'biomesoplenty:hellbark_planks' at index 88 in file 'minecraft:optifine/ctm/mahogany_planks_ctm_bottom.properties' in pack 'file/BOPPBR-FULL-RE1-v0.1.4.zip'
[17:31:24] [Worker-Main-7/WARN]: Unknown block 'biomesoplenty:hellbark_stairs' in 'matchBlocks' element 'biomesoplenty:hellbark_stairs:half=bottom' at index 89 in file 'minecraft:optifine/ctm/mahogany_planks_ctm_bottom.properties' in pack 'file/BOPPBR-FULL-RE1-v0.1.4.zip'
[17:31:24] [Worker-Main-7/WARN]: Unknown block 'biomesoplenty:hellbark_slab' in 'matchBlocks' element 'biomesoplenty:hellbark_slab:type=bottom' at index 90 in file 'minecraft:optifine/ctm/mahogany_planks_ctm_bottom.properties' in pack 'file/BOPPBR-FULL-RE1-v0.1.4.zip'
[17:31:24] [Worker-Main-7/WARN]: Unknown block 'biomesoplenty:hellbark_slab' in 'matchBlocks' element 'biomesoplenty:hellbark_slab:type=double' at index 91 in file 'minecraft:optifine/ctm/mahogany_planks_ctm_bottom.properties' in pack 'file/BOPPBR-FULL-RE1-v0.1.4.zip'
[17:31:24] [Worker-Main-7/WARN]: Unknown block 'biomesoplenty:empyreal_planks' in 'matchBlocks' element 'biomesoplenty:empyreal_planks' at index 92 in file 'minecraft:optifine/ctm/mahogany_planks_ctm_bottom.properties' in pack 'file/BOPPBR-FULL-RE1-v0.1.4.zip'
[17:31:24] [Worker-Main-7/WARN]: Unknown block 'biomesoplenty:empyreal_stairs' in 'matchBlocks' element 'biomesoplenty:empyreal_stairs:half=bottom' at index 93 in file 'minecraft:optifine/ctm/mahogany_planks_ctm_bottom.properties' in pack 'file/BOPPBR-FULL-RE1-v0.1.4.zip'
[17:31:24] [Worker-Main-7/WARN]: Unknown block 'biomesoplenty:empyreal_slab' in 'matchBlocks' element 'biomesoplenty:empyreal_slab:type=bottom' at index 94 in file 'minecraft:optifine/ctm/mahogany_planks_ctm_bottom.properties' in pack 'file/BOPPBR-FULL-RE1-v0.1.4.zip'
[17:31:24] [Worker-Main-7/WARN]: Unknown block 'biomesoplenty:empyreal_slab' in 'matchBlocks' element 'biomesoplenty:empyreal_slab:type=double' at index 95 in file 'minecraft:optifine/ctm/mahogany_planks_ctm_bottom.properties' in pack 'file/BOPPBR-FULL-RE1-v0.1.4.zip'
[17:31:24] [Worker-Main-7/WARN]: Unknown block 'biomesoplenty:mahogany_planks' in 'connectBlocks' element 'biomesoplenty:mahogany_planks' at index 0 in file 'minecraft:optifine/ctm/mahogany_planks_ctm_bottom.properties' in pack 'file/BOPPBR-FULL-RE1-v0.1.4.zip'
[17:31:24] [Worker-Main-7/WARN]: Unknown block 'biomesoplenty:origin_oak_planks' in 'matchBlocks' element 'biomesoplenty:origin_oak_planks' at index 22 in file 'minecraft:optifine/ctm/mahogany_planks_ctm_sides.properties' in pack 'file/BOPPBR-FULL-RE1-v0.1.4.zip'
[17:31:24] [Worker-Main-7/WARN]: Unknown block 'biomesoplenty:origin_oak_slab' in 'matchBlocks' element 'biomesoplenty:origin_oak_slab:type=double' at index 23 in file 'minecraft:optifine/ctm/mahogany_planks_ctm_sides.properties' in pack 'file/BOPPBR-FULL-RE1-v0.1.4.zip'
[17:31:24] [Worker-Main-7/WARN]: Unknown block 'biomesoplenty:fir_planks' in 'matchBlocks' element 'biomesoplenty:fir_planks' at index 24 in file 'minecraft:optifine/ctm/mahogany_planks_ctm_sides.properties' in pack 'file/BOPPBR-FULL-RE1-v0.1.4.zip'
[17:31:24] [Worker-Main-7/WARN]: Unknown block 'biomesoplenty:fir_slab' in 'matchBlocks' element 'biomesoplenty:fir_slab:type=double' at index 25 in file 'minecraft:optifine/ctm/mahogany_planks_ctm_sides.properties' in pack 'file/BOPPBR-FULL-RE1-v0.1.4.zip'
[17:31:24] [Worker-Main-7/WARN]: Unknown block 'biomesoplenty:pine_planks' in 'matchBlocks' element 'biomesoplenty:pine_planks' at index 26 in file 'minecraft:optifine/ctm/mahogany_planks_ctm_sides.properties' in pack 'file/BOPPBR-FULL-RE1-v0.1.4.zip'
[17:31:24] [Worker-Main-7/WARN]: Unknown block 'biomesoplenty:pine_slab' in 'matchBlocks' element 'biomesoplenty:pine_slab:type=double' at index 27 in file 'minecraft:optifine/ctm/mahogany_planks_ctm_sides.properties' in pack 'file/BOPPBR-FULL-RE1-v0.1.4.zip'
[17:31:24] [Worker-Main-7/WARN]: Unknown block 'biomesoplenty:maple_planks' in 'matchBlocks' element 'biomesoplenty:maple_planks' at index 28 in file 'minecraft:optifine/ctm/mahogany_planks_ctm_sides.properties' in pack 'file/BOPPBR-FULL-RE1-v0.1.4.zip'
[17:31:24] [Worker-Main-7/WARN]: Unknown block 'biomesoplenty:maple_slab' in 'matchBlocks' element 'biomesoplenty:maple_slab:type=double' at index 29 in file 'minecraft:optifine/ctm/mahogany_planks_ctm_sides.properties' in pack 'file/BOPPBR-FULL-RE1-v0.1.4.zip'
[17:31:24] [Worker-Main-7/WARN]: Unknown block 'biomesoplenty:redwood_planks' in 'matchBlocks' element 'biomesoplenty:redwood_planks' at index 30 in file 'minecraft:optifine/ctm/mahogany_planks_ctm_sides.properties' in pack 'file/BOPPBR-FULL-RE1-v0.1.4.zip'
[17:31:24] [Worker-Main-7/WARN]: Unknown block 'biomesoplenty:redwood_slab' in 'matchBlocks' element 'biomesoplenty:redwood_slab:type=double' at index 31 in file 'minecraft:optifine/ctm/mahogany_planks_ctm_sides.properties' in pack 'file/BOPPBR-FULL-RE1-v0.1.4.zip'
[17:31:24] [Worker-Main-7/WARN]: Unknown block 'biomesoplenty:jacaranda_planks' in 'matchBlocks' element 'biomesoplenty:jacaranda_planks' at index 32 in file 'minecraft:optifine/ctm/mahogany_planks_ctm_sides.properties' in pack 'file/BOPPBR-FULL-RE1-v0.1.4.zip'
[17:31:24] [Worker-Main-7/WARN]: Unknown block 'biomesoplenty:jacaranda_slab' in 'matchBlocks' element 'biomesoplenty:jacaranda_slab:type=double' at index 33 in file 'minecraft:optifine/ctm/mahogany_planks_ctm_sides.properties' in pack 'file/BOPPBR-FULL-RE1-v0.1.4.zip'
[17:31:24] [Worker-Main-7/WARN]: Unknown block 'biomesoplenty:palm_planks' in 'matchBlocks' element 'biomesoplenty:palm_planks' at index 34 in file 'minecraft:optifine/ctm/mahogany_planks_ctm_sides.properties' in pack 'file/BOPPBR-FULL-RE1-v0.1.4.zip'
[17:31:24] [Worker-Main-7/WARN]: Unknown block 'biomesoplenty:palm_slab' in 'matchBlocks' element 'biomesoplenty:palm_slab:type=double' at index 35 in file 'minecraft:optifine/ctm/mahogany_planks_ctm_sides.properties' in pack 'file/BOPPBR-FULL-RE1-v0.1.4.zip'
[17:31:24] [Worker-Main-7/WARN]: Unknown block 'biomesoplenty:willow_planks' in 'matchBlocks' element 'biomesoplenty:willow_planks' at index 36 in file 'minecraft:optifine/ctm/mahogany_planks_ctm_sides.properties' in pack 'file/BOPPBR-FULL-RE1-v0.1.4.zip'
[17:31:24] [Worker-Main-7/WARN]: Unknown block 'biomesoplenty:willow_slab' in 'matchBlocks' element 'biomesoplenty:willow_slab:type=double' at index 37 in file 'minecraft:optifine/ctm/mahogany_planks_ctm_sides.properties' in pack 'file/BOPPBR-FULL-RE1-v0.1.4.zip'
[17:31:24] [Worker-Main-7/WARN]: Unknown block 'biomesoplenty:dead_planks' in 'matchBlocks' element 'biomesoplenty:dead_planks' at index 38 in file 'minecraft:optifine/ctm/mahogany_planks_ctm_sides.properties' in pack 'file/BOPPBR-FULL-RE1-v0.1.4.zip'
[17:31:24] [Worker-Main-7/WARN]: Unknown block 'biomesoplenty:dead_slab' in 'matchBlocks' element 'biomesoplenty:dead_slab:type=double' at index 39 in file 'minecraft:optifine/ctm/mahogany_planks_ctm_sides.properties' in pack 'file/BOPPBR-FULL-RE1-v0.1.4.zip'
[17:31:24] [Worker-Main-7/WARN]: Unknown block 'biomesoplenty:magic_planks' in 'matchBlocks' element 'biomesoplenty:magic_planks' at index 40 in file 'minecraft:optifine/ctm/mahogany_planks_ctm_sides.properties' in pack 'file/BOPPBR-FULL-RE1-v0.1.4.zip'
[17:31:24] [Worker-Main-7/WARN]: Unknown block 'biomesoplenty:magic_slab' in 'matchBlocks' element 'biomesoplenty:magic_slab:type=double' at index 41 in file 'minecraft:optifine/ctm/mahogany_planks_ctm_sides.properties' in pack 'file/BOPPBR-FULL-RE1-v0.1.4.zip'
[17:31:24] [Worker-Main-7/WARN]: Unknown block 'biomesoplenty:umbran_planks' in 'matchBlocks' element 'biomesoplenty:umbran_planks' at index 42 in file 'minecraft:optifine/ctm/mahogany_planks_ctm_sides.properties' in pack 'file/BOPPBR-FULL-RE1-v0.1.4.zip'
[17:31:24] [Worker-Main-7/WARN]: Unknown block 'biomesoplenty:umbran_slab' in 'matchBlocks' element 'biomesoplenty:umbran_slab:type=double' at index 43 in file 'minecraft:optifine/ctm/mahogany_planks_ctm_sides.properties' in pack 'file/BOPPBR-FULL-RE1-v0.1.4.zip'
[17:31:24] [Worker-Main-7/WARN]: Unknown block 'biomesoplenty:hellbark_planks' in 'matchBlocks' element 'biomesoplenty:hellbark_planks' at index 44 in file 'minecraft:optifine/ctm/mahogany_planks_ctm_sides.properties' in pack 'file/BOPPBR-FULL-RE1-v0.1.4.zip'
[17:31:24] [Worker-Main-7/WARN]: Unknown block 'biomesoplenty:hellbark_slab' in 'matchBlocks' element 'biomesoplenty:hellbark_slab:type=double' at index 45 in file 'minecraft:optifine/ctm/mahogany_planks_ctm_sides.properties' in pack 'file/BOPPBR-FULL-RE1-v0.1.4.zip'
[17:31:24] [Worker-Main-7/WARN]: Unknown block 'biomesoplenty:empyreal_planks' in 'matchBlocks' element 'biomesoplenty:empyreal_planks' at index 46 in file 'minecraft:optifine/ctm/mahogany_planks_ctm_sides.properties' in pack 'file/BOPPBR-FULL-RE1-v0.1.4.zip'
[17:31:24] [Worker-Main-7/WARN]: Unknown block 'biomesoplenty:empyreal_slab' in 'matchBlocks' element 'biomesoplenty:empyreal_slab:type=double' at index 47 in file 'minecraft:optifine/ctm/mahogany_planks_ctm_sides.properties' in pack 'file/BOPPBR-FULL-RE1-v0.1.4.zip'
[17:31:24] [Worker-Main-7/WARN]: Unknown block 'biomesoplenty:mahogany_planks' in 'connectBlocks' element 'biomesoplenty:mahogany_planks' at index 0 in file 'minecraft:optifine/ctm/mahogany_planks_ctm_sides.properties' in pack 'file/BOPPBR-FULL-RE1-v0.1.4.zip'
[17:31:24] [Worker-Main-7/WARN]: Unknown block 'biomesoplenty:origin_oak_planks' in 'matchBlocks' element 'biomesoplenty:origin_oak_planks' at index 44 in file 'minecraft:optifine/ctm/mahogany_planks_ctm_top.properties' in pack 'file/BOPPBR-FULL-RE1-v0.1.4.zip'
[17:31:24] [Worker-Main-7/WARN]: Unknown block 'biomesoplenty:origin_oak_stairs' in 'matchBlocks' element 'biomesoplenty:origin_oak_stairs:half=top' at index 45 in file 'minecraft:optifine/ctm/mahogany_planks_ctm_top.properties' in pack 'file/BOPPBR-FULL-RE1-v0.1.4.zip'
[17:31:24] [Worker-Main-7/WARN]: Unknown block 'biomesoplenty:origin_oak_slab' in 'matchBlocks' element 'biomesoplenty:origin_oak_slab:type=top' at index 46 in file 'minecraft:optifine/ctm/mahogany_planks_ctm_top.properties' in pack 'file/BOPPBR-FULL-RE1-v0.1.4.zip'
[17:31:24] [Worker-Main-7/WARN]: Unknown block 'biomesoplenty:origin_oak_slab' in 'matchBlocks' element 'biomesoplenty:origin_oak_slab:type=double' at index 47 in file 'minecraft:optifine/ctm/mahogany_planks_ctm_top.properties' in pack 'file/BOPPBR-FULL-RE1-v0.1.4.zip'
[17:31:24] [Worker-Main-7/WARN]: Unknown block 'biomesoplenty:fir_planks' in 'matchBlocks' element 'biomesoplenty:fir_planks' at index 48 in file 'minecraft:optifine/ctm/mahogany_planks_ctm_top.properties' in pack 'file/BOPPBR-FULL-RE1-v0.1.4.zip'
[17:31:24] [Worker-Main-7/WARN]: Unknown block 'biomesoplenty:fir_stairs' in 'matchBlocks' element 'biomesoplenty:fir_stairs:half=top' at index 49 in file 'minecraft:optifine/ctm/mahogany_planks_ctm_top.properties' in pack 'file/BOPPBR-FULL-RE1-v0.1.4.zip'
[17:31:24] [Worker-Main-7/WARN]: Unknown block 'biomesoplenty:fir_slab' in 'matchBlocks' element 'biomesoplenty:fir_slab:type=top' at index 50 in file 'minecraft:optifine/ctm/mahogany_planks_ctm_top.properties' in pack 'file/BOPPBR-FULL-RE1-v0.1.4.zip'
[17:31:24] [Worker-Main-7/WARN]: Unknown block 'biomesoplenty:fir_slab' in 'matchBlocks' element 'biomesoplenty:fir_slab:type=double' at index 51 in file 'minecraft:optifine/ctm/mahogany_planks_ctm_top.properties' in pack 'file/BOPPBR-FULL-RE1-v0.1.4.zip'
[17:31:24] [Worker-Main-7/WARN]: Unknown block 'biomesoplenty:pine_planks' in 'matchBlocks' element 'biomesoplenty:pine_planks' at index 52 in file 'minecraft:optifine/ctm/mahogany_planks_ctm_top.properties' in pack 'file/BOPPBR-FULL-RE1-v0.1.4.zip'
[17:31:24] [Worker-Main-7/WARN]: Unknown block 'biomesoplenty:pine_stairs' in 'matchBlocks' element 'biomesoplenty:pine_stairs:half=top' at index 53 in file 'minecraft:optifine/ctm/mahogany_planks_ctm_top.properties' in pack 'file/BOPPBR-FULL-RE1-v0.1.4.zip'
[17:31:24] [Worker-Main-7/WARN]: Unknown block 'biomesoplenty:pine_slab' in 'matchBlocks' element 'biomesoplenty:pine_slab:type=top' at index 54 in file 'minecraft:optifine/ctm/mahogany_planks_ctm_top.properties' in pack 'file/BOPPBR-FULL-RE1-v0.1.4.zip'
[17:31:24] [Worker-Main-7/WARN]: Unknown block 'biomesoplenty:pine_slab' in 'matchBlocks' element 'biomesoplenty:pine_slab:type=double' at index 55 in file 'minecraft:optifine/ctm/mahogany_planks_ctm_top.properties' in pack 'file/BOPPBR-FULL-RE1-v0.1.4.zip'
[17:31:24] [Worker-Main-7/WARN]: Unknown block 'biomesoplenty:maple_planks' in 'matchBlocks' element 'biomesoplenty:maple_planks' at index 56 in file 'minecraft:optifine/ctm/mahogany_planks_ctm_top.properties' in pack 'file/BOPPBR-FULL-RE1-v0.1.4.zip'
[17:31:24] [Worker-Main-7/WARN]: Unknown block 'biomesoplenty:maple_stairs' in 'matchBlocks' element 'biomesoplenty:maple_stairs:half=top' at index 57 in file 'minecraft:optifine/ctm/mahogany_planks_ctm_top.properties' in pack 'file/BOPPBR-FULL-RE1-v0.1.4.zip'
[17:31:24] [Worker-Main-7/WARN]: Unknown block 'biomesoplenty:maple_slab' in 'matchBlocks' element 'biomesoplenty:maple_slab:type=top' at index 58 in file 'minecraft:optifine/ctm/mahogany_planks_ctm_top.properties' in pack 'file/BOPPBR-FULL-RE1-v0.1.4.zip'
[17:31:24] [Worker-Main-7/WARN]: Unknown block 'biomesoplenty:maple_slab' in 'matchBlocks' element 'biomesoplenty:maple_slab:type=double' at index 59 in file 'minecraft:optifine/ctm/mahogany_planks_ctm_top.properties' in pack 'file/BOPPBR-FULL-RE1-v0.1.4.zip'
[17:31:24] [Worker-Main-7/WARN]: Unknown block 'biomesoplenty:redwood_planks' in 'matchBlocks' element 'biomesoplenty:redwood_planks' at index 60 in file 'minecraft:optifine/ctm/mahogany_planks_ctm_top.properties' in pack 'file/BOPPBR-FULL-RE1-v0.1.4.zip'
[17:31:24] [Worker-Main-7/WARN]: Unknown block 'biomesoplenty:redwood_stairs' in 'matchBlocks' element 'biomesoplenty:redwood_stairs:half=top' at index 61 in file 'minecraft:optifine/ctm/mahogany_planks_ctm_top.properties' in pack 'file/BOPPBR-FULL-RE1-v0.1.4.zip'
[17:31:24] [Worker-Main-7/WARN]: Unknown block 'biomesoplenty:redwood_slab' in 'matchBlocks' element 'biomesoplenty:redwood_slab:type=top' at index 62 in file 'minecraft:optifine/ctm/mahogany_planks_ctm_top.properties' in pack 'file/BOPPBR-FULL-RE1-v0.1.4.zip'
[17:31:24] [Worker-Main-7/WARN]: Unknown block 'biomesoplenty:redwood_slab' in 'matchBlocks' element 'biomesoplenty:redwood_slab:type=double' at index 63 in file 'minecraft:optifine/ctm/mahogany_planks_ctm_top.properties' in pack 'file/BOPPBR-FULL-RE1-v0.1.4.zip'
[17:31:24] [Worker-Main-7/WARN]: Unknown block 'biomesoplenty:jacaranda_planks' in 'matchBlocks' element 'biomesoplenty:jacaranda_planks' at index 64 in file 'minecraft:optifine/ctm/mahogany_planks_ctm_top.properties' in pack 'file/BOPPBR-FULL-RE1-v0.1.4.zip'
[17:31:24] [Worker-Main-7/WARN]: Unknown block 'biomesoplenty:jacaranda_stairs' in 'matchBlocks' element 'biomesoplenty:jacaranda_stairs:half=top' at index 65 in file 'minecraft:optifine/ctm/mahogany_planks_ctm_top.properties' in pack 'file/BOPPBR-FULL-RE1-v0.1.4.zip'
[17:31:24] [Worker-Main-7/WARN]: Unknown block 'biomesoplenty:jacaranda_slab' in 'matchBlocks' element 'biomesoplenty:jacaranda_slab:type=top' at index 66 in file 'minecraft:optifine/ctm/mahogany_planks_ctm_top.properties' in pack 'file/BOPPBR-FULL-RE1-v0.1.4.zip'
[17:31:24] [Worker-Main-7/WARN]: Unknown block 'biomesoplenty:jacaranda_slab' in 'matchBlocks' element 'biomesoplenty:jacaranda_slab:type=double' at index 67 in file 'minecraft:optifine/ctm/mahogany_planks_ctm_top.properties' in pack 'file/BOPPBR-FULL-RE1-v0.1.4.zip'
[17:31:24] [Worker-Main-7/WARN]: Unknown block 'biomesoplenty:palm_planks' in 'matchBlocks' element 'biomesoplenty:palm_planks' at index 68 in file 'minecraft:optifine/ctm/mahogany_planks_ctm_top.properties' in pack 'file/BOPPBR-FULL-RE1-v0.1.4.zip'
[17:31:24] [Worker-Main-7/WARN]: Unknown block 'biomesoplenty:palm_stairs' in 'matchBlocks' element 'biomesoplenty:palm_stairs:half=top' at index 69 in file 'minecraft:optifine/ctm/mahogany_planks_ctm_top.properties' in pack 'file/BOPPBR-FULL-RE1-v0.1.4.zip'
[17:31:24] [Worker-Main-7/WARN]: Unknown block 'biomesoplenty:palm_slab' in 'matchBlocks' element 'biomesoplenty:palm_slab:type=top' at index 70 in file 'minecraft:optifine/ctm/mahogany_planks_ctm_top.properties' in pack 'file/BOPPBR-FULL-RE1-v0.1.4.zip'
[17:31:24] [Worker-Main-7/WARN]: Unknown block 'biomesoplenty:palm_slab' in 'matchBlocks' element 'biomesoplenty:palm_slab:type=double' at index 71 in file 'minecraft:optifine/ctm/mahogany_planks_ctm_top.properties' in pack 'file/BOPPBR-FULL-RE1-v0.1.4.zip'
[17:31:24] [Worker-Main-7/WARN]: Unknown block 'biomesoplenty:willow_planks' in 'matchBlocks' element 'biomesoplenty:willow_planks' at index 72 in file 'minecraft:optifine/ctm/mahogany_planks_ctm_top.properties' in pack 'file/BOPPBR-FULL-RE1-v0.1.4.zip'
[17:31:24] [Worker-Main-7/WARN]: Unknown block 'biomesoplenty:willow_stairs' in 'matchBlocks' element 'biomesoplenty:willow_stairs:half=top' at index 73 in file 'minecraft:optifine/ctm/mahogany_planks_ctm_top.properties' in pack 'file/BOPPBR-FULL-RE1-v0.1.4.zip'
[17:31:24] [Worker-Main-7/WARN]: Unknown block 'biomesoplenty:willow_slab' in 'matchBlocks' element 'biomesoplenty:willow_slab:type=top' at index 74 in file 'minecraft:optifine/ctm/mahogany_planks_ctm_top.properties' in pack 'file/BOPPBR-FULL-RE1-v0.1.4.zip'
[17:31:24] [Worker-Main-7/WARN]: Unknown block 'biomesoplenty:willow_slab' in 'matchBlocks' element 'biomesoplenty:willow_slab:type=double' at index 75 in file 'minecraft:optifine/ctm/mahogany_planks_ctm_top.properties' in pack 'file/BOPPBR-FULL-RE1-v0.1.4.zip'
[17:31:24] [Worker-Main-7/WARN]: Unknown block 'biomesoplenty:dead_planks' in 'matchBlocks' element 'biomesoplenty:dead_planks' at index 76 in file 'minecraft:optifine/ctm/mahogany_planks_ctm_top.properties' in pack 'file/BOPPBR-FULL-RE1-v0.1.4.zip'
[17:31:24] [Worker-Main-7/WARN]: Unknown block 'biomesoplenty:dead_stairs' in 'matchBlocks' element 'biomesoplenty:dead_stairs:half=top' at index 77 in file 'minecraft:optifine/ctm/mahogany_planks_ctm_top.properties' in pack 'file/BOPPBR-FULL-RE1-v0.1.4.zip'
[17:31:24] [Worker-Main-7/WARN]: Unknown block 'biomesoplenty:dead_slab' in 'matchBlocks' element 'biomesoplenty:dead_slab:type=top' at index 78 in file 'minecraft:optifine/ctm/mahogany_planks_ctm_top.properties' in pack 'file/BOPPBR-FULL-RE1-v0.1.4.zip'
[17:31:24] [Worker-Main-7/WARN]: Unknown block 'biomesoplenty:dead_slab' in 'matchBlocks' element 'biomesoplenty:dead_slab:type=double' at index 79 in file 'minecraft:optifine/ctm/mahogany_planks_ctm_top.properties' in pack 'file/BOPPBR-FULL-RE1-v0.1.4.zip'
[17:31:24] [Worker-Main-7/WARN]: Unknown block 'biomesoplenty:magic_planks' in 'matchBlocks' element 'biomesoplenty:magic_planks' at index 80 in file 'minecraft:optifine/ctm/mahogany_planks_ctm_top.properties' in pack 'file/BOPPBR-FULL-RE1-v0.1.4.zip'
[17:31:24] [Worker-Main-7/WARN]: Unknown block 'biomesoplenty:magic_stairs' in 'matchBlocks' element 'biomesoplenty:magic_stairs:half=top' at index 81 in file 'minecraft:optifine/ctm/mahogany_planks_ctm_top.properties' in pack 'file/BOPPBR-FULL-RE1-v0.1.4.zip'
[17:31:24] [Worker-Main-7/WARN]: Unknown block 'biomesoplenty:magic_slab' in 'matchBlocks' element 'biomesoplenty:magic_slab:type=top' at index 82 in file 'minecraft:optifine/ctm/mahogany_planks_ctm_top.properties' in pack 'file/BOPPBR-FULL-RE1-v0.1.4.zip'
[17:31:24] [Worker-Main-7/WARN]: Unknown block 'biomesoplenty:magic_slab' in 'matchBlocks' element 'biomesoplenty:magic_slab:type=double' at index 83 in file 'minecraft:optifine/ctm/mahogany_planks_ctm_top.properties' in pack 'file/BOPPBR-FULL-RE1-v0.1.4.zip'
[17:31:24] [Worker-Main-7/WARN]: Unknown block 'biomesoplenty:umbran_planks' in 'matchBlocks' element 'biomesoplenty:umbran_planks' at index 84 in file 'minecraft:optifine/ctm/mahogany_planks_ctm_top.properties' in pack 'file/BOPPBR-FULL-RE1-v0.1.4.zip'
[17:31:24] [Worker-Main-7/WARN]: Unknown block 'biomesoplenty:umbran_stairs' in 'matchBlocks' element 'biomesoplenty:umbran_stairs:half=top' at index 85 in file 'minecraft:optifine/ctm/mahogany_planks_ctm_top.properties' in pack 'file/BOPPBR-FULL-RE1-v0.1.4.zip'
[17:31:24] [Worker-Main-7/WARN]: Unknown block 'biomesoplenty:umbran_slab' in 'matchBlocks' element 'biomesoplenty:umbran_slab:type=top' at index 86 in file 'minecraft:optifine/ctm/mahogany_planks_ctm_top.properties' in pack 'file/BOPPBR-FULL-RE1-v0.1.4.zip'
[17:31:24] [Worker-Main-7/WARN]: Unknown block 'biomesoplenty:umbran_slab' in 'matchBlocks' element 'biomesoplenty:umbran_slab:type=double' at index 87 in file 'minecraft:optifine/ctm/mahogany_planks_ctm_top.properties' in pack 'file/BOPPBR-FULL-RE1-v0.1.4.zip'
[17:31:24] [Worker-Main-7/WARN]: Unknown block 'biomesoplenty:hellbark_planks' in 'matchBlocks' element 'biomesoplenty:hellbark_planks' at index 88 in file 'minecraft:optifine/ctm/mahogany_planks_ctm_top.properties' in pack 'file/BOPPBR-FULL-RE1-v0.1.4.zip'
[17:31:24] [Worker-Main-7/WARN]: Unknown block 'biomesoplenty:hellbark_stairs' in 'matchBlocks' element 'biomesoplenty:hellbark_stairs:half=top' at index 89 in file 'minecraft:optifine/ctm/mahogany_planks_ctm_top.properties' in pack 'file/BOPPBR-FULL-RE1-v0.1.4.zip'
[17:31:24] [Worker-Main-7/WARN]: Unknown block 'biomesoplenty:hellbark_slab' in 'matchBlocks' element 'biomesoplenty:hellbark_slab:type=top' at index 90 in file 'minecraft:optifine/ctm/mahogany_planks_ctm_top.properties' in pack 'file/BOPPBR-FULL-RE1-v0.1.4.zip'
[17:31:24] [Worker-Main-7/WARN]: Unknown block 'biomesoplenty:hellbark_slab' in 'matchBlocks' element 'biomesoplenty:hellbark_slab:type=double' at index 91 in file 'minecraft:optifine/ctm/mahogany_planks_ctm_top.properties' in pack 'file/BOPPBR-FULL-RE1-v0.1.4.zip'
[17:31:24] [Worker-Main-7/WARN]: Unknown block 'biomesoplenty:empyreal_planks' in 'matchBlocks' element 'biomesoplenty:empyreal_planks' at index 92 in file 'minecraft:optifine/ctm/mahogany_planks_ctm_top.properties' in pack 'file/BOPPBR-FULL-RE1-v0.1.4.zip'
[17:31:24] [Worker-Main-7/WARN]: Unknown block 'biomesoplenty:empyreal_stairs' in 'matchBlocks' element 'biomesoplenty:empyreal_stairs:half=top' at index 93 in file 'minecraft:optifine/ctm/mahogany_planks_ctm_top.properties' in pack 'file/BOPPBR-FULL-RE1-v0.1.4.zip'
[17:31:24] [Worker-Main-7/WARN]: Unknown block 'biomesoplenty:empyreal_slab' in 'matchBlocks' element 'biomesoplenty:empyreal_slab:type=top' at index 94 in file 'minecraft:optifine/ctm/mahogany_planks_ctm_top.properties' in pack 'file/BOPPBR-FULL-RE1-v0.1.4.zip'
[17:31:24] [Worker-Main-7/WARN]: Unknown block 'biomesoplenty:empyreal_slab' in 'matchBlocks' element 'biomesoplenty:empyreal_slab:type=double' at index 95 in file 'minecraft:optifine/ctm/mahogany_planks_ctm_top.properties' in pack 'file/BOPPBR-FULL-RE1-v0.1.4.zip'
[17:31:24] [Worker-Main-7/WARN]: Unknown block 'biomesoplenty:mahogany_planks' in 'connectBlocks' element 'biomesoplenty:mahogany_planks' at index 0 in file 'minecraft:optifine/ctm/mahogany_planks_ctm_top.properties' in pack 'file/BOPPBR-FULL-RE1-v0.1.4.zip'
[17:31:24] [Worker-Main-7/WARN]: Unknown block 'biomesoplenty:maple_planks' in 'connectBlocks' element 'biomesoplenty:maple_planks' at index 0 in file 'minecraft:optifine/ctm/maple_planks_ctm.properties' in pack 'file/BOPPBR-FULL-RE1-v0.1.4.zip'
[17:31:24] [Worker-Main-7/WARN]: Unknown block 'biomesoplenty:origin_oak_planks' in 'matchBlocks' element 'biomesoplenty:origin_oak_planks' at index 44 in file 'minecraft:optifine/ctm/maple_planks_ctm_bottom.properties' in pack 'file/BOPPBR-FULL-RE1-v0.1.4.zip'
[17:31:24] [Worker-Main-7/WARN]: Unknown block 'biomesoplenty:origin_oak_stairs' in 'matchBlocks' element 'biomesoplenty:origin_oak_stairs:half=bottom' at index 45 in file 'minecraft:optifine/ctm/maple_planks_ctm_bottom.properties' in pack 'file/BOPPBR-FULL-RE1-v0.1.4.zip'
[17:31:24] [Worker-Main-7/WARN]: Unknown block 'biomesoplenty:origin_oak_slab' in 'matchBlocks' element 'biomesoplenty:origin_oak_slab:type=bottom' at index 46 in file 'minecraft:optifine/ctm/maple_planks_ctm_bottom.properties' in pack 'file/BOPPBR-FULL-RE1-v0.1.4.zip'
[17:31:24] [Worker-Main-7/WARN]: Unknown block 'biomesoplenty:origin_oak_slab' in 'matchBlocks' element 'biomesoplenty:origin_oak_slab:type=double' at index 47 in file 'minecraft:optifine/ctm/maple_planks_ctm_bottom.properties' in pack 'file/BOPPBR-FULL-RE1-v0.1.4.zip'
[17:31:24] [Worker-Main-7/WARN]: Unknown block 'biomesoplenty:fir_planks' in 'matchBlocks' element 'biomesoplenty:fir_planks' at index 48 in file 'minecraft:optifine/ctm/maple_planks_ctm_bottom.properties' in pack 'file/BOPPBR-FULL-RE1-v0.1.4.zip'
[17:31:24] [Worker-Main-7/WARN]: Unknown block 'biomesoplenty:fir_stairs' in 'matchBlocks' element 'biomesoplenty:fir_stairs:half=bottom' at index 49 in file 'minecraft:optifine/ctm/maple_planks_ctm_bottom.properties' in pack 'file/BOPPBR-FULL-RE1-v0.1.4.zip'
[17:31:24] [Worker-Main-7/WARN]: Unknown block 'biomesoplenty:fir_slab' in 'matchBlocks' element 'biomesoplenty:fir_slab:type=bottom' at index 50 in file 'minecraft:optifine/ctm/maple_planks_ctm_bottom.properties' in pack 'file/BOPPBR-FULL-RE1-v0.1.4.zip'
[17:31:24] [Worker-Main-7/WARN]: Unknown block 'biomesoplenty:fir_slab' in 'matchBlocks' element 'biomesoplenty:fir_slab:type=double' at index 51 in file 'minecraft:optifine/ctm/maple_planks_ctm_bottom.properties' in pack 'file/BOPPBR-FULL-RE1-v0.1.4.zip'
[17:31:24] [Worker-Main-7/WARN]: Unknown block 'biomesoplenty:pine_planks' in 'matchBlocks' element 'biomesoplenty:pine_planks' at index 52 in file 'minecraft:optifine/ctm/maple_planks_ctm_bottom.properties' in pack 'file/BOPPBR-FULL-RE1-v0.1.4.zip'
[17:31:24] [Worker-Main-7/WARN]: Unknown block 'biomesoplenty:pine_stairs' in 'matchBlocks' element 'biomesoplenty:pine_stairs:half=bottom' at index 53 in file 'minecraft:optifine/ctm/maple_planks_ctm_bottom.properties' in pack 'file/BOPPBR-FULL-RE1-v0.1.4.zip'
[17:31:24] [Worker-Main-7/WARN]: Unknown block 'biomesoplenty:pine_slab' in 'matchBlocks' element 'biomesoplenty:pine_slab:type=bottom' at index 54 in file 'minecraft:optifine/ctm/maple_planks_ctm_bottom.properties' in pack 'file/BOPPBR-FULL-RE1-v0.1.4.zip'
[17:31:24] [Worker-Main-7/WARN]: Unknown block 'biomesoplenty:pine_slab' in 'matchBlocks' element 'biomesoplenty:pine_slab:type=double' at index 55 in file 'minecraft:optifine/ctm/maple_planks_ctm_bottom.properties' in pack 'file/BOPPBR-FULL-RE1-v0.1.4.zip'
[17:31:24] [Worker-Main-7/WARN]: Unknown block 'biomesoplenty:redwood_planks' in 'matchBlocks' element 'biomesoplenty:redwood_planks' at index 56 in file 'minecraft:optifine/ctm/maple_planks_ctm_bottom.properties' in pack 'file/BOPPBR-FULL-RE1-v0.1.4.zip'
[17:31:24] [Worker-Main-7/WARN]: Unknown block 'biomesoplenty:redwood_stairs' in 'matchBlocks' element 'biomesoplenty:redwood_stairs:half=bottom' at index 57 in file 'minecraft:optifine/ctm/maple_planks_ctm_bottom.properties' in pack 'file/BOPPBR-FULL-RE1-v0.1.4.zip'
[17:31:24] [Worker-Main-7/WARN]: Unknown block 'biomesoplenty:redwood_slab' in 'matchBlocks' element 'biomesoplenty:redwood_slab:type=bottom' at index 58 in file 'minecraft:optifine/ctm/maple_planks_ctm_bottom.properties' in pack 'file/BOPPBR-FULL-RE1-v0.1.4.zip'
[17:31:24] [Worker-Main-7/WARN]: Unknown block 'biomesoplenty:redwood_slab' in 'matchBlocks' element 'biomesoplenty:redwood_slab:type=double' at index 59 in file 'minecraft:optifine/ctm/maple_planks_ctm_bottom.properties' in pack 'file/BOPPBR-FULL-RE1-v0.1.4.zip'
[17:31:24] [Worker-Main-7/WARN]: Unknown block 'biomesoplenty:mahogany_planks' in 'matchBlocks' element 'biomesoplenty:mahogany_planks' at index 60 in file 'minecraft:optifine/ctm/maple_planks_ctm_bottom.properties' in pack 'file/BOPPBR-FULL-RE1-v0.1.4.zip'
[17:31:24] [Worker-Main-7/WARN]: Unknown block 'biomesoplenty:mahogany_stairs' in 'matchBlocks' element 'biomesoplenty:mahogany_stairs:half=bottom' at index 61 in file 'minecraft:optifine/ctm/maple_planks_ctm_bottom.properties' in pack 'file/BOPPBR-FULL-RE1-v0.1.4.zip'
[17:31:24] [Worker-Main-7/WARN]: Unknown block 'biomesoplenty:mahogany_slab' in 'matchBlocks' element 'biomesoplenty:mahogany_slab:type=bottom' at index 62 in file 'minecraft:optifine/ctm/maple_planks_ctm_bottom.properties' in pack 'file/BOPPBR-FULL-RE1-v0.1.4.zip'
[17:31:24] [Worker-Main-7/WARN]: Unknown block 'biomesoplenty:mahogany_slab' in 'matchBlocks' element 'biomesoplenty:mahogany_slab:type=double' at index 63 in file 'minecraft:optifine/ctm/maple_planks_ctm_bottom.properties' in pack 'file/BOPPBR-FULL-RE1-v0.1.4.zip'
[17:31:24] [Worker-Main-7/WARN]: Unknown block 'biomesoplenty:jacaranda_planks' in 'matchBlocks' element 'biomesoplenty:jacaranda_planks' at index 64 in file 'minecraft:optifine/ctm/maple_planks_ctm_bottom.properties' in pack 'file/BOPPBR-FULL-RE1-v0.1.4.zip'
[17:31:24] [Worker-Main-7/WARN]: Unknown block 'biomesoplenty:jacaranda_stairs' in 'matchBlocks' element 'biomesoplenty:jacaranda_stairs:half=bottom' at index 65 in file 'minecraft:optifine/ctm/maple_planks_ctm_bottom.properties' in pack 'file/BOPPBR-FULL-RE1-v0.1.4.zip'
[17:31:24] [Worker-Main-7/WARN]: Unknown block 'biomesoplenty:jacaranda_slab' in 'matchBlocks' element 'biomesoplenty:jacaranda_slab:type=bottom' at index 66 in file 'minecraft:optifine/ctm/maple_planks_ctm_bottom.properties' in pack 'file/BOPPBR-FULL-RE1-v0.1.4.zip'
[17:31:24] [Worker-Main-7/WARN]: Unknown block 'biomesoplenty:jacaranda_slab' in 'matchBlocks' element 'biomesoplenty:jacaranda_slab:type=double' at index 67 in file 'minecraft:optifine/ctm/maple_planks_ctm_bottom.properties' in pack 'file/BOPPBR-FULL-RE1-v0.1.4.zip'
[17:31:24] [Worker-Main-7/WARN]: Unknown block 'biomesoplenty:palm_planks' in 'matchBlocks' element 'biomesoplenty:palm_planks' at index 68 in file 'minecraft:optifine/ctm/maple_planks_ctm_bottom.properties' in pack 'file/BOPPBR-FULL-RE1-v0.1.4.zip'
[17:31:24] [Worker-Main-7/WARN]: Unknown block 'biomesoplenty:palm_stairs' in 'matchBlocks' element 'biomesoplenty:palm_stairs:half=bottom' at index 69 in file 'minecraft:optifine/ctm/maple_planks_ctm_bottom.properties' in pack 'file/BOPPBR-FULL-RE1-v0.1.4.zip'
[17:31:24] [Worker-Main-7/WARN]: Unknown block 'biomesoplenty:palm_slab' in 'matchBlocks' element 'biomesoplenty:palm_slab:type=bottom' at index 70 in file 'minecraft:optifine/ctm/maple_planks_ctm_bottom.properties' in pack 'file/BOPPBR-FULL-RE1-v0.1.4.zip'
[17:31:24] [Worker-Main-7/WARN]: Unknown block 'biomesoplenty:palm_slab' in 'matchBlocks' element 'biomesoplenty:palm_slab:type=double' at index 71 in file 'minecraft:optifine/ctm/maple_planks_ctm_bottom.properties' in pack 'file/BOPPBR-FULL-RE1-v0.1.4.zip'
[17:31:24] [Worker-Main-7/WARN]: Unknown block 'biomesoplenty:willow_planks' in 'matchBlocks' element 'biomesoplenty:willow_planks' at index 72 in file 'minecraft:optifine/ctm/maple_planks_ctm_bottom.properties' in pack 'file/BOPPBR-FULL-RE1-v0.1.4.zip'
[17:31:24] [Worker-Main-7/WARN]: Unknown block 'biomesoplenty:willow_stairs' in 'matchBlocks' element 'biomesoplenty:willow_stairs:half=bottom' at index 73 in file 'minecraft:optifine/ctm/maple_planks_ctm_bottom.properties' in pack 'file/BOPPBR-FULL-RE1-v0.1.4.zip'
[17:31:24] [Worker-Main-7/WARN]: Unknown block 'biomesoplenty:willow_slab' in 'matchBlocks' element 'biomesoplenty:willow_slab:type=bottom' at index 74 in file 'minecraft:optifine/ctm/maple_planks_ctm_bottom.properties' in pack 'file/BOPPBR-FULL-RE1-v0.1.4.zip'
[17:31:24] [Worker-Main-7/WARN]: Unknown block 'biomesoplenty:willow_slab' in 'matchBlocks' element 'biomesoplenty:willow_slab:type=double' at index 75 in file 'minecraft:optifine/ctm/maple_planks_ctm_bottom.properties' in pack 'file/BOPPBR-FULL-RE1-v0.1.4.zip'
[17:31:24] [Worker-Main-7/WARN]: Unknown block 'biomesoplenty:dead_planks' in 'matchBlocks' element 'biomesoplenty:dead_planks' at index 76 in file 'minecraft:optifine/ctm/maple_planks_ctm_bottom.properties' in pack 'file/BOPPBR-FULL-RE1-v0.1.4.zip'
[17:31:24] [Worker-Main-7/WARN]: Unknown block 'biomesoplenty:dead_stairs' in 'matchBlocks' element 'biomesoplenty:dead_stairs:half=bottom' at index 77 in file 'minecraft:optifine/ctm/maple_planks_ctm_bottom.properties' in pack 'file/BOPPBR-FULL-RE1-v0.1.4.zip'
[17:31:24] [Worker-Main-7/WARN]: Unknown block 'biomesoplenty:dead_slab' in 'matchBlocks' element 'biomesoplenty:dead_slab:type=bottom' at index 78 in file 'minecraft:optifine/ctm/maple_planks_ctm_bottom.properties' in pack 'file/BOPPBR-FULL-RE1-v0.1.4.zip'
[17:31:24] [Worker-Main-7/WARN]: Unknown block 'biomesoplenty:dead_slab' in 'matchBlocks' element 'biomesoplenty:dead_slab:type=double' at index 79 in file 'minecraft:optifine/ctm/maple_planks_ctm_bottom.properties' in pack 'file/BOPPBR-FULL-RE1-v0.1.4.zip'
[17:31:24] [Worker-Main-7/WARN]: Unknown block 'biomesoplenty:magic_planks' in 'matchBlocks' element 'biomesoplenty:magic_planks' at index 80 in file 'minecraft:optifine/ctm/maple_planks_ctm_bottom.properties' in pack 'file/BOPPBR-FULL-RE1-v0.1.4.zip'
[17:31:24] [Worker-Main-7/WARN]: Unknown block 'biomesoplenty:magic_stairs' in 'matchBlocks' element 'biomesoplenty:magic_stairs:half=bottom' at index 81 in file 'minecraft:optifine/ctm/maple_planks_ctm_bottom.properties' in pack 'file/BOPPBR-FULL-RE1-v0.1.4.zip'
[17:31:24] [Worker-Main-7/WARN]: Unknown block 'biomesoplenty:magic_slab' in 'matchBlocks' element 'biomesoplenty:magic_slab:type=bottom' at index 82 in file 'minecraft:optifine/ctm/maple_planks_ctm_bottom.properties' in pack 'file/BOPPBR-FULL-RE1-v0.1.4.zip'
[17:31:24] [Worker-Main-7/WARN]: Unknown block 'biomesoplenty:magic_slab' in 'matchBlocks' element 'biomesoplenty:magic_slab:type=double' at index 83 in file 'minecraft:optifine/ctm/maple_planks_ctm_bottom.properties' in pack 'file/BOPPBR-FULL-RE1-v0.1.4.zip'
[17:31:24] [Worker-Main-7/WARN]: Unknown block 'biomesoplenty:umbran_planks' in 'matchBlocks' element 'biomesoplenty:umbran_planks' at index 84 in file 'minecraft:optifine/ctm/maple_planks_ctm_bottom.properties' in pack 'file/BOPPBR-FULL-RE1-v0.1.4.zip'
[17:31:24] [Worker-Main-7/WARN]: Unknown block 'biomesoplenty:umbran_stairs' in 'matchBlocks' element 'biomesoplenty:umbran_stairs:half=bottom' at index 85 in file 'minecraft:optifine/ctm/maple_planks_ctm_bottom.properties' in pack 'file/BOPPBR-FULL-RE1-v0.1.4.zip'
[17:31:24] [Worker-Main-7/WARN]: Unknown block 'biomesoplenty:umbran_slab' in 'matchBlocks' element 'biomesoplenty:umbran_slab:type=bottom' at index 86 in file 'minecraft:optifine/ctm/maple_planks_ctm_bottom.properties' in pack 'file/BOPPBR-FULL-RE1-v0.1.4.zip'
[17:31:24] [Worker-Main-7/WARN]: Unknown block 'biomesoplenty:umbran_slab' in 'matchBlocks' element 'biomesoplenty:umbran_slab:type=double' at index 87 in file 'minecraft:optifine/ctm/maple_planks_ctm_bottom.properties' in pack 'file/BOPPBR-FULL-RE1-v0.1.4.zip'
[17:31:24] [Worker-Main-7/WARN]: Unknown block 'biomesoplenty:hellbark_planks' in 'matchBlocks' element 'biomesoplenty:hellbark_planks' at index 88 in file 'minecraft:optifine/ctm/maple_planks_ctm_bottom.properties' in pack 'file/BOPPBR-FULL-RE1-v0.1.4.zip'
[17:31:24] [Worker-Main-7/WARN]: Unknown block 'biomesoplenty:hellbark_stairs' in 'matchBlocks' element 'biomesoplenty:hellbark_stairs:half=bottom' at index 89 in file 'minecraft:optifine/ctm/maple_planks_ctm_bottom.properties' in pack 'file/BOPPBR-FULL-RE1-v0.1.4.zip'
[17:31:24] [Worker-Main-7/WARN]: Unknown block 'biomesoplenty:hellbark_slab' in 'matchBlocks' element 'biomesoplenty:hellbark_slab:type=bottom' at index 90 in file 'minecraft:optifine/ctm/maple_planks_ctm_bottom.properties' in pack 'file/BOPPBR-FULL-RE1-v0.1.4.zip'
[17:31:24] [Worker-Main-7/WARN]: Unknown block 'biomesoplenty:hellbark_slab' in 'matchBlocks' element 'biomesoplenty:hellbark_slab:type=double' at index 91 in file 'minecraft:optifine/ctm/maple_planks_ctm_bottom.properties' in pack 'file/BOPPBR-FULL-RE1-v0.1.4.zip'
[17:31:24] [Worker-Main-7/WARN]: Unknown block 'biomesoplenty:empyreal_planks' in 'matchBlocks' element 'biomesoplenty:empyreal_planks' at index 92 in file 'minecraft:optifine/ctm/maple_planks_ctm_bottom.properties' in pack 'file/BOPPBR-FULL-RE1-v0.1.4.zip'
[17:31:24] [Worker-Main-7/WARN]: Unknown block 'biomesoplenty:empyreal_stairs' in 'matchBlocks' element 'biomesoplenty:empyreal_stairs:half=bottom' at index 93 in file 'minecraft:optifine/ctm/maple_planks_ctm_bottom.properties' in pack 'file/BOPPBR-FULL-RE1-v0.1.4.zip'
[17:31:24] [Worker-Main-7/WARN]: Unknown block 'biomesoplenty:empyreal_slab' in 'matchBlocks' element 'biomesoplenty:empyreal_slab:type=bottom' at index 94 in file 'minecraft:optifine/ctm/maple_planks_ctm_bottom.properties' in pack 'file/BOPPBR-FULL-RE1-v0.1.4.zip'
[17:31:24] [Worker-Main-7/WARN]: Unknown block 'biomesoplenty:empyreal_slab' in 'matchBlocks' element 'biomesoplenty:empyreal_slab:type=double' at index 95 in file 'minecraft:optifine/ctm/maple_planks_ctm_bottom.properties' in pack 'file/BOPPBR-FULL-RE1-v0.1.4.zip'
[17:31:24] [Worker-Main-7/WARN]: Unknown block 'biomesoplenty:maple_planks' in 'connectBlocks' element 'biomesoplenty:maple_planks' at index 0 in file 'minecraft:optifine/ctm/maple_planks_ctm_bottom.properties' in pack 'file/BOPPBR-FULL-RE1-v0.1.4.zip'
[17:31:24] [Worker-Main-7/WARN]: Unknown block 'biomesoplenty:origin_oak_planks' in 'matchBlocks' element 'biomesoplenty:origin_oak_planks' at index 22 in file 'minecraft:optifine/ctm/maple_planks_ctm_sides.properties' in pack 'file/BOPPBR-FULL-RE1-v0.1.4.zip'
[17:31:24] [Worker-Main-7/WARN]: Unknown block 'biomesoplenty:origin_oak_slab' in 'matchBlocks' element 'biomesoplenty:origin_oak_slab:type=double' at index 23 in file 'minecraft:optifine/ctm/maple_planks_ctm_sides.properties' in pack 'file/BOPPBR-FULL-RE1-v0.1.4.zip'
[17:31:24] [Worker-Main-7/WARN]: Unknown block 'biomesoplenty:fir_planks' in 'matchBlocks' element 'biomesoplenty:fir_planks' at index 24 in file 'minecraft:optifine/ctm/maple_planks_ctm_sides.properties' in pack 'file/BOPPBR-FULL-RE1-v0.1.4.zip'
[17:31:24] [Worker-Main-7/WARN]: Unknown block 'biomesoplenty:fir_slab' in 'matchBlocks' element 'biomesoplenty:fir_slab:type=double' at index 25 in file 'minecraft:optifine/ctm/maple_planks_ctm_sides.properties' in pack 'file/BOPPBR-FULL-RE1-v0.1.4.zip'
[17:31:24] [Worker-Main-7/WARN]: Unknown block 'biomesoplenty:pine_planks' in 'matchBlocks' element 'biomesoplenty:pine_planks' at index 26 in file 'minecraft:optifine/ctm/maple_planks_ctm_sides.properties' in pack 'file/BOPPBR-FULL-RE1-v0.1.4.zip'
[17:31:24] [Worker-Main-7/WARN]: Unknown block 'biomesoplenty:pine_slab' in 'matchBlocks' element 'biomesoplenty:pine_slab:type=double' at index 27 in file 'minecraft:optifine/ctm/maple_planks_ctm_sides.properties' in pack 'file/BOPPBR-FULL-RE1-v0.1.4.zip'
[17:31:24] [Worker-Main-7/WARN]: Unknown block 'biomesoplenty:redwood_planks' in 'matchBlocks' element 'biomesoplenty:redwood_planks' at index 28 in file 'minecraft:optifine/ctm/maple_planks_ctm_sides.properties' in pack 'file/BOPPBR-FULL-RE1-v0.1.4.zip'
[17:31:24] [Worker-Main-7/WARN]: Unknown block 'biomesoplenty:redwood_slab' in 'matchBlocks' element 'biomesoplenty:redwood_slab:type=double' at index 29 in file 'minecraft:optifine/ctm/maple_planks_ctm_sides.properties' in pack 'file/BOPPBR-FULL-RE1-v0.1.4.zip'
[17:31:24] [Worker-Main-7/WARN]: Unknown block 'biomesoplenty:mahogany_planks' in 'matchBlocks' element 'biomesoplenty:mahogany_planks' at index 30 in file 'minecraft:optifine/ctm/maple_planks_ctm_sides.properties' in pack 'file/BOPPBR-FULL-RE1-v0.1.4.zip'
[17:31:24] [Worker-Main-7/WARN]: Unknown block 'biomesoplenty:mahogany_slab' in 'matchBlocks' element 'biomesoplenty:mahogany_slab:type=double' at index 31 in file 'minecraft:optifine/ctm/maple_planks_ctm_sides.properties' in pack 'file/BOPPBR-FULL-RE1-v0.1.4.zip'
[17:31:24] [Worker-Main-7/WARN]: Unknown block 'biomesoplenty:jacaranda_planks' in 'matchBlocks' element 'biomesoplenty:jacaranda_planks' at index 32 in file 'minecraft:optifine/ctm/maple_planks_ctm_sides.properties' in pack 'file/BOPPBR-FULL-RE1-v0.1.4.zip'
[17:31:24] [Worker-Main-7/WARN]: Unknown block 'biomesoplenty:jacaranda_slab' in 'matchBlocks' element 'biomesoplenty:jacaranda_slab:type=double' at index 33 in file 'minecraft:optifine/ctm/maple_planks_ctm_sides.properties' in pack 'file/BOPPBR-FULL-RE1-v0.1.4.zip'
[17:31:24] [Worker-Main-7/WARN]: Unknown block 'biomesoplenty:palm_planks' in 'matchBlocks' element 'biomesoplenty:palm_planks' at index 34 in file 'minecraft:optifine/ctm/maple_planks_ctm_sides.properties' in pack 'file/BOPPBR-FULL-RE1-v0.1.4.zip'
[17:31:24] [Worker-Main-7/WARN]: Unknown block 'biomesoplenty:palm_slab' in 'matchBlocks' element 'biomesoplenty:palm_slab:type=double' at index 35 in file 'minecraft:optifine/ctm/maple_planks_ctm_sides.properties' in pack 'file/BOPPBR-FULL-RE1-v0.1.4.zip'
[17:31:24] [Worker-Main-7/WARN]: Unknown block 'biomesoplenty:willow_planks' in 'matchBlocks' element 'biomesoplenty:willow_planks' at index 36 in file 'minecraft:optifine/ctm/maple_planks_ctm_sides.properties' in pack 'file/BOPPBR-FULL-RE1-v0.1.4.zip'
[17:31:24] [Worker-Main-7/WARN]: Unknown block 'biomesoplenty:willow_slab' in 'matchBlocks' element 'biomesoplenty:willow_slab:type=double' at index 37 in file 'minecraft:optifine/ctm/maple_planks_ctm_sides.properties' in pack 'file/BOPPBR-FULL-RE1-v0.1.4.zip'
[17:31:24] [Worker-Main-7/WARN]: Unknown block 'biomesoplenty:dead_planks' in 'matchBlocks' element 'biomesoplenty:dead_planks' at index 38 in file 'minecraft:optifine/ctm/maple_planks_ctm_sides.properties' in pack 'file/BOPPBR-FULL-RE1-v0.1.4.zip'
[17:31:24] [Worker-Main-7/WARN]: Unknown block 'biomesoplenty:dead_slab' in 'matchBlocks' element 'biomesoplenty:dead_slab:type=double' at index 39 in file 'minecraft:optifine/ctm/maple_planks_ctm_sides.properties' in pack 'file/BOPPBR-FULL-RE1-v0.1.4.zip'
[17:31:24] [Worker-Main-7/WARN]: Unknown block 'biomesoplenty:magic_planks' in 'matchBlocks' element 'biomesoplenty:magic_planks' at index 40 in file 'minecraft:optifine/ctm/maple_planks_ctm_sides.properties' in pack 'file/BOPPBR-FULL-RE1-v0.1.4.zip'
[17:31:24] [Worker-Main-7/WARN]: Unknown block 'biomesoplenty:magic_slab' in 'matchBlocks' element 'biomesoplenty:magic_slab:type=double' at index 41 in file 'minecraft:optifine/ctm/maple_planks_ctm_sides.properties' in pack 'file/BOPPBR-FULL-RE1-v0.1.4.zip'
[17:31:24] [Worker-Main-7/WARN]: Unknown block 'biomesoplenty:umbran_planks' in 'matchBlocks' element 'biomesoplenty:umbran_planks' at index 42 in file 'minecraft:optifine/ctm/maple_planks_ctm_sides.properties' in pack 'file/BOPPBR-FULL-RE1-v0.1.4.zip'
[17:31:24] [Worker-Main-7/WARN]: Unknown block 'biomesoplenty:umbran_slab' in 'matchBlocks' element 'biomesoplenty:umbran_slab:type=double' at index 43 in file 'minecraft:optifine/ctm/maple_planks_ctm_sides.properties' in pack 'file/BOPPBR-FULL-RE1-v0.1.4.zip'
[17:31:24] [Worker-Main-7/WARN]: Unknown block 'biomesoplenty:hellbark_planks' in 'matchBlocks' element 'biomesoplenty:hellbark_planks' at index 44 in file 'minecraft:optifine/ctm/maple_planks_ctm_sides.properties' in pack 'file/BOPPBR-FULL-RE1-v0.1.4.zip'
[17:31:24] [Worker-Main-7/WARN]: Unknown block 'biomesoplenty:hellbark_slab' in 'matchBlocks' element 'biomesoplenty:hellbark_slab:type=double' at index 45 in file 'minecraft:optifine/ctm/maple_planks_ctm_sides.properties' in pack 'file/BOPPBR-FULL-RE1-v0.1.4.zip'
[17:31:24] [Worker-Main-7/WARN]: Unknown block 'biomesoplenty:empyreal_planks' in 'matchBlocks' element 'biomesoplenty:empyreal_planks' at index 46 in file 'minecraft:optifine/ctm/maple_planks_ctm_sides.properties' in pack 'file/BOPPBR-FULL-RE1-v0.1.4.zip'
[17:31:24] [Worker-Main-7/WARN]: Unknown block 'biomesoplenty:empyreal_slab' in 'matchBlocks' element 'biomesoplenty:empyreal_slab:type=double' at index 47 in file 'minecraft:optifine/ctm/maple_planks_ctm_sides.properties' in pack 'file/BOPPBR-FULL-RE1-v0.1.4.zip'
[17:31:24] [Worker-Main-7/WARN]: Unknown block 'biomesoplenty:maple_planks' in 'connectBlocks' element 'biomesoplenty:maple_planks' at index 0 in file 'minecraft:optifine/ctm/maple_planks_ctm_sides.properties' in pack 'file/BOPPBR-FULL-RE1-v0.1.4.zip'
[17:31:24] [Worker-Main-7/WARN]: Unknown block 'biomesoplenty:origin_oak_planks' in 'matchBlocks' element 'biomesoplenty:origin_oak_planks' at index 44 in file 'minecraft:optifine/ctm/maple_planks_ctm_top.properties' in pack 'file/BOPPBR-FULL-RE1-v0.1.4.zip'
[17:31:24] [Worker-Main-7/WARN]: Unknown block 'biomesoplenty:origin_oak_stairs' in 'matchBlocks' element 'biomesoplenty:origin_oak_stairs:half=top' at index 45 in file 'minecraft:optifine/ctm/maple_planks_ctm_top.properties' in pack 'file/BOPPBR-FULL-RE1-v0.1.4.zip'
[17:31:24] [Worker-Main-7/WARN]: Unknown block 'biomesoplenty:origin_oak_slab' in 'matchBlocks' element 'biomesoplenty:origin_oak_slab:type=top' at index 46 in file 'minecraft:optifine/ctm/maple_planks_ctm_top.properties' in pack 'file/BOPPBR-FULL-RE1-v0.1.4.zip'
[17:31:24] [Worker-Main-7/WARN]: Unknown block 'biomesoplenty:origin_oak_slab' in 'matchBlocks' element 'biomesoplenty:origin_oak_slab:type=double' at index 47 in file 'minecraft:optifine/ctm/maple_planks_ctm_top.properties' in pack 'file/BOPPBR-FULL-RE1-v0.1.4.zip'
[17:31:24] [Worker-Main-7/WARN]: Unknown block 'biomesoplenty:fir_planks' in 'matchBlocks' element 'biomesoplenty:fir_planks' at index 48 in file 'minecraft:optifine/ctm/maple_planks_ctm_top.properties' in pack 'file/BOPPBR-FULL-RE1-v0.1.4.zip'
[17:31:24] [Worker-Main-7/WARN]: Unknown block 'biomesoplenty:fir_stairs' in 'matchBlocks' element 'biomesoplenty:fir_stairs:half=top' at index 49 in file 'minecraft:optifine/ctm/maple_planks_ctm_top.properties' in pack 'file/BOPPBR-FULL-RE1-v0.1.4.zip'
[17:31:24] [Worker-Main-7/WARN]: Unknown block 'biomesoplenty:fir_slab' in 'matchBlocks' element 'biomesoplenty:fir_slab:type=top' at index 50 in file 'minecraft:optifine/ctm/maple_planks_ctm_top.properties' in pack 'file/BOPPBR-FULL-RE1-v0.1.4.zip'
[17:31:24] [Worker-Main-7/WARN]: Unknown block 'biomesoplenty:fir_slab' in 'matchBlocks' element 'biomesoplenty:fir_slab:type=double' at index 51 in file 'minecraft:optifine/ctm/maple_planks_ctm_top.properties' in pack 'file/BOPPBR-FULL-RE1-v0.1.4.zip'
[17:31:24] [Worker-Main-7/WARN]: Unknown block 'biomesoplenty:pine_planks' in 'matchBlocks' element 'biomesoplenty:pine_planks' at index 52 in file 'minecraft:optifine/ctm/maple_planks_ctm_top.properties' in pack 'file/BOPPBR-FULL-RE1-v0.1.4.zip'
[17:31:24] [Worker-Main-7/WARN]: Unknown block 'biomesoplenty:pine_stairs' in 'matchBlocks' element 'biomesoplenty:pine_stairs:half=top' at index 53 in file 'minecraft:optifine/ctm/maple_planks_ctm_top.properties' in pack 'file/BOPPBR-FULL-RE1-v0.1.4.zip'
[17:31:24] [Worker-Main-7/WARN]: Unknown block 'biomesoplenty:pine_slab' in 'matchBlocks' element 'biomesoplenty:pine_slab:type=top' at index 54 in file 'minecraft:optifine/ctm/maple_planks_ctm_top.properties' in pack 'file/BOPPBR-FULL-RE1-v0.1.4.zip'
[17:31:24] [Worker-Main-7/WARN]: Unknown block 'biomesoplenty:pine_slab' in 'matchBlocks' element 'biomesoplenty:pine_slab:type=double' at index 55 in file 'minecraft:optifine/ctm/maple_planks_ctm_top.properties' in pack 'file/BOPPBR-FULL-RE1-v0.1.4.zip'
[17:31:24] [Worker-Main-7/WARN]: Unknown block 'biomesoplenty:redwood_planks' in 'matchBlocks' element 'biomesoplenty:redwood_planks' at index 56 in file 'minecraft:optifine/ctm/maple_planks_ctm_top.properties' in pack 'file/BOPPBR-FULL-RE1-v0.1.4.zip'
[17:31:24] [Worker-Main-7/WARN]: Unknown block 'biomesoplenty:redwood_stairs' in 'matchBlocks' element 'biomesoplenty:redwood_stairs:half=top' at index 57 in file 'minecraft:optifine/ctm/maple_planks_ctm_top.properties' in pack 'file/BOPPBR-FULL-RE1-v0.1.4.zip'
[17:31:24] [Worker-Main-7/WARN]: Unknown block 'biomesoplenty:redwood_slab' in 'matchBlocks' element 'biomesoplenty:redwood_slab:type=top' at index 58 in file 'minecraft:optifine/ctm/maple_planks_ctm_top.properties' in pack 'file/BOPPBR-FULL-RE1-v0.1.4.zip'
[17:31:24] [Worker-Main-7/WARN]: Unknown block 'biomesoplenty:redwood_slab' in 'matchBlocks' element 'biomesoplenty:redwood_slab:type=double' at index 59 in file 'minecraft:optifine/ctm/maple_planks_ctm_top.properties' in pack 'file/BOPPBR-FULL-RE1-v0.1.4.zip'
[17:31:24] [Worker-Main-7/WARN]: Unknown block 'biomesoplenty:mahogany_planks' in 'matchBlocks' element 'biomesoplenty:mahogany_planks' at index 60 in file 'minecraft:optifine/ctm/maple_planks_ctm_top.properties' in pack 'file/BOPPBR-FULL-RE1-v0.1.4.zip'
[17:31:24] [Worker-Main-7/WARN]: Unknown block 'biomesoplenty:mahogany_stairs' in 'matchBlocks' element 'biomesoplenty:mahogany_stairs:half=top' at index 61 in file 'minecraft:optifine/ctm/maple_planks_ctm_top.properties' in pack 'file/BOPPBR-FULL-RE1-v0.1.4.zip'
[17:31:24] [Worker-Main-7/WARN]: Unknown block 'biomesoplenty:mahogany_slab' in 'matchBlocks' element 'biomesoplenty:mahogany_slab:type=top' at index 62 in file 'minecraft:optifine/ctm/maple_planks_ctm_top.properties' in pack 'file/BOPPBR-FULL-RE1-v0.1.4.zip'
[17:31:24] [Worker-Main-7/WARN]: Unknown block 'biomesoplenty:mahogany_slab' in 'matchBlocks' element 'biomesoplenty:mahogany_slab:type=double' at index 63 in file 'minecraft:optifine/ctm/maple_planks_ctm_top.properties' in pack 'file/BOPPBR-FULL-RE1-v0.1.4.zip'
[17:31:24] [Worker-Main-7/WARN]: Unknown block 'biomesoplenty:jacaranda_planks' in 'matchBlocks' element 'biomesoplenty:jacaranda_planks' at index 64 in file 'minecraft:optifine/ctm/maple_planks_ctm_top.properties' in pack 'file/BOPPBR-FULL-RE1-v0.1.4.zip'
[17:31:24] [Worker-Main-7/WARN]: Unknown block 'biomesoplenty:jacaranda_stairs' in 'matchBlocks' element 'biomesoplenty:jacaranda_stairs:half=top' at index 65 in file 'minecraft:optifine/ctm/maple_planks_ctm_top.properties' in pack 'file/BOPPBR-FULL-RE1-v0.1.4.zip'
[17:31:24] [Worker-Main-7/WARN]: Unknown block 'biomesoplenty:jacaranda_slab' in 'matchBlocks' element 'biomesoplenty:jacaranda_slab:type=top' at index 66 in file 'minecraft:optifine/ctm/maple_planks_ctm_top.properties' in pack 'file/BOPPBR-FULL-RE1-v0.1.4.zip'
[17:31:24] [Worker-Main-7/WARN]: Unknown block 'biomesoplenty:jacaranda_slab' in 'matchBlocks' element 'biomesoplenty:jacaranda_slab:type=double' at index 67 in file 'minecraft:optifine/ctm/maple_planks_ctm_top.properties' in pack 'file/BOPPBR-FULL-RE1-v0.1.4.zip'
[17:31:24] [Worker-Main-7/WARN]: Unknown block 'biomesoplenty:palm_planks' in 'matchBlocks' element 'biomesoplenty:palm_planks' at index 68 in file 'minecraft:optifine/ctm/maple_planks_ctm_top.properties' in pack 'file/BOPPBR-FULL-RE1-v0.1.4.zip'
[17:31:24] [Worker-Main-7/WARN]: Unknown block 'biomesoplenty:palm_stairs' in 'matchBlocks' element 'biomesoplenty:palm_stairs:half=top' at index 69 in file 'minecraft:optifine/ctm/maple_planks_ctm_top.properties' in pack 'file/BOPPBR-FULL-RE1-v0.1.4.zip'
[17:31:24] [Worker-Main-7/WARN]: Unknown block 'biomesoplenty:palm_slab' in 'matchBlocks' element 'biomesoplenty:palm_slab:type=top' at index 70 in file 'minecraft:optifine/ctm/maple_planks_ctm_top.properties' in pack 'file/BOPPBR-FULL-RE1-v0.1.4.zip'
[17:31:24] [Worker-Main-7/WARN]: Unknown block 'biomesoplenty:palm_slab' in 'matchBlocks' element 'biomesoplenty:palm_slab:type=double' at index 71 in file 'minecraft:optifine/ctm/maple_planks_ctm_top.properties' in pack 'file/BOPPBR-FULL-RE1-v0.1.4.zip'
[17:31:24] [Worker-Main-7/WARN]: Unknown block 'biomesoplenty:willow_planks' in 'matchBlocks' element 'biomesoplenty:willow_planks' at index 72 in file 'minecraft:optifine/ctm/maple_planks_ctm_top.properties' in pack 'file/BOPPBR-FULL-RE1-v0.1.4.zip'
[17:31:24] [Worker-Main-7/WARN]: Unknown block 'biomesoplenty:willow_stairs' in 'matchBlocks' element 'biomesoplenty:willow_stairs:half=top' at index 73 in file 'minecraft:optifine/ctm/maple_planks_ctm_top.properties' in pack 'file/BOPPBR-FULL-RE1-v0.1.4.zip'
[17:31:24] [Worker-Main-7/WARN]: Unknown block 'biomesoplenty:willow_slab' in 'matchBlocks' element 'biomesoplenty:willow_slab:type=top' at index 74 in file 'minecraft:optifine/ctm/maple_planks_ctm_top.properties' in pack 'file/BOPPBR-FULL-RE1-v0.1.4.zip'
[17:31:24] [Worker-Main-7/WARN]: Unknown block 'biomesoplenty:willow_slab' in 'matchBlocks' element 'biomesoplenty:willow_slab:type=double' at index 75 in file 'minecraft:optifine/ctm/maple_planks_ctm_top.properties' in pack 'file/BOPPBR-FULL-RE1-v0.1.4.zip'
[17:31:24] [Worker-Main-7/WARN]: Unknown block 'biomesoplenty:dead_planks' in 'matchBlocks' element 'biomesoplenty:dead_planks' at index 76 in file 'minecraft:optifine/ctm/maple_planks_ctm_top.properties' in pack 'file/BOPPBR-FULL-RE1-v0.1.4.zip'
[17:31:24] [Worker-Main-7/WARN]: Unknown block 'biomesoplenty:dead_stairs' in 'matchBlocks' element 'biomesoplenty:dead_stairs:half=top' at index 77 in file 'minecraft:optifine/ctm/maple_planks_ctm_top.properties' in pack 'file/BOPPBR-FULL-RE1-v0.1.4.zip'
[17:31:24] [Worker-Main-7/WARN]: Unknown block 'biomesoplenty:dead_slab' in 'matchBlocks' element 'biomesoplenty:dead_slab:type=top' at index 78 in file 'minecraft:optifine/ctm/maple_planks_ctm_top.properties' in pack 'file/BOPPBR-FULL-RE1-v0.1.4.zip'
[17:31:24] [Worker-Main-7/WARN]: Unknown block 'biomesoplenty:dead_slab' in 'matchBlocks' element 'biomesoplenty:dead_slab:type=double' at index 79 in file 'minecraft:optifine/ctm/maple_planks_ctm_top.properties' in pack 'file/BOPPBR-FULL-RE1-v0.1.4.zip'
[17:31:24] [Worker-Main-7/WARN]: Unknown block 'biomesoplenty:magic_planks' in 'matchBlocks' element 'biomesoplenty:magic_planks' at index 80 in file 'minecraft:optifine/ctm/maple_planks_ctm_top.properties' in pack 'file/BOPPBR-FULL-RE1-v0.1.4.zip'
[17:31:24] [Worker-Main-7/WARN]: Unknown block 'biomesoplenty:magic_stairs' in 'matchBlocks' element 'biomesoplenty:magic_stairs:half=top' at index 81 in file 'minecraft:optifine/ctm/maple_planks_ctm_top.properties' in pack 'file/BOPPBR-FULL-RE1-v0.1.4.zip'
[17:31:24] [Worker-Main-7/WARN]: Unknown block 'biomesoplenty:magic_slab' in 'matchBlocks' element 'biomesoplenty:magic_slab:type=top' at index 82 in file 'minecraft:optifine/ctm/maple_planks_ctm_top.properties' in pack 'file/BOPPBR-FULL-RE1-v0.1.4.zip'
[17:31:24] [Worker-Main-7/WARN]: Unknown block 'biomesoplenty:magic_slab' in 'matchBlocks' element 'biomesoplenty:magic_slab:type=double' at index 83 in file 'minecraft:optifine/ctm/maple_planks_ctm_top.properties' in pack 'file/BOPPBR-FULL-RE1-v0.1.4.zip'
[17:31:24] [Worker-Main-7/WARN]: Unknown block 'biomesoplenty:umbran_planks' in 'matchBlocks' element 'biomesoplenty:umbran_planks' at index 84 in file 'minecraft:optifine/ctm/maple_planks_ctm_top.properties' in pack 'file/BOPPBR-FULL-RE1-v0.1.4.zip'
[17:31:24] [Worker-Main-7/WARN]: Unknown block 'biomesoplenty:umbran_stairs' in 'matchBlocks' element 'biomesoplenty:umbran_stairs:half=top' at index 85 in file 'minecraft:optifine/ctm/maple_planks_ctm_top.properties' in pack 'file/BOPPBR-FULL-RE1-v0.1.4.zip'
[17:31:24] [Worker-Main-7/WARN]: Unknown block 'biomesoplenty:umbran_slab' in 'matchBlocks' element 'biomesoplenty:umbran_slab:type=top' at index 86 in file 'minecraft:optifine/ctm/maple_planks_ctm_top.properties' in pack 'file/BOPPBR-FULL-RE1-v0.1.4.zip'
[17:31:24] [Worker-Main-7/WARN]: Unknown block 'biomesoplenty:umbran_slab' in 'matchBlocks' element 'biomesoplenty:umbran_slab:type=double' at index 87 in file 'minecraft:optifine/ctm/maple_planks_ctm_top.properties' in pack 'file/BOPPBR-FULL-RE1-v0.1.4.zip'
[17:31:24] [Worker-Main-7/WARN]: Unknown block 'biomesoplenty:hellbark_planks' in 'matchBlocks' element 'biomesoplenty:hellbark_planks' at index 88 in file 'minecraft:optifine/ctm/maple_planks_ctm_top.properties' in pack 'file/BOPPBR-FULL-RE1-v0.1.4.zip'
[17:31:24] [Worker-Main-7/WARN]: Unknown block 'biomesoplenty:hellbark_stairs' in 'matchBlocks' element 'biomesoplenty:hellbark_stairs:half=top' at index 89 in file 'minecraft:optifine/ctm/maple_planks_ctm_top.properties' in pack 'file/BOPPBR-FULL-RE1-v0.1.4.zip'
[17:31:24] [Worker-Main-7/WARN]: Unknown block 'biomesoplenty:hellbark_slab' in 'matchBlocks' element 'biomesoplenty:hellbark_slab:type=top' at index 90 in file 'minecraft:optifine/ctm/maple_planks_ctm_top.properties' in pack 'file/BOPPBR-FULL-RE1-v0.1.4.zip'
[17:31:24] [Worker-Main-7/WARN]: Unknown block 'biomesoplenty:hellbark_slab' in 'matchBlocks' element 'biomesoplenty:hellbark_slab:type=double' at index 91 in file 'minecraft:optifine/ctm/maple_planks_ctm_top.properties' in pack 'file/BOPPBR-FULL-RE1-v0.1.4.zip'
[17:31:24] [Worker-Main-7/WARN]: Unknown block 'biomesoplenty:empyreal_planks' in 'matchBlocks' element 'biomesoplenty:empyreal_planks' at index 92 in file 'minecraft:optifine/ctm/maple_planks_ctm_top.properties' in pack 'file/BOPPBR-FULL-RE1-v0.1.4.zip'
[17:31:24] [Worker-Main-7/WARN]: Unknown block 'biomesoplenty:empyreal_stairs' in 'matchBlocks' element 'biomesoplenty:empyreal_stairs:half=top' at index 93 in file 'minecraft:optifine/ctm/maple_planks_ctm_top.properties' in pack 'file/BOPPBR-FULL-RE1-v0.1.4.zip'
[17:31:24] [Worker-Main-7/WARN]: Unknown block 'biomesoplenty:empyreal_slab' in 'matchBlocks' element 'biomesoplenty:empyreal_slab:type=top' at index 94 in file 'minecraft:optifine/ctm/maple_planks_ctm_top.properties' in pack 'file/BOPPBR-FULL-RE1-v0.1.4.zip'
[17:31:24] [Worker-Main-7/WARN]: Unknown block 'biomesoplenty:empyreal_slab' in 'matchBlocks' element 'biomesoplenty:empyreal_slab:type=double' at index 95 in file 'minecraft:optifine/ctm/maple_planks_ctm_top.properties' in pack 'file/BOPPBR-FULL-RE1-v0.1.4.zip'
[17:31:24] [Worker-Main-7/WARN]: Unknown block 'biomesoplenty:maple_planks' in 'connectBlocks' element 'biomesoplenty:maple_planks' at index 0 in file 'minecraft:optifine/ctm/maple_planks_ctm_top.properties' in pack 'file/BOPPBR-FULL-RE1-v0.1.4.zip'
[17:31:24] [Worker-Main-7/WARN]: Unknown block 'biomesoplenty:origin_oak_planks' in 'connectBlocks' element 'biomesoplenty:origin_oak_planks' at index 0 in file 'minecraft:optifine/ctm/origin_oak_planks_ctm.properties' in pack 'file/BOPPBR-FULL-RE1-v0.1.4.zip'
[17:31:24] [Worker-Main-7/WARN]: Unknown block 'biomesoplenty:fir_planks' in 'matchBlocks' element 'biomesoplenty:fir_planks' at index 44 in file 'minecraft:optifine/ctm/origin_oak_planks_ctm_bottom.properties' in pack 'file/BOPPBR-FULL-RE1-v0.1.4.zip'
[17:31:24] [Worker-Main-7/WARN]: Unknown block 'biomesoplenty:fir_stairs' in 'matchBlocks' element 'biomesoplenty:fir_stairs:half=bottom' at index 45 in file 'minecraft:optifine/ctm/origin_oak_planks_ctm_bottom.properties' in pack 'file/BOPPBR-FULL-RE1-v0.1.4.zip'
[17:31:24] [Worker-Main-7/WARN]: Unknown block 'biomesoplenty:fir_slab' in 'matchBlocks' element 'biomesoplenty:fir_slab:type=bottom' at index 46 in file 'minecraft:optifine/ctm/origin_oak_planks_ctm_bottom.properties' in pack 'file/BOPPBR-FULL-RE1-v0.1.4.zip'
[17:31:24] [Worker-Main-7/WARN]: Unknown block 'biomesoplenty:fir_slab' in 'matchBlocks' element 'biomesoplenty:fir_slab:type=double' at index 47 in file 'minecraft:optifine/ctm/origin_oak_planks_ctm_bottom.properties' in pack 'file/BOPPBR-FULL-RE1-v0.1.4.zip'
[17:31:24] [Worker-Main-7/WARN]: Unknown block 'biomesoplenty:pine_planks' in 'matchBlocks' element 'biomesoplenty:pine_planks' at index 48 in file 'minecraft:optifine/ctm/origin_oak_planks_ctm_bottom.properties' in pack 'file/BOPPBR-FULL-RE1-v0.1.4.zip'
[17:31:24] [Worker-Main-7/WARN]: Unknown block 'biomesoplenty:pine_stairs' in 'matchBlocks' element 'biomesoplenty:pine_stairs:half=bottom' at index 49 in file 'minecraft:optifine/ctm/origin_oak_planks_ctm_bottom.properties' in pack 'file/BOPPBR-FULL-RE1-v0.1.4.zip'
[17:31:24] [Worker-Main-7/WARN]: Unknown block 'biomesoplenty:pine_slab' in 'matchBlocks' element 'biomesoplenty:pine_slab:type=bottom' at index 50 in file 'minecraft:optifine/ctm/origin_oak_planks_ctm_bottom.properties' in pack 'file/BOPPBR-FULL-RE1-v0.1.4.zip'
[17:31:24] [Worker-Main-7/WARN]: Unknown block 'biomesoplenty:pine_slab' in 'matchBlocks' element 'biomesoplenty:pine_slab:type=double' at index 51 in file 'minecraft:optifine/ctm/origin_oak_planks_ctm_bottom.properties' in pack 'file/BOPPBR-FULL-RE1-v0.1.4.zip'
[17:31:24] [Worker-Main-7/WARN]: Unknown block 'biomesoplenty:maple_planks' in 'matchBlocks' element 'biomesoplenty:maple_planks' at index 52 in file 'minecraft:optifine/ctm/origin_oak_planks_ctm_bottom.properties' in pack 'file/BOPPBR-FULL-RE1-v0.1.4.zip'
[17:31:24] [Worker-Main-7/WARN]: Unknown block 'biomesoplenty:maple_stairs' in 'matchBlocks' element 'biomesoplenty:maple_stairs:half=bottom' at index 53 in file 'minecraft:optifine/ctm/origin_oak_planks_ctm_bottom.properties' in pack 'file/BOPPBR-FULL-RE1-v0.1.4.zip'
[17:31:24] [Worker-Main-7/WARN]: Unknown block 'biomesoplenty:maple_slab' in 'matchBlocks' element 'biomesoplenty:maple_slab:type=bottom' at index 54 in file 'minecraft:optifine/ctm/origin_oak_planks_ctm_bottom.properties' in pack 'file/BOPPBR-FULL-RE1-v0.1.4.zip'
[17:31:24] [Worker-Main-7/WARN]: Unknown block 'biomesoplenty:maple_slab' in 'matchBlocks' element 'biomesoplenty:maple_slab:type=double' at index 55 in file 'minecraft:optifine/ctm/origin_oak_planks_ctm_bottom.properties' in pack 'file/BOPPBR-FULL-RE1-v0.1.4.zip'
[17:31:24] [Worker-Main-7/WARN]: Unknown block 'biomesoplenty:redwood_planks' in 'matchBlocks' element 'biomesoplenty:redwood_planks' at index 56 in file 'minecraft:optifine/ctm/origin_oak_planks_ctm_bottom.properties' in pack 'file/BOPPBR-FULL-RE1-v0.1.4.zip'
[17:31:24] [Worker-Main-7/WARN]: Unknown block 'biomesoplenty:redwood_stairs' in 'matchBlocks' element 'biomesoplenty:redwood_stairs:half=bottom' at index 57 in file 'minecraft:optifine/ctm/origin_oak_planks_ctm_bottom.properties' in pack 'file/BOPPBR-FULL-RE1-v0.1.4.zip'
[17:31:24] [Worker-Main-7/WARN]: Unknown block 'biomesoplenty:redwood_slab' in 'matchBlocks' element 'biomesoplenty:redwood_slab:type=bottom' at index 58 in file 'minecraft:optifine/ctm/origin_oak_planks_ctm_bottom.properties' in pack 'file/BOPPBR-FULL-RE1-v0.1.4.zip'
[17:31:24] [Worker-Main-7/WARN]: Unknown block 'biomesoplenty:redwood_slab' in 'matchBlocks' element 'biomesoplenty:redwood_slab:type=double' at index 59 in file 'minecraft:optifine/ctm/origin_oak_planks_ctm_bottom.properties' in pack 'file/BOPPBR-FULL-RE1-v0.1.4.zip'
[17:31:24] [Worker-Main-7/WARN]: Unknown block 'biomesoplenty:mahogany_planks' in 'matchBlocks' element 'biomesoplenty:mahogany_planks' at index 60 in file 'minecraft:optifine/ctm/origin_oak_planks_ctm_bottom.properties' in pack 'file/BOPPBR-FULL-RE1-v0.1.4.zip'
[17:31:24] [Worker-Main-7/WARN]: Unknown block 'biomesoplenty:mahogany_stairs' in 'matchBlocks' element 'biomesoplenty:mahogany_stairs:half=bottom' at index 61 in file 'minecraft:optifine/ctm/origin_oak_planks_ctm_bottom.properties' in pack 'file/BOPPBR-FULL-RE1-v0.1.4.zip'
[17:31:24] [Worker-Main-7/WARN]: Unknown block 'biomesoplenty:mahogany_slab' in 'matchBlocks' element 'biomesoplenty:mahogany_slab:type=bottom' at index 62 in file 'minecraft:optifine/ctm/origin_oak_planks_ctm_bottom.properties' in pack 'file/BOPPBR-FULL-RE1-v0.1.4.zip'
[17:31:24] [Worker-Main-7/WARN]: Unknown block 'biomesoplenty:mahogany_slab' in 'matchBlocks' element 'biomesoplenty:mahogany_slab:type=double' at index 63 in file 'minecraft:optifine/ctm/origin_oak_planks_ctm_bottom.properties' in pack 'file/BOPPBR-FULL-RE1-v0.1.4.zip'
[17:31:24] [Worker-Main-7/WARN]: Unknown block 'biomesoplenty:jacaranda_planks' in 'matchBlocks' element 'biomesoplenty:jacaranda_planks' at index 64 in file 'minecraft:optifine/ctm/origin_oak_planks_ctm_bottom.properties' in pack 'file/BOPPBR-FULL-RE1-v0.1.4.zip'
[17:31:24] [Worker-Main-7/WARN]: Unknown block 'biomesoplenty:jacaranda_stairs' in 'matchBlocks' element 'biomesoplenty:jacaranda_stairs:half=bottom' at index 65 in file 'minecraft:optifine/ctm/origin_oak_planks_ctm_bottom.properties' in pack 'file/BOPPBR-FULL-RE1-v0.1.4.zip'
[17:31:24] [Worker-Main-7/WARN]: Unknown block 'biomesoplenty:jacaranda_slab' in 'matchBlocks' element 'biomesoplenty:jacaranda_slab:type=bottom' at index 66 in file 'minecraft:optifine/ctm/origin_oak_planks_ctm_bottom.properties' in pack 'file/BOPPBR-FULL-RE1-v0.1.4.zip'
[17:31:24] [Worker-Main-7/WARN]: Unknown block 'biomesoplenty:jacaranda_slab' in 'matchBlocks' element 'biomesoplenty:jacaranda_slab:type=double' at index 67 in file 'minecraft:optifine/ctm/origin_oak_planks_ctm_bottom.properties' in pack 'file/BOPPBR-FULL-RE1-v0.1.4.zip'
[17:31:24] [Worker-Main-7/WARN]: Unknown block 'biomesoplenty:palm_planks' in 'matchBlocks' element 'biomesoplenty:palm_planks' at index 68 in file 'minecraft:optifine/ctm/origin_oak_planks_ctm_bottom.properties' in pack 'file/BOPPBR-FULL-RE1-v0.1.4.zip'
[17:31:24] [Worker-Main-7/WARN]: Unknown block 'biomesoplenty:palm_stairs' in 'matchBlocks' element 'biomesoplenty:palm_stairs:half=bottom' at index 69 in file 'minecraft:optifine/ctm/origin_oak_planks_ctm_bottom.properties' in pack 'file/BOPPBR-FULL-RE1-v0.1.4.zip'
[17:31:24] [Worker-Main-7/WARN]: Unknown block 'biomesoplenty:palm_slab' in 'matchBlocks' element 'biomesoplenty:palm_slab:type=bottom' at index 70 in file 'minecraft:optifine/ctm/origin_oak_planks_ctm_bottom.properties' in pack 'file/BOPPBR-FULL-RE1-v0.1.4.zip'
[17:31:24] [Worker-Main-7/WARN]: Unknown block 'biomesoplenty:palm_slab' in 'matchBlocks' element 'biomesoplenty:palm_slab:type=double' at index 71 in file 'minecraft:optifine/ctm/origin_oak_planks_ctm_bottom.properties' in pack 'file/BOPPBR-FULL-RE1-v0.1.4.zip'
[17:31:24] [Worker-Main-7/WARN]: Unknown block 'biomesoplenty:willow_planks' in 'matchBlocks' element 'biomesoplenty:willow_planks' at index 72 in file 'minecraft:optifine/ctm/origin_oak_planks_ctm_bottom.properties' in pack 'file/BOPPBR-FULL-RE1-v0.1.4.zip'
[17:31:24] [Worker-Main-7/WARN]: Unknown block 'biomesoplenty:willow_stairs' in 'matchBlocks' element 'biomesoplenty:willow_stairs:half=bottom' at index 73 in file 'minecraft:optifine/ctm/origin_oak_planks_ctm_bottom.properties' in pack 'file/BOPPBR-FULL-RE1-v0.1.4.zip'
[17:31:24] [Worker-Main-7/WARN]: Unknown block 'biomesoplenty:willow_slab' in 'matchBlocks' element 'biomesoplenty:willow_slab:type=bottom' at index 74 in file 'minecraft:optifine/ctm/origin_oak_planks_ctm_bottom.properties' in pack 'file/BOPPBR-FULL-RE1-v0.1.4.zip'
[17:31:24] [Worker-Main-7/WARN]: Unknown block 'biomesoplenty:willow_slab' in 'matchBlocks' element 'biomesoplenty:willow_slab:type=double' at index 75 in file 'minecraft:optifine/ctm/origin_oak_planks_ctm_bottom.properties' in pack 'file/BOPPBR-FULL-RE1-v0.1.4.zip'
[17:31:24] [Worker-Main-7/WARN]: Unknown block 'biomesoplenty:dead_planks' in 'matchBlocks' element 'biomesoplenty:dead_planks' at index 76 in file 'minecraft:optifine/ctm/origin_oak_planks_ctm_bottom.properties' in pack 'file/BOPPBR-FULL-RE1-v0.1.4.zip'
[17:31:24] [Worker-Main-7/WARN]: Unknown block 'biomesoplenty:dead_stairs' in 'matchBlocks' element 'biomesoplenty:dead_stairs:half=bottom' at index 77 in file 'minecraft:optifine/ctm/origin_oak_planks_ctm_bottom.properties' in pack 'file/BOPPBR-FULL-RE1-v0.1.4.zip'
[17:31:24] [Worker-Main-7/WARN]: Unknown block 'biomesoplenty:dead_slab' in 'matchBlocks' element 'biomesoplenty:dead_slab:type=bottom' at index 78 in file 'minecraft:optifine/ctm/origin_oak_planks_ctm_bottom.properties' in pack 'file/BOPPBR-FULL-RE1-v0.1.4.zip'
[17:31:24] [Worker-Main-7/WARN]: Unknown block 'biomesoplenty:dead_slab' in 'matchBlocks' element 'biomesoplenty:dead_slab:type=double' at index 79 in file 'minecraft:optifine/ctm/origin_oak_planks_ctm_bottom.properties' in pack 'file/BOPPBR-FULL-RE1-v0.1.4.zip'
[17:31:24] [Worker-Main-7/WARN]: Unknown block 'biomesoplenty:magic_planks' in 'matchBlocks' element 'biomesoplenty:magic_planks' at index 80 in file 'minecraft:optifine/ctm/origin_oak_planks_ctm_bottom.properties' in pack 'file/BOPPBR-FULL-RE1-v0.1.4.zip'
[17:31:24] [Worker-Main-7/WARN]: Unknown block 'biomesoplenty:magic_stairs' in 'matchBlocks' element 'biomesoplenty:magic_stairs:half=bottom' at index 81 in file 'minecraft:optifine/ctm/origin_oak_planks_ctm_bottom.properties' in pack 'file/BOPPBR-FULL-RE1-v0.1.4.zip'
[17:31:24] [Worker-Main-7/WARN]: Unknown block 'biomesoplenty:magic_slab' in 'matchBlocks' element 'biomesoplenty:magic_slab:type=bottom' at index 82 in file 'minecraft:optifine/ctm/origin_oak_planks_ctm_bottom.properties' in pack 'file/BOPPBR-FULL-RE1-v0.1.4.zip'
[17:31:24] [Worker-Main-7/WARN]: Unknown block 'biomesoplenty:magic_slab' in 'matchBlocks' element 'biomesoplenty:magic_slab:type=double' at index 83 in file 'minecraft:optifine/ctm/origin_oak_planks_ctm_bottom.properties' in pack 'file/BOPPBR-FULL-RE1-v0.1.4.zip'
[17:31:24] [Worker-Main-7/WARN]: Unknown block 'biomesoplenty:umbran_planks' in 'matchBlocks' element 'biomesoplenty:umbran_planks' at index 84 in file 'minecraft:optifine/ctm/origin_oak_planks_ctm_bottom.properties' in pack 'file/BOPPBR-FULL-RE1-v0.1.4.zip'
[17:31:24] [Worker-Main-7/WARN]: Unknown block 'biomesoplenty:umbran_stairs' in 'matchBlocks' element 'biomesoplenty:umbran_stairs:half=bottom' at index 85 in file 'minecraft:optifine/ctm/origin_oak_planks_ctm_bottom.properties' in pack 'file/BOPPBR-FULL-RE1-v0.1.4.zip'
[17:31:24] [Worker-Main-7/WARN]: Unknown block 'biomesoplenty:umbran_slab' in 'matchBlocks' element 'biomesoplenty:umbran_slab:type=bottom' at index 86 in file 'minecraft:optifine/ctm/origin_oak_planks_ctm_bottom.properties' in pack 'file/BOPPBR-FULL-RE1-v0.1.4.zip'
[17:31:24] [Worker-Main-7/WARN]: Unknown block 'biomesoplenty:umbran_slab' in 'matchBlocks' element 'biomesoplenty:umbran_slab:type=double' at index 87 in file 'minecraft:optifine/ctm/origin_oak_planks_ctm_bottom.properties' in pack 'file/BOPPBR-FULL-RE1-v0.1.4.zip'
[17:31:24] [Worker-Main-7/WARN]: Unknown block 'biomesoplenty:hellbark_planks' in 'matchBlocks' element 'biomesoplenty:hellbark_planks' at index 88 in file 'minecraft:optifine/ctm/origin_oak_planks_ctm_bottom.properties' in pack 'file/BOPPBR-FULL-RE1-v0.1.4.zip'
[17:31:24] [Worker-Main-7/WARN]: Unknown block 'biomesoplenty:hellbark_stairs' in 'matchBlocks' element 'biomesoplenty:hellbark_stairs:half=bottom' at index 89 in file 'minecraft:optifine/ctm/origin_oak_planks_ctm_bottom.properties' in pack 'file/BOPPBR-FULL-RE1-v0.1.4.zip'
[17:31:24] [Worker-Main-7/WARN]: Unknown block 'biomesoplenty:hellbark_slab' in 'matchBlocks' element 'biomesoplenty:hellbark_slab:type=bottom' at index 90 in file 'minecraft:optifine/ctm/origin_oak_planks_ctm_bottom.properties' in pack 'file/BOPPBR-FULL-RE1-v0.1.4.zip'
[17:31:24] [Worker-Main-7/WARN]: Unknown block 'biomesoplenty:hellbark_slab' in 'matchBlocks' element 'biomesoplenty:hellbark_slab:type=double' at index 91 in file 'minecraft:optifine/ctm/origin_oak_planks_ctm_bottom.properties' in pack 'file/BOPPBR-FULL-RE1-v0.1.4.zip'
[17:31:24] [Worker-Main-7/WARN]: Unknown block 'biomesoplenty:empyreal_planks' in 'matchBlocks' element 'biomesoplenty:empyreal_planks' at index 92 in file 'minecraft:optifine/ctm/origin_oak_planks_ctm_bottom.properties' in pack 'file/BOPPBR-FULL-RE1-v0.1.4.zip'
[17:31:24] [Worker-Main-7/WARN]: Unknown block 'biomesoplenty:empyreal_stairs' in 'matchBlocks' element 'biomesoplenty:empyreal_stairs:half=bottom' at index 93 in file 'minecraft:optifine/ctm/origin_oak_planks_ctm_bottom.properties' in pack 'file/BOPPBR-FULL-RE1-v0.1.4.zip'
[17:31:24] [Worker-Main-7/WARN]: Unknown block 'biomesoplenty:empyreal_slab' in 'matchBlocks' element 'biomesoplenty:empyreal_slab:type=bottom' at index 94 in file 'minecraft:optifine/ctm/origin_oak_planks_ctm_bottom.properties' in pack 'file/BOPPBR-FULL-RE1-v0.1.4.zip'
[17:31:24] [Worker-Main-7/WARN]: Unknown block 'biomesoplenty:empyreal_slab' in 'matchBlocks' element 'biomesoplenty:empyreal_slab:type=double' at index 95 in file 'minecraft:optifine/ctm/origin_oak_planks_ctm_bottom.properties' in pack 'file/BOPPBR-FULL-RE1-v0.1.4.zip'
[17:31:24] [Worker-Main-7/WARN]: Unknown block 'biomesoplenty:origin_oak_planks' in 'connectBlocks' element 'biomesoplenty:origin_oak_planks' at index 0 in file 'minecraft:optifine/ctm/origin_oak_planks_ctm_bottom.properties' in pack 'file/BOPPBR-FULL-RE1-v0.1.4.zip'
[17:31:24] [Worker-Main-7/WARN]: Unknown block 'biomesoplenty:fir_planks' in 'matchBlocks' element 'biomesoplenty:fir_planks' at index 22 in file 'minecraft:optifine/ctm/origin_oak_planks_ctm_sides.properties' in pack 'file/BOPPBR-FULL-RE1-v0.1.4.zip'
[17:31:24] [Worker-Main-7/WARN]: Unknown block 'biomesoplenty:fir_slab' in 'matchBlocks' element 'biomesoplenty:fir_slab:type=double' at index 23 in file 'minecraft:optifine/ctm/origin_oak_planks_ctm_sides.properties' in pack 'file/BOPPBR-FULL-RE1-v0.1.4.zip'
[17:31:24] [Worker-Main-7/WARN]: Unknown block 'biomesoplenty:pine_planks' in 'matchBlocks' element 'biomesoplenty:pine_planks' at index 24 in file 'minecraft:optifine/ctm/origin_oak_planks_ctm_sides.properties' in pack 'file/BOPPBR-FULL-RE1-v0.1.4.zip'
[17:31:24] [Worker-Main-7/WARN]: Unknown block 'biomesoplenty:pine_slab' in 'matchBlocks' element 'biomesoplenty:pine_slab:type=double' at index 25 in file 'minecraft:optifine/ctm/origin_oak_planks_ctm_sides.properties' in pack 'file/BOPPBR-FULL-RE1-v0.1.4.zip'
[17:31:24] [Worker-Main-7/WARN]: Unknown block 'biomesoplenty:maple_planks' in 'matchBlocks' element 'biomesoplenty:maple_planks' at index 26 in file 'minecraft:optifine/ctm/origin_oak_planks_ctm_sides.properties' in pack 'file/BOPPBR-FULL-RE1-v0.1.4.zip'
[17:31:24] [Worker-Main-7/WARN]: Unknown block 'biomesoplenty:maple_slab' in 'matchBlocks' element 'biomesoplenty:maple_slab:type=double' at index 27 in file 'minecraft:optifine/ctm/origin_oak_planks_ctm_sides.properties' in pack 'file/BOPPBR-FULL-RE1-v0.1.4.zip'
[17:31:24] [Worker-Main-7/WARN]: Unknown block 'biomesoplenty:redwood_planks' in 'matchBlocks' element 'biomesoplenty:redwood_planks' at index 28 in file 'minecraft:optifine/ctm/origin_oak_planks_ctm_sides.properties' in pack 'file/BOPPBR-FULL-RE1-v0.1.4.zip'
[17:31:24] [Worker-Main-7/WARN]: Unknown block 'biomesoplenty:redwood_slab' in 'matchBlocks' element 'biomesoplenty:redwood_slab:type=double' at index 29 in file 'minecraft:optifine/ctm/origin_oak_planks_ctm_sides.properties' in pack 'file/BOPPBR-FULL-RE1-v0.1.4.zip'
[17:31:24] [Worker-Main-7/WARN]: Unknown block 'biomesoplenty:mahogany_planks' in 'matchBlocks' element 'biomesoplenty:mahogany_planks' at index 30 in file 'minecraft:optifine/ctm/origin_oak_planks_ctm_sides.properties' in pack 'file/BOPPBR-FULL-RE1-v0.1.4.zip'
[17:31:24] [Worker-Main-7/WARN]: Unknown block 'biomesoplenty:mahogany_slab' in 'matchBlocks' element 'biomesoplenty:mahogany_slab:type=double' at index 31 in file 'minecraft:optifine/ctm/origin_oak_planks_ctm_sides.properties' in pack 'file/BOPPBR-FULL-RE1-v0.1.4.zip'
[17:31:24] [Worker-Main-7/WARN]: Unknown block 'biomesoplenty:jacaranda_planks' in 'matchBlocks' element 'biomesoplenty:jacaranda_planks' at index 32 in file 'minecraft:optifine/ctm/origin_oak_planks_ctm_sides.properties' in pack 'file/BOPPBR-FULL-RE1-v0.1.4.zip'
[17:31:24] [Worker-Main-7/WARN]: Unknown block 'biomesoplenty:jacaranda_slab' in 'matchBlocks' element 'biomesoplenty:jacaranda_slab:type=double' at index 33 in file 'minecraft:optifine/ctm/origin_oak_planks_ctm_sides.properties' in pack 'file/BOPPBR-FULL-RE1-v0.1.4.zip'
[17:31:24] [Worker-Main-7/WARN]: Unknown block 'biomesoplenty:palm_planks' in 'matchBlocks' element 'biomesoplenty:palm_planks' at index 34 in file 'minecraft:optifine/ctm/origin_oak_planks_ctm_sides.properties' in pack 'file/BOPPBR-FULL-RE1-v0.1.4.zip'
[17:31:24] [Worker-Main-7/WARN]: Unknown block 'biomesoplenty:palm_slab' in 'matchBlocks' element 'biomesoplenty:palm_slab:type=double' at index 35 in file 'minecraft:optifine/ctm/origin_oak_planks_ctm_sides.properties' in pack 'file/BOPPBR-FULL-RE1-v0.1.4.zip'
[17:31:24] [Worker-Main-7/WARN]: Unknown block 'biomesoplenty:willow_planks' in 'matchBlocks' element 'biomesoplenty:willow_planks' at index 36 in file 'minecraft:optifine/ctm/origin_oak_planks_ctm_sides.properties' in pack 'file/BOPPBR-FULL-RE1-v0.1.4.zip'
[17:31:24] [Worker-Main-7/WARN]: Unknown block 'biomesoplenty:willow_slab' in 'matchBlocks' element 'biomesoplenty:willow_slab:type=double' at index 37 in file 'minecraft:optifine/ctm/origin_oak_planks_ctm_sides.properties' in pack 'file/BOPPBR-FULL-RE1-v0.1.4.zip'
[17:31:24] [Worker-Main-7/WARN]: Unknown block 'biomesoplenty:dead_planks' in 'matchBlocks' element 'biomesoplenty:dead_planks' at index 38 in file 'minecraft:optifine/ctm/origin_oak_planks_ctm_sides.properties' in pack 'file/BOPPBR-FULL-RE1-v0.1.4.zip'
[17:31:24] [Worker-Main-7/WARN]: Unknown block 'biomesoplenty:dead_slab' in 'matchBlocks' element 'biomesoplenty:dead_slab:type=double' at index 39 in file 'minecraft:optifine/ctm/origin_oak_planks_ctm_sides.properties' in pack 'file/BOPPBR-FULL-RE1-v0.1.4.zip'
[17:31:24] [Worker-Main-7/WARN]: Unknown block 'biomesoplenty:magic_planks' in 'matchBlocks' element 'biomesoplenty:magic_planks' at index 40 in file 'minecraft:optifine/ctm/origin_oak_planks_ctm_sides.properties' in pack 'file/BOPPBR-FULL-RE1-v0.1.4.zip'
[17:31:24] [Worker-Main-7/WARN]: Unknown block 'biomesoplenty:magic_slab' in 'matchBlocks' element 'biomesoplenty:magic_slab:type=double' at index 41 in file 'minecraft:optifine/ctm/origin_oak_planks_ctm_sides.properties' in pack 'file/BOPPBR-FULL-RE1-v0.1.4.zip'
[17:31:24] [Worker-Main-7/WARN]: Unknown block 'biomesoplenty:umbran_planks' in 'matchBlocks' element 'biomesoplenty:umbran_planks' at index 42 in file 'minecraft:optifine/ctm/origin_oak_planks_ctm_sides.properties' in pack 'file/BOPPBR-FULL-RE1-v0.1.4.zip'
[17:31:24] [Worker-Main-7/WARN]: Unknown block 'biomesoplenty:umbran_slab' in 'matchBlocks' element 'biomesoplenty:umbran_slab:type=double' at index 43 in file 'minecraft:optifine/ctm/origin_oak_planks_ctm_sides.properties' in pack 'file/BOPPBR-FULL-RE1-v0.1.4.zip'
[17:31:24] [Worker-Main-7/WARN]: Unknown block 'biomesoplenty:hellbark_planks' in 'matchBlocks' element 'biomesoplenty:hellbark_planks' at index 44 in file 'minecraft:optifine/ctm/origin_oak_planks_ctm_sides.properties' in pack 'file/BOPPBR-FULL-RE1-v0.1.4.zip'
[17:31:24] [Worker-Main-7/WARN]: Unknown block 'biomesoplenty:hellbark_slab' in 'matchBlocks' element 'biomesoplenty:hellbark_slab:type=double' at index 45 in file 'minecraft:optifine/ctm/origin_oak_planks_ctm_sides.properties' in pack 'file/BOPPBR-FULL-RE1-v0.1.4.zip'
[17:31:24] [Worker-Main-7/WARN]: Unknown block 'biomesoplenty:empyreal_planks' in 'matchBlocks' element 'biomesoplenty:empyreal_planks' at index 46 in file 'minecraft:optifine/ctm/origin_oak_planks_ctm_sides.properties' in pack 'file/BOPPBR-FULL-RE1-v0.1.4.zip'
[17:31:24] [Worker-Main-7/WARN]: Unknown block 'biomesoplenty:empyreal_slab' in 'matchBlocks' element 'biomesoplenty:empyreal_slab:type=double' at index 47 in file 'minecraft:optifine/ctm/origin_oak_planks_ctm_sides.properties' in pack 'file/BOPPBR-FULL-RE1-v0.1.4.zip'
[17:31:24] [Worker-Main-7/WARN]: Unknown block 'biomesoplenty:origin_oak_planks' in 'connectBlocks' element 'biomesoplenty:origin_oak_planks' at index 0 in file 'minecraft:optifine/ctm/origin_oak_planks_ctm_sides.properties' in pack 'file/BOPPBR-FULL-RE1-v0.1.4.zip'
[17:31:24] [Worker-Main-7/WARN]: Unknown block 'biomesoplenty:fir_planks' in 'matchBlocks' element 'biomesoplenty:fir_planks' at index 44 in file 'minecraft:optifine/ctm/origin_oak_planks_ctm_top.properties' in pack 'file/BOPPBR-FULL-RE1-v0.1.4.zip'
[17:31:24] [Worker-Main-7/WARN]: Unknown block 'biomesoplenty:fir_stairs' in 'matchBlocks' element 'biomesoplenty:fir_stairs:half=top' at index 45 in file 'minecraft:optifine/ctm/origin_oak_planks_ctm_top.properties' in pack 'file/BOPPBR-FULL-RE1-v0.1.4.zip'
[17:31:24] [Worker-Main-7/WARN]: Unknown block 'biomesoplenty:fir_slab' in 'matchBlocks' element 'biomesoplenty:fir_slab:type=top' at index 46 in file 'minecraft:optifine/ctm/origin_oak_planks_ctm_top.properties' in pack 'file/BOPPBR-FULL-RE1-v0.1.4.zip'
[17:31:24] [Worker-Main-7/WARN]: Unknown block 'biomesoplenty:fir_slab' in 'matchBlocks' element 'biomesoplenty:fir_slab:type=double' at index 47 in file 'minecraft:optifine/ctm/origin_oak_planks_ctm_top.properties' in pack 'file/BOPPBR-FULL-RE1-v0.1.4.zip'
[17:31:24] [Worker-Main-7/WARN]: Unknown block 'biomesoplenty:pine_planks' in 'matchBlocks' element 'biomesoplenty:pine_planks' at index 48 in file 'minecraft:optifine/ctm/origin_oak_planks_ctm_top.properties' in pack 'file/BOPPBR-FULL-RE1-v0.1.4.zip'
[17:31:24] [Worker-Main-7/WARN]: Unknown block 'biomesoplenty:pine_stairs' in 'matchBlocks' element 'biomesoplenty:pine_stairs:half=top' at index 49 in file 'minecraft:optifine/ctm/origin_oak_planks_ctm_top.properties' in pack 'file/BOPPBR-FULL-RE1-v0.1.4.zip'
[17:31:24] [Worker-Main-7/WARN]: Unknown block 'biomesoplenty:pine_slab' in 'matchBlocks' element 'biomesoplenty:pine_slab:type=top' at index 50 in file 'minecraft:optifine/ctm/origin_oak_planks_ctm_top.properties' in pack 'file/BOPPBR-FULL-RE1-v0.1.4.zip'
[17:31:24] [Worker-Main-7/WARN]: Unknown block 'biomesoplenty:pine_slab' in 'matchBlocks' element 'biomesoplenty:pine_slab:type=double' at index 51 in file 'minecraft:optifine/ctm/origin_oak_planks_ctm_top.properties' in pack 'file/BOPPBR-FULL-RE1-v0.1.4.zip'
[17:31:24] [Worker-Main-7/WARN]: Unknown block 'biomesoplenty:maple_planks' in 'matchBlocks' element 'biomesoplenty:maple_planks' at index 52 in file 'minecraft:optifine/ctm/origin_oak_planks_ctm_top.properties' in pack 'file/BOPPBR-FULL-RE1-v0.1.4.zip'
[17:31:24] [Worker-Main-7/WARN]: Unknown block 'biomesoplenty:maple_stairs' in 'matchBlocks' element 'biomesoplenty:maple_stairs:half=top' at index 53 in file 'minecraft:optifine/ctm/origin_oak_planks_ctm_top.properties' in pack 'file/BOPPBR-FULL-RE1-v0.1.4.zip'
[17:31:24] [Worker-Main-7/WARN]: Unknown block 'biomesoplenty:maple_slab' in 'matchBlocks' element 'biomesoplenty:maple_slab:type=top' at index 54 in file 'minecraft:optifine/ctm/origin_oak_planks_ctm_top.properties' in pack 'file/BOPPBR-FULL-RE1-v0.1.4.zip'
[17:31:24] [Worker-Main-7/WARN]: Unknown block 'biomesoplenty:maple_slab' in 'matchBlocks' element 'biomesoplenty:maple_slab:type=double' at index 55 in file 'minecraft:optifine/ctm/origin_oak_planks_ctm_top.properties' in pack 'file/BOPPBR-FULL-RE1-v0.1.4.zip'
[17:31:24] [Worker-Main-7/WARN]: Unknown block 'biomesoplenty:redwood_planks' in 'matchBlocks' element 'biomesoplenty:redwood_planks' at index 56 in file 'minecraft:optifine/ctm/origin_oak_planks_ctm_top.properties' in pack 'file/BOPPBR-FULL-RE1-v0.1.4.zip'
[17:31:24] [Worker-Main-7/WARN]: Unknown block 'biomesoplenty:redwood_stairs' in 'matchBlocks' element 'biomesoplenty:redwood_stairs:half=top' at index 57 in file 'minecraft:optifine/ctm/origin_oak_planks_ctm_top.properties' in pack 'file/BOPPBR-FULL-RE1-v0.1.4.zip'
[17:31:24] [Worker-Main-7/WARN]: Unknown block 'biomesoplenty:redwood_slab' in 'matchBlocks' element 'biomesoplenty:redwood_slab:type=top' at index 58 in file 'minecraft:optifine/ctm/origin_oak_planks_ctm_top.properties' in pack 'file/BOPPBR-FULL-RE1-v0.1.4.zip'
[17:31:24] [Worker-Main-7/WARN]: Unknown block 'biomesoplenty:redwood_slab' in 'matchBlocks' element 'biomesoplenty:redwood_slab:type=double' at index 59 in file 'minecraft:optifine/ctm/origin_oak_planks_ctm_top.properties' in pack 'file/BOPPBR-FULL-RE1-v0.1.4.zip'
[17:31:24] [Worker-Main-7/WARN]: Unknown block 'biomesoplenty:mahogany_planks' in 'matchBlocks' element 'biomesoplenty:mahogany_planks' at index 60 in file 'minecraft:optifine/ctm/origin_oak_planks_ctm_top.properties' in pack 'file/BOPPBR-FULL-RE1-v0.1.4.zip'
[17:31:24] [Worker-Main-7/WARN]: Unknown block 'biomesoplenty:mahogany_stairs' in 'matchBlocks' element 'biomesoplenty:mahogany_stairs:half=top' at index 61 in file 'minecraft:optifine/ctm/origin_oak_planks_ctm_top.properties' in pack 'file/BOPPBR-FULL-RE1-v0.1.4.zip'
[17:31:24] [Worker-Main-7/WARN]: Unknown block 'biomesoplenty:mahogany_slab' in 'matchBlocks' element 'biomesoplenty:mahogany_slab:type=top' at index 62 in file 'minecraft:optifine/ctm/origin_oak_planks_ctm_top.properties' in pack 'file/BOPPBR-FULL-RE1-v0.1.4.zip'
[17:31:24] [Worker-Main-7/WARN]: Unknown block 'biomesoplenty:mahogany_slab' in 'matchBlocks' element 'biomesoplenty:mahogany_slab:type=double' at index 63 in file 'minecraft:optifine/ctm/origin_oak_planks_ctm_top.properties' in pack 'file/BOPPBR-FULL-RE1-v0.1.4.zip'
[17:31:24] [Worker-Main-7/WARN]: Unknown block 'biomesoplenty:jacaranda_planks' in 'matchBlocks' element 'biomesoplenty:jacaranda_planks' at index 64 in file 'minecraft:optifine/ctm/origin_oak_planks_ctm_top.properties' in pack 'file/BOPPBR-FULL-RE1-v0.1.4.zip'
[17:31:24] [Worker-Main-7/WARN]: Unknown block 'biomesoplenty:jacaranda_stairs' in 'matchBlocks' element 'biomesoplenty:jacaranda_stairs:half=top' at index 65 in file 'minecraft:optifine/ctm/origin_oak_planks_ctm_top.properties' in pack 'file/BOPPBR-FULL-RE1-v0.1.4.zip'
[17:31:24] [Worker-Main-7/WARN]: Unknown block 'biomesoplenty:jacaranda_slab' in 'matchBlocks' element 'biomesoplenty:jacaranda_slab:type=top' at index 66 in file 'minecraft:optifine/ctm/origin_oak_planks_ctm_top.properties' in pack 'file/BOPPBR-FULL-RE1-v0.1.4.zip'
[17:31:24] [Worker-Main-7/WARN]: Unknown block 'biomesoplenty:jacaranda_slab' in 'matchBlocks' element 'biomesoplenty:jacaranda_slab:type=double' at index 67 in file 'minecraft:optifine/ctm/origin_oak_planks_ctm_top.properties' in pack 'file/BOPPBR-FULL-RE1-v0.1.4.zip'
[17:31:24] [Worker-Main-7/WARN]: Unknown block 'biomesoplenty:palm_planks' in 'matchBlocks' element 'biomesoplenty:palm_planks' at index 68 in file 'minecraft:optifine/ctm/origin_oak_planks_ctm_top.properties' in pack 'file/BOPPBR-FULL-RE1-v0.1.4.zip'
[17:31:24] [Worker-Main-7/WARN]: Unknown block 'biomesoplenty:palm_stairs' in 'matchBlocks' element 'biomesoplenty:palm_stairs:half=top' at index 69 in file 'minecraft:optifine/ctm/origin_oak_planks_ctm_top.properties' in pack 'file/BOPPBR-FULL-RE1-v0.1.4.zip'
[17:31:24] [Worker-Main-7/WARN]: Unknown block 'biomesoplenty:palm_slab' in 'matchBlocks' element 'biomesoplenty:palm_slab:type=top' at index 70 in file 'minecraft:optifine/ctm/origin_oak_planks_ctm_top.properties' in pack 'file/BOPPBR-FULL-RE1-v0.1.4.zip'
[17:31:24] [Worker-Main-7/WARN]: Unknown block 'biomesoplenty:palm_slab' in 'matchBlocks' element 'biomesoplenty:palm_slab:type=double' at index 71 in file 'minecraft:optifine/ctm/origin_oak_planks_ctm_top.properties' in pack 'file/BOPPBR-FULL-RE1-v0.1.4.zip'
[17:31:24] [Worker-Main-7/WARN]: Unknown block 'biomesoplenty:willow_planks' in 'matchBlocks' element 'biomesoplenty:willow_planks' at index 72 in file 'minecraft:optifine/ctm/origin_oak_planks_ctm_top.properties' in pack 'file/BOPPBR-FULL-RE1-v0.1.4.zip'
[17:31:24] [Worker-Main-7/WARN]: Unknown block 'biomesoplenty:willow_stairs' in 'matchBlocks' element 'biomesoplenty:willow_stairs:half=top' at index 73 in file 'minecraft:optifine/ctm/origin_oak_planks_ctm_top.properties' in pack 'file/BOPPBR-FULL-RE1-v0.1.4.zip'
[17:31:24] [Worker-Main-7/WARN]: Unknown block 'biomesoplenty:willow_slab' in 'matchBlocks' element 'biomesoplenty:willow_slab:type=top' at index 74 in file 'minecraft:optifine/ctm/origin_oak_planks_ctm_top.properties' in pack 'file/BOPPBR-FULL-RE1-v0.1.4.zip'
[17:31:24] [Worker-Main-7/WARN]: Unknown block 'biomesoplenty:willow_slab' in 'matchBlocks' element 'biomesoplenty:willow_slab:type=double' at index 75 in file 'minecraft:optifine/ctm/origin_oak_planks_ctm_top.properties' in pack 'file/BOPPBR-FULL-RE1-v0.1.4.zip'
[17:31:24] [Worker-Main-7/WARN]: Unknown block 'biomesoplenty:dead_planks' in 'matchBlocks' element 'biomesoplenty:dead_planks' at index 76 in file 'minecraft:optifine/ctm/origin_oak_planks_ctm_top.properties' in pack 'file/BOPPBR-FULL-RE1-v0.1.4.zip'
[17:31:24] [Worker-Main-7/WARN]: Unknown block 'biomesoplenty:dead_stairs' in 'matchBlocks' element 'biomesoplenty:dead_stairs:half=top' at index 77 in file 'minecraft:optifine/ctm/origin_oak_planks_ctm_top.properties' in pack 'file/BOPPBR-FULL-RE1-v0.1.4.zip'
[17:31:24] [Worker-Main-7/WARN]: Unknown block 'biomesoplenty:dead_slab' in 'matchBlocks' element 'biomesoplenty:dead_slab:type=top' at index 78 in file 'minecraft:optifine/ctm/origin_oak_planks_ctm_top.properties' in pack 'file/BOPPBR-FULL-RE1-v0.1.4.zip'
[17:31:24] [Worker-Main-7/WARN]: Unknown block 'biomesoplenty:dead_slab' in 'matchBlocks' element 'biomesoplenty:dead_slab:type=double' at index 79 in file 'minecraft:optifine/ctm/origin_oak_planks_ctm_top.properties' in pack 'file/BOPPBR-FULL-RE1-v0.1.4.zip'
[17:31:24] [Worker-Main-7/WARN]: Unknown block 'biomesoplenty:magic_planks' in 'matchBlocks' element 'biomesoplenty:magic_planks' at index 80 in file 'minecraft:optifine/ctm/origin_oak_planks_ctm_top.properties' in pack 'file/BOPPBR-FULL-RE1-v0.1.4.zip'
[17:31:24] [Worker-Main-7/WARN]: Unknown block 'biomesoplenty:magic_stairs' in 'matchBlocks' element 'biomesoplenty:magic_stairs:half=top' at index 81 in file 'minecraft:optifine/ctm/origin_oak_planks_ctm_top.properties' in pack 'file/BOPPBR-FULL-RE1-v0.1.4.zip'
[17:31:24] [Worker-Main-7/WARN]: Unknown block 'biomesoplenty:magic_slab' in 'matchBlocks' element 'biomesoplenty:magic_slab:type=top' at index 82 in file 'minecraft:optifine/ctm/origin_oak_planks_ctm_top.properties' in pack 'file/BOPPBR-FULL-RE1-v0.1.4.zip'
[17:31:24] [Worker-Main-7/WARN]: Unknown block 'biomesoplenty:magic_slab' in 'matchBlocks' element 'biomesoplenty:magic_slab:type=double' at index 83 in file 'minecraft:optifine/ctm/origin_oak_planks_ctm_top.properties' in pack 'file/BOPPBR-FULL-RE1-v0.1.4.zip'
[17:31:24] [Worker-Main-7/WARN]: Unknown block 'biomesoplenty:umbran_planks' in 'matchBlocks' element 'biomesoplenty:umbran_planks' at index 84 in file 'minecraft:optifine/ctm/origin_oak_planks_ctm_top.properties' in pack 'file/BOPPBR-FULL-RE1-v0.1.4.zip'
[17:31:24] [Worker-Main-7/WARN]: Unknown block 'biomesoplenty:umbran_stairs' in 'matchBlocks' element 'biomesoplenty:umbran_stairs:half=top' at index 85 in file 'minecraft:optifine/ctm/origin_oak_planks_ctm_top.properties' in pack 'file/BOPPBR-FULL-RE1-v0.1.4.zip'
[17:31:24] [Worker-Main-7/WARN]: Unknown block 'biomesoplenty:umbran_slab' in 'matchBlocks' element 'biomesoplenty:umbran_slab:type=top' at index 86 in file 'minecraft:optifine/ctm/origin_oak_planks_ctm_top.properties' in pack 'file/BOPPBR-FULL-RE1-v0.1.4.zip'
[17:31:24] [Worker-Main-7/WARN]: Unknown block 'biomesoplenty:umbran_slab' in 'matchBlocks' element 'biomesoplenty:umbran_slab:type=double' at index 87 in file 'minecraft:optifine/ctm/origin_oak_planks_ctm_top.properties' in pack 'file/BOPPBR-FULL-RE1-v0.1.4.zip'
[17:31:24] [Worker-Main-7/WARN]: Unknown block 'biomesoplenty:hellbark_planks' in 'matchBlocks' element 'biomesoplenty:hellbark_planks' at index 88 in file 'minecraft:optifine/ctm/origin_oak_planks_ctm_top.properties' in pack 'file/BOPPBR-FULL-RE1-v0.1.4.zip'
[17:31:24] [Worker-Main-7/WARN]: Unknown block 'biomesoplenty:hellbark_stairs' in 'matchBlocks' element 'biomesoplenty:hellbark_stairs:half=top' at index 89 in file 'minecraft:optifine/ctm/origin_oak_planks_ctm_top.properties' in pack 'file/BOPPBR-FULL-RE1-v0.1.4.zip'
[17:31:24] [Worker-Main-7/WARN]: Unknown block 'biomesoplenty:hellbark_slab' in 'matchBlocks' element 'biomesoplenty:hellbark_slab:type=top' at index 90 in file 'minecraft:optifine/ctm/origin_oak_planks_ctm_top.properties' in pack 'file/BOPPBR-FULL-RE1-v0.1.4.zip'
[17:31:24] [Worker-Main-7/WARN]: Unknown block 'biomesoplenty:hellbark_slab' in 'matchBlocks' element 'biomesoplenty:hellbark_slab:type=double' at index 91 in file 'minecraft:optifine/ctm/origin_oak_planks_ctm_top.properties' in pack 'file/BOPPBR-FULL-RE1-v0.1.4.zip'
[17:31:24] [Worker-Main-7/WARN]: Unknown block 'biomesoplenty:empyreal_planks' in 'matchBlocks' element 'biomesoplenty:empyreal_planks' at index 92 in file 'minecraft:optifine/ctm/origin_oak_planks_ctm_top.properties' in pack 'file/BOPPBR-FULL-RE1-v0.1.4.zip'
[17:31:24] [Worker-Main-7/WARN]: Unknown block 'biomesoplenty:empyreal_stairs' in 'matchBlocks' element 'biomesoplenty:empyreal_stairs:half=top' at index 93 in file 'minecraft:optifine/ctm/origin_oak_planks_ctm_top.properties' in pack 'file/BOPPBR-FULL-RE1-v0.1.4.zip'
[17:31:24] [Worker-Main-7/WARN]: Unknown block 'biomesoplenty:empyreal_slab' in 'matchBlocks' element 'biomesoplenty:empyreal_slab:type=top' at index 94 in file 'minecraft:optifine/ctm/origin_oak_planks_ctm_top.properties' in pack 'file/BOPPBR-FULL-RE1-v0.1.4.zip'
[17:31:24] [Worker-Main-7/WARN]: Unknown block 'biomesoplenty:empyreal_slab' in 'matchBlocks' element 'biomesoplenty:empyreal_slab:type=double' at index 95 in file 'minecraft:optifine/ctm/origin_oak_planks_ctm_top.properties' in pack 'file/BOPPBR-FULL-RE1-v0.1.4.zip'
[17:31:24] [Worker-Main-7/WARN]: Unknown block 'biomesoplenty:origin_oak_planks' in 'connectBlocks' element 'biomesoplenty:origin_oak_planks' at index 0 in file 'minecraft:optifine/ctm/origin_oak_planks_ctm_top.properties' in pack 'file/BOPPBR-FULL-RE1-v0.1.4.zip'
[17:31:24] [Worker-Main-7/WARN]: Unknown block 'biomesoplenty:palm_planks' in 'connectBlocks' element 'biomesoplenty:palm_planks' at index 0 in file 'minecraft:optifine/ctm/palm_planks_ctm.properties' in pack 'file/BOPPBR-FULL-RE1-v0.1.4.zip'
[17:31:24] [Worker-Main-7/WARN]: Unknown block 'biomesoplenty:origin_oak_planks' in 'matchBlocks' element 'biomesoplenty:origin_oak_planks' at index 44 in file 'minecraft:optifine/ctm/palm_planks_ctm_bottom.properties' in pack 'file/BOPPBR-FULL-RE1-v0.1.4.zip'
[17:31:24] [Worker-Main-7/WARN]: Unknown block 'biomesoplenty:origin_oak_stairs' in 'matchBlocks' element 'biomesoplenty:origin_oak_stairs:half=bottom' at index 45 in file 'minecraft:optifine/ctm/palm_planks_ctm_bottom.properties' in pack 'file/BOPPBR-FULL-RE1-v0.1.4.zip'
[17:31:24] [Worker-Main-7/WARN]: Unknown block 'biomesoplenty:origin_oak_slab' in 'matchBlocks' element 'biomesoplenty:origin_oak_slab:type=bottom' at index 46 in file 'minecraft:optifine/ctm/palm_planks_ctm_bottom.properties' in pack 'file/BOPPBR-FULL-RE1-v0.1.4.zip'
[17:31:24] [Worker-Main-7/WARN]: Unknown block 'biomesoplenty:origin_oak_slab' in 'matchBlocks' element 'biomesoplenty:origin_oak_slab:type=double' at index 47 in file 'minecraft:optifine/ctm/palm_planks_ctm_bottom.properties' in pack 'file/BOPPBR-FULL-RE1-v0.1.4.zip'
[17:31:24] [Worker-Main-7/WARN]: Unknown block 'biomesoplenty:fir_planks' in 'matchBlocks' element 'biomesoplenty:fir_planks' at index 48 in file 'minecraft:optifine/ctm/palm_planks_ctm_bottom.properties' in pack 'file/BOPPBR-FULL-RE1-v0.1.4.zip'
[17:31:24] [Worker-Main-7/WARN]: Unknown block 'biomesoplenty:fir_stairs' in 'matchBlocks' element 'biomesoplenty:fir_stairs:half=bottom' at index 49 in file 'minecraft:optifine/ctm/palm_planks_ctm_bottom.properties' in pack 'file/BOPPBR-FULL-RE1-v0.1.4.zip'
[17:31:24] [Worker-Main-7/WARN]: Unknown block 'biomesoplenty:fir_slab' in 'matchBlocks' element 'biomesoplenty:fir_slab:type=bottom' at index 50 in file 'minecraft:optifine/ctm/palm_planks_ctm_bottom.properties' in pack 'file/BOPPBR-FULL-RE1-v0.1.4.zip'
[17:31:24] [Worker-Main-7/WARN]: Unknown block 'biomesoplenty:fir_slab' in 'matchBlocks' element 'biomesoplenty:fir_slab:type=double' at index 51 in file 'minecraft:optifine/ctm/palm_planks_ctm_bottom.properties' in pack 'file/BOPPBR-FULL-RE1-v0.1.4.zip'
[17:31:24] [Worker-Main-7/WARN]: Unknown block 'biomesoplenty:pine_planks' in 'matchBlocks' element 'biomesoplenty:pine_planks' at index 52 in file 'minecraft:optifine/ctm/palm_planks_ctm_bottom.properties' in pack 'file/BOPPBR-FULL-RE1-v0.1.4.zip'
[17:31:24] [Worker-Main-7/WARN]: Unknown block 'biomesoplenty:pine_stairs' in 'matchBlocks' element 'biomesoplenty:pine_stairs:half=bottom' at index 53 in file 'minecraft:optifine/ctm/palm_planks_ctm_bottom.properties' in pack 'file/BOPPBR-FULL-RE1-v0.1.4.zip'
[17:31:24] [Worker-Main-7/WARN]: Unknown block 'biomesoplenty:pine_slab' in 'matchBlocks' element 'biomesoplenty:pine_slab:type=bottom' at index 54 in file 'minecraft:optifine/ctm/palm_planks_ctm_bottom.properties' in pack 'file/BOPPBR-FULL-RE1-v0.1.4.zip'
[17:31:24] [Worker-Main-7/WARN]: Unknown block 'biomesoplenty:pine_slab' in 'matchBlocks' element 'biomesoplenty:pine_slab:type=double' at index 55 in file 'minecraft:optifine/ctm/palm_planks_ctm_bottom.properties' in pack 'file/BOPPBR-FULL-RE1-v0.1.4.zip'
[17:31:24] [Worker-Main-7/WARN]: Unknown block 'biomesoplenty:maple_planks' in 'matchBlocks' element 'biomesoplenty:maple_planks' at index 56 in file 'minecraft:optifine/ctm/palm_planks_ctm_bottom.properties' in pack 'file/BOPPBR-FULL-RE1-v0.1.4.zip'
[17:31:24] [Worker-Main-7/WARN]: Unknown block 'biomesoplenty:maple_stairs' in 'matchBlocks' element 'biomesoplenty:maple_stairs:half=bottom' at index 57 in file 'minecraft:optifine/ctm/palm_planks_ctm_bottom.properties' in pack 'file/BOPPBR-FULL-RE1-v0.1.4.zip'
[17:31:24] [Worker-Main-7/WARN]: Unknown block 'biomesoplenty:maple_slab' in 'matchBlocks' element 'biomesoplenty:maple_slab:type=bottom' at index 58 in file 'minecraft:optifine/ctm/palm_planks_ctm_bottom.properties' in pack 'file/BOPPBR-FULL-RE1-v0.1.4.zip'
[17:31:24] [Worker-Main-7/WARN]: Unknown block 'biomesoplenty:maple_slab' in 'matchBlocks' element 'biomesoplenty:maple_slab:type=double' at index 59 in file 'minecraft:optifine/ctm/palm_planks_ctm_bottom.properties' in pack 'file/BOPPBR-FULL-RE1-v0.1.4.zip'
[17:31:24] [Worker-Main-7/WARN]: Unknown block 'biomesoplenty:redwood_planks' in 'matchBlocks' element 'biomesoplenty:redwood_planks' at index 60 in file 'minecraft:optifine/ctm/palm_planks_ctm_bottom.properties' in pack 'file/BOPPBR-FULL-RE1-v0.1.4.zip'
[17:31:24] [Worker-Main-7/WARN]: Unknown block 'biomesoplenty:redwood_stairs' in 'matchBlocks' element 'biomesoplenty:redwood_stairs:half=bottom' at index 61 in file 'minecraft:optifine/ctm/palm_planks_ctm_bottom.properties' in pack 'file/BOPPBR-FULL-RE1-v0.1.4.zip'
[17:31:24] [Worker-Main-7/WARN]: Unknown block 'biomesoplenty:redwood_slab' in 'matchBlocks' element 'biomesoplenty:redwood_slab:type=bottom' at index 62 in file 'minecraft:optifine/ctm/palm_planks_ctm_bottom.properties' in pack 'file/BOPPBR-FULL-RE1-v0.1.4.zip'
[17:31:24] [Worker-Main-7/WARN]: Unknown block 'biomesoplenty:redwood_slab' in 'matchBlocks' element 'biomesoplenty:redwood_slab:type=double' at index 63 in file 'minecraft:optifine/ctm/palm_planks_ctm_bottom.properties' in pack 'file/BOPPBR-FULL-RE1-v0.1.4.zip'
[17:31:24] [Worker-Main-7/WARN]: Unknown block 'biomesoplenty:mahogany_planks' in 'matchBlocks' element 'biomesoplenty:mahogany_planks' at index 64 in file 'minecraft:optifine/ctm/palm_planks_ctm_bottom.properties' in pack 'file/BOPPBR-FULL-RE1-v0.1.4.zip'
[17:31:24] [Worker-Main-7/WARN]: Unknown block 'biomesoplenty:mahogany_stairs' in 'matchBlocks' element 'biomesoplenty:mahogany_stairs:half=bottom' at index 65 in file 'minecraft:optifine/ctm/palm_planks_ctm_bottom.properties' in pack 'file/BOPPBR-FULL-RE1-v0.1.4.zip'
[17:31:24] [Worker-Main-7/WARN]: Unknown block 'biomesoplenty:mahogany_slab' in 'matchBlocks' element 'biomesoplenty:mahogany_slab:type=bottom' at index 66 in file 'minecraft:optifine/ctm/palm_planks_ctm_bottom.properties' in pack 'file/BOPPBR-FULL-RE1-v0.1.4.zip'
[17:31:24] [Worker-Main-7/WARN]: Unknown block 'biomesoplenty:mahogany_slab' in 'matchBlocks' element 'biomesoplenty:mahogany_slab:type=double' at index 67 in file 'minecraft:optifine/ctm/palm_planks_ctm_bottom.properties' in pack 'file/BOPPBR-FULL-RE1-v0.1.4.zip'
[17:31:24] [Worker-Main-7/WARN]: Unknown block 'biomesoplenty:jacaranda_planks' in 'matchBlocks' element 'biomesoplenty:jacaranda_planks' at index 68 in file 'minecraft:optifine/ctm/palm_planks_ctm_bottom.properties' in pack 'file/BOPPBR-FULL-RE1-v0.1.4.zip'
[17:31:24] [Worker-Main-7/WARN]: Unknown block 'biomesoplenty:jacaranda_stairs' in 'matchBlocks' element 'biomesoplenty:jacaranda_stairs:half=bottom' at index 69 in file 'minecraft:optifine/ctm/palm_planks_ctm_bottom.properties' in pack 'file/BOPPBR-FULL-RE1-v0.1.4.zip'
[17:31:24] [Worker-Main-7/WARN]: Unknown block 'biomesoplenty:jacaranda_slab' in 'matchBlocks' element 'biomesoplenty:jacaranda_slab:type=bottom' at index 70 in file 'minecraft:optifine/ctm/palm_planks_ctm_bottom.properties' in pack 'file/BOPPBR-FULL-RE1-v0.1.4.zip'
[17:31:24] [Worker-Main-7/WARN]: Unknown block 'biomesoplenty:jacaranda_slab' in 'matchBlocks' element 'biomesoplenty:jacaranda_slab:type=double' at index 71 in file 'minecraft:optifine/ctm/palm_planks_ctm_bottom.properties' in pack 'file/BOPPBR-FULL-RE1-v0.1.4.zip'
[17:31:24] [Worker-Main-7/WARN]: Unknown block 'biomesoplenty:willow_planks' in 'matchBlocks' element 'biomesoplenty:willow_planks' at index 72 in file 'minecraft:optifine/ctm/palm_planks_ctm_bottom.properties' in pack 'file/BOPPBR-FULL-RE1-v0.1.4.zip'
[17:31:24] [Worker-Main-7/WARN]: Unknown block 'biomesoplenty:willow_stairs' in 'matchBlocks' element 'biomesoplenty:willow_stairs:half=bottom' at index 73 in file 'minecraft:optifine/ctm/palm_planks_ctm_bottom.properties' in pack 'file/BOPPBR-FULL-RE1-v0.1.4.zip'
[17:31:24] [Worker-Main-7/WARN]: Unknown block 'biomesoplenty:willow_slab' in 'matchBlocks' element 'biomesoplenty:willow_slab:type=bottom' at index 74 in file 'minecraft:optifine/ctm/palm_planks_ctm_bottom.properties' in pack 'file/BOPPBR-FULL-RE1-v0.1.4.zip'
[17:31:24] [Worker-Main-7/WARN]: Unknown block 'biomesoplenty:willow_slab' in 'matchBlocks' element 'biomesoplenty:willow_slab:type=double' at index 75 in file 'minecraft:optifine/ctm/palm_planks_ctm_bottom.properties' in pack 'file/BOPPBR-FULL-RE1-v0.1.4.zip'
[17:31:24] [Worker-Main-7/WARN]: Unknown block 'biomesoplenty:dead_planks' in 'matchBlocks' element 'biomesoplenty:dead_planks' at index 76 in file 'minecraft:optifine/ctm/palm_planks_ctm_bottom.properties' in pack 'file/BOPPBR-FULL-RE1-v0.1.4.zip'
[17:31:24] [Worker-Main-7/WARN]: Unknown block 'biomesoplenty:dead_stairs' in 'matchBlocks' element 'biomesoplenty:dead_stairs:half=bottom' at index 77 in file 'minecraft:optifine/ctm/palm_planks_ctm_bottom.properties' in pack 'file/BOPPBR-FULL-RE1-v0.1.4.zip'
[17:31:24] [Worker-Main-7/WARN]: Unknown block 'biomesoplenty:dead_slab' in 'matchBlocks' element 'biomesoplenty:dead_slab:type=bottom' at index 78 in file 'minecraft:optifine/ctm/palm_planks_ctm_bottom.properties' in pack 'file/BOPPBR-FULL-RE1-v0.1.4.zip'
[17:31:24] [Worker-Main-7/WARN]: Unknown block 'biomesoplenty:dead_slab' in 'matchBlocks' element 'biomesoplenty:dead_slab:type=double' at index 79 in file 'minecraft:optifine/ctm/palm_planks_ctm_bottom.properties' in pack 'file/BOPPBR-FULL-RE1-v0.1.4.zip'
[17:31:24] [Worker-Main-7/WARN]: Unknown block 'biomesoplenty:magic_planks' in 'matchBlocks' element 'biomesoplenty:magic_planks' at index 80 in file 'minecraft:optifine/ctm/palm_planks_ctm_bottom.properties' in pack 'file/BOPPBR-FULL-RE1-v0.1.4.zip'
[17:31:24] [Worker-Main-7/WARN]: Unknown block 'biomesoplenty:magic_stairs' in 'matchBlocks' element 'biomesoplenty:magic_stairs:half=bottom' at index 81 in file 'minecraft:optifine/ctm/palm_planks_ctm_bottom.properties' in pack 'file/BOPPBR-FULL-RE1-v0.1.4.zip'
[17:31:24] [Worker-Main-7/WARN]: Unknown block 'biomesoplenty:magic_slab' in 'matchBlocks' element 'biomesoplenty:magic_slab:type=bottom' at index 82 in file 'minecraft:optifine/ctm/palm_planks_ctm_bottom.properties' in pack 'file/BOPPBR-FULL-RE1-v0.1.4.zip'
[17:31:24] [Worker-Main-7/WARN]: Unknown block 'biomesoplenty:magic_slab' in 'matchBlocks' element 'biomesoplenty:magic_slab:type=double' at index 83 in file 'minecraft:optifine/ctm/palm_planks_ctm_bottom.properties' in pack 'file/BOPPBR-FULL-RE1-v0.1.4.zip'
[17:31:24] [Worker-Main-7/WARN]: Unknown block 'biomesoplenty:umbran_planks' in 'matchBlocks' element 'biomesoplenty:umbran_planks' at index 84 in file 'minecraft:optifine/ctm/palm_planks_ctm_bottom.properties' in pack 'file/BOPPBR-FULL-RE1-v0.1.4.zip'
[17:31:24] [Worker-Main-7/WARN]: Unknown block 'biomesoplenty:umbran_stairs' in 'matchBlocks' element 'biomesoplenty:umbran_stairs:half=bottom' at index 85 in file 'minecraft:optifine/ctm/palm_planks_ctm_bottom.properties' in pack 'file/BOPPBR-FULL-RE1-v0.1.4.zip'
[17:31:24] [Worker-Main-7/WARN]: Unknown block 'biomesoplenty:umbran_slab' in 'matchBlocks' element 'biomesoplenty:umbran_slab:type=bottom' at index 86 in file 'minecraft:optifine/ctm/palm_planks_ctm_bottom.properties' in pack 'file/BOPPBR-FULL-RE1-v0.1.4.zip'
[17:31:24] [Worker-Main-7/WARN]: Unknown block 'biomesoplenty:umbran_slab' in 'matchBlocks' element 'biomesoplenty:umbran_slab:type=double' at index 87 in file 'minecraft:optifine/ctm/palm_planks_ctm_bottom.properties' in pack 'file/BOPPBR-FULL-RE1-v0.1.4.zip'
[17:31:24] [Worker-Main-7/WARN]: Unknown block 'biomesoplenty:hellbark_planks' in 'matchBlocks' element 'biomesoplenty:hellbark_planks' at index 88 in file 'minecraft:optifine/ctm/palm_planks_ctm_bottom.properties' in pack 'file/BOPPBR-FULL-RE1-v0.1.4.zip'
[17:31:24] [Worker-Main-7/WARN]: Unknown block 'biomesoplenty:hellbark_stairs' in 'matchBlocks' element 'biomesoplenty:hellbark_stairs:half=bottom' at index 89 in file 'minecraft:optifine/ctm/palm_planks_ctm_bottom.properties' in pack 'file/BOPPBR-FULL-RE1-v0.1.4.zip'
[17:31:24] [Worker-Main-7/WARN]: Unknown block 'biomesoplenty:hellbark_slab' in 'matchBlocks' element 'biomesoplenty:hellbark_slab:type=bottom' at index 90 in file 'minecraft:optifine/ctm/palm_planks_ctm_bottom.properties' in pack 'file/BOPPBR-FULL-RE1-v0.1.4.zip'
[17:31:24] [Worker-Main-7/WARN]: Unknown block 'biomesoplenty:hellbark_slab' in 'matchBlocks' element 'biomesoplenty:hellbark_slab:type=double' at index 91 in file 'minecraft:optifine/ctm/palm_planks_ctm_bottom.properties' in pack 'file/BOPPBR-FULL-RE1-v0.1.4.zip'
[17:31:24] [Worker-Main-7/WARN]: Unknown block 'biomesoplenty:empyreal_planks' in 'matchBlocks' element 'biomesoplenty:empyreal_planks' at index 92 in file 'minecraft:optifine/ctm/palm_planks_ctm_bottom.properties' in pack 'file/BOPPBR-FULL-RE1-v0.1.4.zip'
[17:31:24] [Worker-Main-7/WARN]: Unknown block 'biomesoplenty:empyreal_stairs' in 'matchBlocks' element 'biomesoplenty:empyreal_stairs:half=bottom' at index 93 in file 'minecraft:optifine/ctm/palm_planks_ctm_bottom.properties' in pack 'file/BOPPBR-FULL-RE1-v0.1.4.zip'
[17:31:24] [Worker-Main-7/WARN]: Unknown block 'biomesoplenty:empyreal_slab' in 'matchBlocks' element 'biomesoplenty:empyreal_slab:type=bottom' at index 94 in file 'minecraft:optifine/ctm/palm_planks_ctm_bottom.properties' in pack 'file/BOPPBR-FULL-RE1-v0.1.4.zip'
[17:31:24] [Worker-Main-7/WARN]: Unknown block 'biomesoplenty:empyreal_slab' in 'matchBlocks' element 'biomesoplenty:empyreal_slab:type=double' at index 95 in file 'minecraft:optifine/ctm/palm_planks_ctm_bottom.properties' in pack 'file/BOPPBR-FULL-RE1-v0.1.4.zip'
[17:31:24] [Worker-Main-7/WARN]: Unknown block 'biomesoplenty:palm_planks' in 'connectBlocks' element 'biomesoplenty:palm_planks' at index 0 in file 'minecraft:optifine/ctm/palm_planks_ctm_bottom.properties' in pack 'file/BOPPBR-FULL-RE1-v0.1.4.zip'
[17:31:24] [Worker-Main-7/WARN]: Unknown block 'biomesoplenty:origin_oak_planks' in 'matchBlocks' element 'biomesoplenty:origin_oak_planks' at index 22 in file 'minecraft:optifine/ctm/palm_planks_ctm_sides.properties' in pack 'file/BOPPBR-FULL-RE1-v0.1.4.zip'
[17:31:24] [Worker-Main-7/WARN]: Unknown block 'biomesoplenty:origin_oak_slab' in 'matchBlocks' element 'biomesoplenty:origin_oak_slab:type=double' at index 23 in file 'minecraft:optifine/ctm/palm_planks_ctm_sides.properties' in pack 'file/BOPPBR-FULL-RE1-v0.1.4.zip'
[17:31:24] [Worker-Main-7/WARN]: Unknown block 'biomesoplenty:fir_planks' in 'matchBlocks' element 'biomesoplenty:fir_planks' at index 24 in file 'minecraft:optifine/ctm/palm_planks_ctm_sides.properties' in pack 'file/BOPPBR-FULL-RE1-v0.1.4.zip'
[17:31:24] [Worker-Main-7/WARN]: Unknown block 'biomesoplenty:fir_slab' in 'matchBlocks' element 'biomesoplenty:fir_slab:type=double' at index 25 in file 'minecraft:optifine/ctm/palm_planks_ctm_sides.properties' in pack 'file/BOPPBR-FULL-RE1-v0.1.4.zip'
[17:31:24] [Worker-Main-7/WARN]: Unknown block 'biomesoplenty:pine_planks' in 'matchBlocks' element 'biomesoplenty:pine_planks' at index 26 in file 'minecraft:optifine/ctm/palm_planks_ctm_sides.properties' in pack 'file/BOPPBR-FULL-RE1-v0.1.4.zip'
[17:31:24] [Worker-Main-7/WARN]: Unknown block 'biomesoplenty:pine_slab' in 'matchBlocks' element 'biomesoplenty:pine_slab:type=double' at index 27 in file 'minecraft:optifine/ctm/palm_planks_ctm_sides.properties' in pack 'file/BOPPBR-FULL-RE1-v0.1.4.zip'
[17:31:24] [Worker-Main-7/WARN]: Unknown block 'biomesoplenty:maple_planks' in 'matchBlocks' element 'biomesoplenty:maple_planks' at index 28 in file 'minecraft:optifine/ctm/palm_planks_ctm_sides.properties' in pack 'file/BOPPBR-FULL-RE1-v0.1.4.zip'
[17:31:24] [Worker-Main-7/WARN]: Unknown block 'biomesoplenty:maple_slab' in 'matchBlocks' element 'biomesoplenty:maple_slab:type=double' at index 29 in file 'minecraft:optifine/ctm/palm_planks_ctm_sides.properties' in pack 'file/BOPPBR-FULL-RE1-v0.1.4.zip'
[17:31:24] [Worker-Main-7/WARN]: Unknown block 'biomesoplenty:redwood_planks' in 'matchBlocks' element 'biomesoplenty:redwood_planks' at index 30 in file 'minecraft:optifine/ctm/palm_planks_ctm_sides.properties' in pack 'file/BOPPBR-FULL-RE1-v0.1.4.zip'
[17:31:24] [Worker-Main-7/WARN]: Unknown block 'biomesoplenty:redwood_slab' in 'matchBlocks' element 'biomesoplenty:redwood_slab:type=double' at index 31 in file 'minecraft:optifine/ctm/palm_planks_ctm_sides.properties' in pack 'file/BOPPBR-FULL-RE1-v0.1.4.zip'
[17:31:24] [Worker-Main-7/WARN]: Unknown block 'biomesoplenty:mahogany_planks' in 'matchBlocks' element 'biomesoplenty:mahogany_planks' at index 32 in file 'minecraft:optifine/ctm/palm_planks_ctm_sides.properties' in pack 'file/BOPPBR-FULL-RE1-v0.1.4.zip'
[17:31:24] [Worker-Main-7/WARN]: Unknown block 'biomesoplenty:mahogany_slab' in 'matchBlocks' element 'biomesoplenty:mahogany_slab:type=double' at index 33 in file 'minecraft:optifine/ctm/palm_planks_ctm_sides.properties' in pack 'file/BOPPBR-FULL-RE1-v0.1.4.zip'
[17:31:24] [Worker-Main-7/WARN]: Unknown block 'biomesoplenty:jacaranda_planks' in 'matchBlocks' element 'biomesoplenty:jacaranda_planks' at index 34 in file 'minecraft:optifine/ctm/palm_planks_ctm_sides.properties' in pack 'file/BOPPBR-FULL-RE1-v0.1.4.zip'
[17:31:24] [Worker-Main-7/WARN]: Unknown block 'biomesoplenty:jacaranda_slab' in 'matchBlocks' element 'biomesoplenty:jacaranda_slab:type=double' at index 35 in file 'minecraft:optifine/ctm/palm_planks_ctm_sides.properties' in pack 'file/BOPPBR-FULL-RE1-v0.1.4.zip'
[17:31:24] [Worker-Main-7/WARN]: Unknown block 'biomesoplenty:willow_planks' in 'matchBlocks' element 'biomesoplenty:willow_planks' at index 36 in file 'minecraft:optifine/ctm/palm_planks_ctm_sides.properties' in pack 'file/BOPPBR-FULL-RE1-v0.1.4.zip'
[17:31:24] [Worker-Main-7/WARN]: Unknown block 'biomesoplenty:willow_slab' in 'matchBlocks' element 'biomesoplenty:willow_slab:type=double' at index 37 in file 'minecraft:optifine/ctm/palm_planks_ctm_sides.properties' in pack 'file/BOPPBR-FULL-RE1-v0.1.4.zip'
[17:31:24] [Worker-Main-7/WARN]: Unknown block 'biomesoplenty:dead_planks' in 'matchBlocks' element 'biomesoplenty:dead_planks' at index 38 in file 'minecraft:optifine/ctm/palm_planks_ctm_sides.properties' in pack 'file/BOPPBR-FULL-RE1-v0.1.4.zip'
[17:31:24] [Worker-Main-7/WARN]: Unknown block 'biomesoplenty:dead_slab' in 'matchBlocks' element 'biomesoplenty:dead_slab:type=double' at index 39 in file 'minecraft:optifine/ctm/palm_planks_ctm_sides.properties' in pack 'file/BOPPBR-FULL-RE1-v0.1.4.zip'
[17:31:24] [Worker-Main-7/WARN]: Unknown block 'biomesoplenty:magic_planks' in 'matchBlocks' element 'biomesoplenty:magic_planks' at index 40 in file 'minecraft:optifine/ctm/palm_planks_ctm_sides.properties' in pack 'file/BOPPBR-FULL-RE1-v0.1.4.zip'
[17:31:24] [Worker-Main-7/WARN]: Unknown block 'biomesoplenty:magic_slab' in 'matchBlocks' element 'biomesoplenty:magic_slab:type=double' at index 41 in file 'minecraft:optifine/ctm/palm_planks_ctm_sides.properties' in pack 'file/BOPPBR-FULL-RE1-v0.1.4.zip'
[17:31:24] [Worker-Main-7/WARN]: Unknown block 'biomesoplenty:umbran_planks' in 'matchBlocks' element 'biomesoplenty:umbran_planks' at index 42 in file 'minecraft:optifine/ctm/palm_planks_ctm_sides.properties' in pack 'file/BOPPBR-FULL-RE1-v0.1.4.zip'
[17:31:24] [Worker-Main-7/WARN]: Unknown block 'biomesoplenty:umbran_slab' in 'matchBlocks' element 'biomesoplenty:umbran_slab:type=double' at index 43 in file 'minecraft:optifine/ctm/palm_planks_ctm_sides.properties' in pack 'file/BOPPBR-FULL-RE1-v0.1.4.zip'
[17:31:24] [Worker-Main-7/WARN]: Unknown block 'biomesoplenty:hellbark_planks' in 'matchBlocks' element 'biomesoplenty:hellbark_planks' at index 44 in file 'minecraft:optifine/ctm/palm_planks_ctm_sides.properties' in pack 'file/BOPPBR-FULL-RE1-v0.1.4.zip'
[17:31:24] [Worker-Main-7/WARN]: Unknown block 'biomesoplenty:hellbark_slab' in 'matchBlocks' element 'biomesoplenty:hellbark_slab:type=double' at index 45 in file 'minecraft:optifine/ctm/palm_planks_ctm_sides.properties' in pack 'file/BOPPBR-FULL-RE1-v0.1.4.zip'
[17:31:24] [Worker-Main-7/WARN]: Unknown block 'biomesoplenty:empyreal_planks' in 'matchBlocks' element 'biomesoplenty:empyreal_planks' at index 46 in file 'minecraft:optifine/ctm/palm_planks_ctm_sides.properties' in pack 'file/BOPPBR-FULL-RE1-v0.1.4.zip'
[17:31:24] [Worker-Main-7/WARN]: Unknown block 'biomesoplenty:empyreal_slab' in 'matchBlocks' element 'biomesoplenty:empyreal_slab:type=double' at index 47 in file 'minecraft:optifine/ctm/palm_planks_ctm_sides.properties' in pack 'file/BOPPBR-FULL-RE1-v0.1.4.zip'
[17:31:24] [Worker-Main-7/WARN]: Unknown block 'biomesoplenty:palm_planks' in 'connectBlocks' element 'biomesoplenty:palm_planks' at index 0 in file 'minecraft:optifine/ctm/palm_planks_ctm_sides.properties' in pack 'file/BOPPBR-FULL-RE1-v0.1.4.zip'
[17:31:24] [Worker-Main-7/WARN]: Unknown block 'biomesoplenty:origin_oak_planks' in 'matchBlocks' element 'biomesoplenty:origin_oak_planks' at index 44 in file 'minecraft:optifine/ctm/palm_planks_ctm_top.properties' in pack 'file/BOPPBR-FULL-RE1-v0.1.4.zip'
[17:31:24] [Worker-Main-7/WARN]: Unknown block 'biomesoplenty:origin_oak_stairs' in 'matchBlocks' element 'biomesoplenty:origin_oak_stairs:half=top' at index 45 in file 'minecraft:optifine/ctm/palm_planks_ctm_top.properties' in pack 'file/BOPPBR-FULL-RE1-v0.1.4.zip'
[17:31:24] [Worker-Main-7/WARN]: Unknown block 'biomesoplenty:origin_oak_slab' in 'matchBlocks' element 'biomesoplenty:origin_oak_slab:type=top' at index 46 in file 'minecraft:optifine/ctm/palm_planks_ctm_top.properties' in pack 'file/BOPPBR-FULL-RE1-v0.1.4.zip'
[17:31:24] [Worker-Main-7/WARN]: Unknown block 'biomesoplenty:origin_oak_slab' in 'matchBlocks' element 'biomesoplenty:origin_oak_slab:type=double' at index 47 in file 'minecraft:optifine/ctm/palm_planks_ctm_top.properties' in pack 'file/BOPPBR-FULL-RE1-v0.1.4.zip'
[17:31:24] [Worker-Main-7/WARN]: Unknown block 'biomesoplenty:fir_planks' in 'matchBlocks' element 'biomesoplenty:fir_planks' at index 48 in file 'minecraft:optifine/ctm/palm_planks_ctm_top.properties' in pack 'file/BOPPBR-FULL-RE1-v0.1.4.zip'
[17:31:24] [Worker-Main-7/WARN]: Unknown block 'biomesoplenty:fir_stairs' in 'matchBlocks' element 'biomesoplenty:fir_stairs:half=top' at index 49 in file 'minecraft:optifine/ctm/palm_planks_ctm_top.properties' in pack 'file/BOPPBR-FULL-RE1-v0.1.4.zip'
[17:31:24] [Worker-Main-7/WARN]: Unknown block 'biomesoplenty:fir_slab' in 'matchBlocks' element 'biomesoplenty:fir_slab:type=top' at index 50 in file 'minecraft:optifine/ctm/palm_planks_ctm_top.properties' in pack 'file/BOPPBR-FULL-RE1-v0.1.4.zip'
[17:31:24] [Worker-Main-7/WARN]: Unknown block 'biomesoplenty:fir_slab' in 'matchBlocks' element 'biomesoplenty:fir_slab:type=double' at index 51 in file 'minecraft:optifine/ctm/palm_planks_ctm_top.properties' in pack 'file/BOPPBR-FULL-RE1-v0.1.4.zip'
[17:31:24] [Worker-Main-7/WARN]: Unknown block 'biomesoplenty:pine_planks' in 'matchBlocks' element 'biomesoplenty:pine_planks' at index 52 in file 'minecraft:optifine/ctm/palm_planks_ctm_top.properties' in pack 'file/BOPPBR-FULL-RE1-v0.1.4.zip'
[17:31:24] [Worker-Main-7/WARN]: Unknown block 'biomesoplenty:pine_stairs' in 'matchBlocks' element 'biomesoplenty:pine_stairs:half=top' at index 53 in file 'minecraft:optifine/ctm/palm_planks_ctm_top.properties' in pack 'file/BOPPBR-FULL-RE1-v0.1.4.zip'
[17:31:24] [Worker-Main-7/WARN]: Unknown block 'biomesoplenty:pine_slab' in 'matchBlocks' element 'biomesoplenty:pine_slab:type=top' at index 54 in file 'minecraft:optifine/ctm/palm_planks_ctm_top.properties' in pack 'file/BOPPBR-FULL-RE1-v0.1.4.zip'
[17:31:24] [Worker-Main-7/WARN]: Unknown block 'biomesoplenty:pine_slab' in 'matchBlocks' element 'biomesoplenty:pine_slab:type=double' at index 55 in file 'minecraft:optifine/ctm/palm_planks_ctm_top.properties' in pack 'file/BOPPBR-FULL-RE1-v0.1.4.zip'
[17:31:24] [Worker-Main-7/WARN]: Unknown block 'biomesoplenty:maple_planks' in 'matchBlocks' element 'biomesoplenty:maple_planks' at index 56 in file 'minecraft:optifine/ctm/palm_planks_ctm_top.properties' in pack 'file/BOPPBR-FULL-RE1-v0.1.4.zip'
[17:31:24] [Worker-Main-7/WARN]: Unknown block 'biomesoplenty:maple_stairs' in 'matchBlocks' element 'biomesoplenty:maple_stairs:half=top' at index 57 in file 'minecraft:optifine/ctm/palm_planks_ctm_top.properties' in pack 'file/BOPPBR-FULL-RE1-v0.1.4.zip'
[17:31:24] [Worker-Main-7/WARN]: Unknown block 'biomesoplenty:maple_slab' in 'matchBlocks' element 'biomesoplenty:maple_slab:type=top' at index 58 in file 'minecraft:optifine/ctm/palm_planks_ctm_top.properties' in pack 'file/BOPPBR-FULL-RE1-v0.1.4.zip'
[17:31:24] [Worker-Main-7/WARN]: Unknown block 'biomesoplenty:maple_slab' in 'matchBlocks' element 'biomesoplenty:maple_slab:type=double' at index 59 in file 'minecraft:optifine/ctm/palm_planks_ctm_top.properties' in pack 'file/BOPPBR-FULL-RE1-v0.1.4.zip'
[17:31:24] [Worker-Main-7/WARN]: Unknown block 'biomesoplenty:redwood_planks' in 'matchBlocks' element 'biomesoplenty:redwood_planks' at index 60 in file 'minecraft:optifine/ctm/palm_planks_ctm_top.properties' in pack 'file/BOPPBR-FULL-RE1-v0.1.4.zip'
[17:31:24] [Worker-Main-7/WARN]: Unknown block 'biomesoplenty:redwood_stairs' in 'matchBlocks' element 'biomesoplenty:redwood_stairs:half=top' at index 61 in file 'minecraft:optifine/ctm/palm_planks_ctm_top.properties' in pack 'file/BOPPBR-FULL-RE1-v0.1.4.zip'
[17:31:24] [Worker-Main-7/WARN]: Unknown block 'biomesoplenty:redwood_slab' in 'matchBlocks' element 'biomesoplenty:redwood_slab:type=top' at index 62 in file 'minecraft:optifine/ctm/palm_planks_ctm_top.properties' in pack 'file/BOPPBR-FULL-RE1-v0.1.4.zip'
[17:31:24] [Worker-Main-7/WARN]: Unknown block 'biomesoplenty:redwood_slab' in 'matchBlocks' element 'biomesoplenty:redwood_slab:type=double' at index 63 in file 'minecraft:optifine/ctm/palm_planks_ctm_top.properties' in pack 'file/BOPPBR-FULL-RE1-v0.1.4.zip'
[17:31:24] [Worker-Main-7/WARN]: Unknown block 'biomesoplenty:mahogany_planks' in 'matchBlocks' element 'biomesoplenty:mahogany_planks' at index 64 in file 'minecraft:optifine/ctm/palm_planks_ctm_top.properties' in pack 'file/BOPPBR-FULL-RE1-v0.1.4.zip'
[17:31:24] [Worker-Main-7/WARN]: Unknown block 'biomesoplenty:mahogany_stairs' in 'matchBlocks' element 'biomesoplenty:mahogany_stairs:half=top' at index 65 in file 'minecraft:optifine/ctm/palm_planks_ctm_top.properties' in pack 'file/BOPPBR-FULL-RE1-v0.1.4.zip'
[17:31:24] [Worker-Main-7/WARN]: Unknown block 'biomesoplenty:mahogany_slab' in 'matchBlocks' element 'biomesoplenty:mahogany_slab:type=top' at index 66 in file 'minecraft:optifine/ctm/palm_planks_ctm_top.properties' in pack 'file/BOPPBR-FULL-RE1-v0.1.4.zip'
[17:31:24] [Worker-Main-7/WARN]: Unknown block 'biomesoplenty:mahogany_slab' in 'matchBlocks' element 'biomesoplenty:mahogany_slab:type=double' at index 67 in file 'minecraft:optifine/ctm/palm_planks_ctm_top.properties' in pack 'file/BOPPBR-FULL-RE1-v0.1.4.zip'
[17:31:24] [Worker-Main-7/WARN]: Unknown block 'biomesoplenty:jacaranda_planks' in 'matchBlocks' element 'biomesoplenty:jacaranda_planks' at index 68 in file 'minecraft:optifine/ctm/palm_planks_ctm_top.properties' in pack 'file/BOPPBR-FULL-RE1-v0.1.4.zip'
[17:31:24] [Worker-Main-7/WARN]: Unknown block 'biomesoplenty:jacaranda_stairs' in 'matchBlocks' element 'biomesoplenty:jacaranda_stairs:half=top' at index 69 in file 'minecraft:optifine/ctm/palm_planks_ctm_top.properties' in pack 'file/BOPPBR-FULL-RE1-v0.1.4.zip'
[17:31:24] [Worker-Main-7/WARN]: Unknown block 'biomesoplenty:jacaranda_slab' in 'matchBlocks' element 'biomesoplenty:jacaranda_slab:type=top' at index 70 in file 'minecraft:optifine/ctm/palm_planks_ctm_top.properties' in pack 'file/BOPPBR-FULL-RE1-v0.1.4.zip'
[17:31:24] [Worker-Main-7/WARN]: Unknown block 'biomesoplenty:jacaranda_slab' in 'matchBlocks' element 'biomesoplenty:jacaranda_slab:type=double' at index 71 in file 'minecraft:optifine/ctm/palm_planks_ctm_top.properties' in pack 'file/BOPPBR-FULL-RE1-v0.1.4.zip'
[17:31:24] [Worker-Main-7/WARN]: Unknown block 'biomesoplenty:willow_planks' in 'matchBlocks' element 'biomesoplenty:willow_planks' at index 72 in file 'minecraft:optifine/ctm/palm_planks_ctm_top.properties' in pack 'file/BOPPBR-FULL-RE1-v0.1.4.zip'
[17:31:24] [Worker-Main-7/WARN]: Unknown block 'biomesoplenty:willow_stairs' in 'matchBlocks' element 'biomesoplenty:willow_stairs:half=top' at index 73 in file 'minecraft:optifine/ctm/palm_planks_ctm_top.properties' in pack 'file/BOPPBR-FULL-RE1-v0.1.4.zip'
[17:31:24] [Worker-Main-7/WARN]: Unknown block 'biomesoplenty:willow_slab' in 'matchBlocks' element 'biomesoplenty:willow_slab:type=top' at index 74 in file 'minecraft:optifine/ctm/palm_planks_ctm_top.properties' in pack 'file/BOPPBR-FULL-RE1-v0.1.4.zip'
[17:31:24] [Worker-Main-7/WARN]: Unknown block 'biomesoplenty:willow_slab' in 'matchBlocks' element 'biomesoplenty:willow_slab:type=double' at index 75 in file 'minecraft:optifine/ctm/palm_planks_ctm_top.properties' in pack 'file/BOPPBR-FULL-RE1-v0.1.4.zip'
[17:31:24] [Worker-Main-7/WARN]: Unknown block 'biomesoplenty:dead_planks' in 'matchBlocks' element 'biomesoplenty:dead_planks' at index 76 in file 'minecraft:optifine/ctm/palm_planks_ctm_top.properties' in pack 'file/BOPPBR-FULL-RE1-v0.1.4.zip'
[17:31:24] [Worker-Main-7/WARN]: Unknown block 'biomesoplenty:dead_stairs' in 'matchBlocks' element 'biomesoplenty:dead_stairs:half=top' at index 77 in file 'minecraft:optifine/ctm/palm_planks_ctm_top.properties' in pack 'file/BOPPBR-FULL-RE1-v0.1.4.zip'
[17:31:24] [Worker-Main-7/WARN]: Unknown block 'biomesoplenty:dead_slab' in 'matchBlocks' element 'biomesoplenty:dead_slab:type=top' at index 78 in file 'minecraft:optifine/ctm/palm_planks_ctm_top.properties' in pack 'file/BOPPBR-FULL-RE1-v0.1.4.zip'
[17:31:24] [Worker-Main-7/WARN]: Unknown block 'biomesoplenty:dead_slab' in 'matchBlocks' element 'biomesoplenty:dead_slab:type=double' at index 79 in file 'minecraft:optifine/ctm/palm_planks_ctm_top.properties' in pack 'file/BOPPBR-FULL-RE1-v0.1.4.zip'
[17:31:24] [Worker-Main-7/WARN]: Unknown block 'biomesoplenty:magic_planks' in 'matchBlocks' element 'biomesoplenty:magic_planks' at index 80 in file 'minecraft:optifine/ctm/palm_planks_ctm_top.properties' in pack 'file/BOPPBR-FULL-RE1-v0.1.4.zip'
[17:31:24] [Worker-Main-7/WARN]: Unknown block 'biomesoplenty:magic_stairs' in 'matchBlocks' element 'biomesoplenty:magic_stairs:half=top' at index 81 in file 'minecraft:optifine/ctm/palm_planks_ctm_top.properties' in pack 'file/BOPPBR-FULL-RE1-v0.1.4.zip'
[17:31:24] [Worker-Main-7/WARN]: Unknown block 'biomesoplenty:magic_slab' in 'matchBlocks' element 'biomesoplenty:magic_slab:type=top' at index 82 in file 'minecraft:optifine/ctm/palm_planks_ctm_top.properties' in pack 'file/BOPPBR-FULL-RE1-v0.1.4.zip'
[17:31:24] [Worker-Main-7/WARN]: Unknown block 'biomesoplenty:magic_slab' in 'matchBlocks' element 'biomesoplenty:magic_slab:type=double' at index 83 in file 'minecraft:optifine/ctm/palm_planks_ctm_top.properties' in pack 'file/BOPPBR-FULL-RE1-v0.1.4.zip'
[17:31:24] [Worker-Main-7/WARN]: Unknown block 'biomesoplenty:umbran_planks' in 'matchBlocks' element 'biomesoplenty:umbran_planks' at index 84 in file 'minecraft:optifine/ctm/palm_planks_ctm_top.properties' in pack 'file/BOPPBR-FULL-RE1-v0.1.4.zip'
[17:31:24] [Worker-Main-7/WARN]: Unknown block 'biomesoplenty:umbran_stairs' in 'matchBlocks' element 'biomesoplenty:umbran_stairs:half=top' at index 85 in file 'minecraft:optifine/ctm/palm_planks_ctm_top.properties' in pack 'file/BOPPBR-FULL-RE1-v0.1.4.zip'
[17:31:24] [Worker-Main-7/WARN]: Unknown block 'biomesoplenty:umbran_slab' in 'matchBlocks' element 'biomesoplenty:umbran_slab:type=top' at index 86 in file 'minecraft:optifine/ctm/palm_planks_ctm_top.properties' in pack 'file/BOPPBR-FULL-RE1-v0.1.4.zip'
[17:31:24] [Worker-Main-7/WARN]: Unknown block 'biomesoplenty:umbran_slab' in 'matchBlocks' element 'biomesoplenty:umbran_slab:type=double' at index 87 in file 'minecraft:optifine/ctm/palm_planks_ctm_top.properties' in pack 'file/BOPPBR-FULL-RE1-v0.1.4.zip'
[17:31:24] [Worker-Main-7/WARN]: Unknown block 'biomesoplenty:hellbark_planks' in 'matchBlocks' element 'biomesoplenty:hellbark_planks' at index 88 in file 'minecraft:optifine/ctm/palm_planks_ctm_top.properties' in pack 'file/BOPPBR-FULL-RE1-v0.1.4.zip'
[17:31:24] [Worker-Main-7/WARN]: Unknown block 'biomesoplenty:hellbark_stairs' in 'matchBlocks' element 'biomesoplenty:hellbark_stairs:half=top' at index 89 in file 'minecraft:optifine/ctm/palm_planks_ctm_top.properties' in pack 'file/BOPPBR-FULL-RE1-v0.1.4.zip'
[17:31:24] [Worker-Main-7/WARN]: Unknown block 'biomesoplenty:hellbark_slab' in 'matchBlocks' element 'biomesoplenty:hellbark_slab:type=top' at index 90 in file 'minecraft:optifine/ctm/palm_planks_ctm_top.properties' in pack 'file/BOPPBR-FULL-RE1-v0.1.4.zip'
[17:31:24] [Worker-Main-7/WARN]: Unknown block 'biomesoplenty:hellbark_slab' in 'matchBlocks' element 'biomesoplenty:hellbark_slab:type=double' at index 91 in file 'minecraft:optifine/ctm/palm_planks_ctm_top.properties' in pack 'file/BOPPBR-FULL-RE1-v0.1.4.zip'
[17:31:24] [Worker-Main-7/WARN]: Unknown block 'biomesoplenty:empyreal_planks' in 'matchBlocks' element 'biomesoplenty:empyreal_planks' at index 92 in file 'minecraft:optifine/ctm/palm_planks_ctm_top.properties' in pack 'file/BOPPBR-FULL-RE1-v0.1.4.zip'
[17:31:24] [Worker-Main-7/WARN]: Unknown block 'biomesoplenty:empyreal_stairs' in 'matchBlocks' element 'biomesoplenty:empyreal_stairs:half=top' at index 93 in file 'minecraft:optifine/ctm/palm_planks_ctm_top.properties' in pack 'file/BOPPBR-FULL-RE1-v0.1.4.zip'
[17:31:24] [Worker-Main-7/WARN]: Unknown block 'biomesoplenty:empyreal_slab' in 'matchBlocks' element 'biomesoplenty:empyreal_slab:type=top' at index 94 in file 'minecraft:optifine/ctm/palm_planks_ctm_top.properties' in pack 'file/BOPPBR-FULL-RE1-v0.1.4.zip'
[17:31:24] [Worker-Main-7/WARN]: Unknown block 'biomesoplenty:empyreal_slab' in 'matchBlocks' element 'biomesoplenty:empyreal_slab:type=double' at index 95 in file 'minecraft:optifine/ctm/palm_planks_ctm_top.properties' in pack 'file/BOPPBR-FULL-RE1-v0.1.4.zip'
[17:31:24] [Worker-Main-7/WARN]: Unknown block 'biomesoplenty:palm_planks' in 'connectBlocks' element 'biomesoplenty:palm_planks' at index 0 in file 'minecraft:optifine/ctm/palm_planks_ctm_top.properties' in pack 'file/BOPPBR-FULL-RE1-v0.1.4.zip'
[17:31:24] [Worker-Main-7/WARN]: Unknown block 'biomesoplenty:pine_planks' in 'connectBlocks' element 'biomesoplenty:pine_planks' at index 0 in file 'minecraft:optifine/ctm/pine_planks_ctm.properties' in pack 'file/BOPPBR-FULL-RE1-v0.1.4.zip'
[17:31:24] [Worker-Main-7/WARN]: Unknown block 'biomesoplenty:origin_oak_planks' in 'matchBlocks' element 'biomesoplenty:origin_oak_planks' at index 44 in file 'minecraft:optifine/ctm/pine_planks_ctm_bottom.properties' in pack 'file/BOPPBR-FULL-RE1-v0.1.4.zip'
[17:31:24] [Worker-Main-7/WARN]: Unknown block 'biomesoplenty:origin_oak_stairs' in 'matchBlocks' element 'biomesoplenty:origin_oak_stairs:half=bottom' at index 45 in file 'minecraft:optifine/ctm/pine_planks_ctm_bottom.properties' in pack 'file/BOPPBR-FULL-RE1-v0.1.4.zip'
[17:31:24] [Worker-Main-7/WARN]: Unknown block 'biomesoplenty:origin_oak_slab' in 'matchBlocks' element 'biomesoplenty:origin_oak_slab:type=bottom' at index 46 in file 'minecraft:optifine/ctm/pine_planks_ctm_bottom.properties' in pack 'file/BOPPBR-FULL-RE1-v0.1.4.zip'
[17:31:24] [Worker-Main-7/WARN]: Unknown block 'biomesoplenty:origin_oak_slab' in 'matchBlocks' element 'biomesoplenty:origin_oak_slab:type=double' at index 47 in file 'minecraft:optifine/ctm/pine_planks_ctm_bottom.properties' in pack 'file/BOPPBR-FULL-RE1-v0.1.4.zip'
[17:31:24] [Worker-Main-7/WARN]: Unknown block 'biomesoplenty:fir_planks' in 'matchBlocks' element 'biomesoplenty:fir_planks' at index 48 in file 'minecraft:optifine/ctm/pine_planks_ctm_bottom.properties' in pack 'file/BOPPBR-FULL-RE1-v0.1.4.zip'
[17:31:24] [Worker-Main-7/WARN]: Unknown block 'biomesoplenty:fir_stairs' in 'matchBlocks' element 'biomesoplenty:fir_stairs:half=bottom' at index 49 in file 'minecraft:optifine/ctm/pine_planks_ctm_bottom.properties' in pack 'file/BOPPBR-FULL-RE1-v0.1.4.zip'
[17:31:24] [Worker-Main-7/WARN]: Unknown block 'biomesoplenty:fir_slab' in 'matchBlocks' element 'biomesoplenty:fir_slab:type=bottom' at index 50 in file 'minecraft:optifine/ctm/pine_planks_ctm_bottom.properties' in pack 'file/BOPPBR-FULL-RE1-v0.1.4.zip'
[17:31:24] [Worker-Main-7/WARN]: Unknown block 'biomesoplenty:fir_slab' in 'matchBlocks' element 'biomesoplenty:fir_slab:type=double' at index 51 in file 'minecraft:optifine/ctm/pine_planks_ctm_bottom.properties' in pack 'file/BOPPBR-FULL-RE1-v0.1.4.zip'
[17:31:24] [Worker-Main-7/WARN]: Unknown block 'biomesoplenty:maple_planks' in 'matchBlocks' element 'biomesoplenty:maple_planks' at index 52 in file 'minecraft:optifine/ctm/pine_planks_ctm_bottom.properties' in pack 'file/BOPPBR-FULL-RE1-v0.1.4.zip'
[17:31:24] [Worker-Main-7/WARN]: Unknown block 'biomesoplenty:maple_stairs' in 'matchBlocks' element 'biomesoplenty:maple_stairs:half=bottom' at index 53 in file 'minecraft:optifine/ctm/pine_planks_ctm_bottom.properties' in pack 'file/BOPPBR-FULL-RE1-v0.1.4.zip'
[17:31:24] [Worker-Main-7/WARN]: Unknown block 'biomesoplenty:maple_slab' in 'matchBlocks' element 'biomesoplenty:maple_slab:type=bottom' at index 54 in file 'minecraft:optifine/ctm/pine_planks_ctm_bottom.properties' in pack 'file/BOPPBR-FULL-RE1-v0.1.4.zip'
[17:31:24] [Worker-Main-7/WARN]: Unknown block 'biomesoplenty:maple_slab' in 'matchBlocks' element 'biomesoplenty:maple_slab:type=double' at index 55 in file 'minecraft:optifine/ctm/pine_planks_ctm_bottom.properties' in pack 'file/BOPPBR-FULL-RE1-v0.1.4.zip'
[17:31:24] [Worker-Main-7/WARN]: Unknown block 'biomesoplenty:redwood_planks' in 'matchBlocks' element 'biomesoplenty:redwood_planks' at index 56 in file 'minecraft:optifine/ctm/pine_planks_ctm_bottom.properties' in pack 'file/BOPPBR-FULL-RE1-v0.1.4.zip'
[17:31:24] [Worker-Main-7/WARN]: Unknown block 'biomesoplenty:redwood_stairs' in 'matchBlocks' element 'biomesoplenty:redwood_stairs:half=bottom' at index 57 in file 'minecraft:optifine/ctm/pine_planks_ctm_bottom.properties' in pack 'file/BOPPBR-FULL-RE1-v0.1.4.zip'
[17:31:24] [Worker-Main-7/WARN]: Unknown block 'biomesoplenty:redwood_slab' in 'matchBlocks' element 'biomesoplenty:redwood_slab:type=bottom' at index 58 in file 'minecraft:optifine/ctm/pine_planks_ctm_bottom.properties' in pack 'file/BOPPBR-FULL-RE1-v0.1.4.zip'
[17:31:24] [Worker-Main-7/WARN]: Unknown block 'biomesoplenty:redwood_slab' in 'matchBlocks' element 'biomesoplenty:redwood_slab:type=double' at index 59 in file 'minecraft:optifine/ctm/pine_planks_ctm_bottom.properties' in pack 'file/BOPPBR-FULL-RE1-v0.1.4.zip'
[17:31:24] [Worker-Main-7/WARN]: Unknown block 'biomesoplenty:mahogany_planks' in 'matchBlocks' element 'biomesoplenty:mahogany_planks' at index 60 in file 'minecraft:optifine/ctm/pine_planks_ctm_bottom.properties' in pack 'file/BOPPBR-FULL-RE1-v0.1.4.zip'
[17:31:24] [Worker-Main-7/WARN]: Unknown block 'biomesoplenty:mahogany_stairs' in 'matchBlocks' element 'biomesoplenty:mahogany_stairs:half=bottom' at index 61 in file 'minecraft:optifine/ctm/pine_planks_ctm_bottom.properties' in pack 'file/BOPPBR-FULL-RE1-v0.1.4.zip'
[17:31:24] [Worker-Main-7/WARN]: Unknown block 'biomesoplenty:mahogany_slab' in 'matchBlocks' element 'biomesoplenty:mahogany_slab:type=bottom' at index 62 in file 'minecraft:optifine/ctm/pine_planks_ctm_bottom.properties' in pack 'file/BOPPBR-FULL-RE1-v0.1.4.zip'
[17:31:24] [Worker-Main-7/WARN]: Unknown block 'biomesoplenty:mahogany_slab' in 'matchBlocks' element 'biomesoplenty:mahogany_slab:type=double' at index 63 in file 'minecraft:optifine/ctm/pine_planks_ctm_bottom.properties' in pack 'file/BOPPBR-FULL-RE1-v0.1.4.zip'
[17:31:24] [Worker-Main-7/WARN]: Unknown block 'biomesoplenty:jacaranda_planks' in 'matchBlocks' element 'biomesoplenty:jacaranda_planks' at index 64 in file 'minecraft:optifine/ctm/pine_planks_ctm_bottom.properties' in pack 'file/BOPPBR-FULL-RE1-v0.1.4.zip'
[17:31:24] [Worker-Main-7/WARN]: Unknown block 'biomesoplenty:jacaranda_stairs' in 'matchBlocks' element 'biomesoplenty:jacaranda_stairs:half=bottom' at index 65 in file 'minecraft:optifine/ctm/pine_planks_ctm_bottom.properties' in pack 'file/BOPPBR-FULL-RE1-v0.1.4.zip'
[17:31:24] [Worker-Main-7/WARN]: Unknown block 'biomesoplenty:jacaranda_slab' in 'matchBlocks' element 'biomesoplenty:jacaranda_slab:type=bottom' at index 66 in file 'minecraft:optifine/ctm/pine_planks_ctm_bottom.properties' in pack 'file/BOPPBR-FULL-RE1-v0.1.4.zip'
[17:31:24] [Worker-Main-7/WARN]: Unknown block 'biomesoplenty:jacaranda_slab' in 'matchBlocks' element 'biomesoplenty:jacaranda_slab:type=double' at index 67 in file 'minecraft:optifine/ctm/pine_planks_ctm_bottom.properties' in pack 'file/BOPPBR-FULL-RE1-v0.1.4.zip'
[17:31:24] [Worker-Main-7/WARN]: Unknown block 'biomesoplenty:palm_planks' in 'matchBlocks' element 'biomesoplenty:palm_planks' at index 68 in file 'minecraft:optifine/ctm/pine_planks_ctm_bottom.properties' in pack 'file/BOPPBR-FULL-RE1-v0.1.4.zip'
[17:31:24] [Worker-Main-7/WARN]: Unknown block 'biomesoplenty:palm_stairs' in 'matchBlocks' element 'biomesoplenty:palm_stairs:half=bottom' at index 69 in file 'minecraft:optifine/ctm/pine_planks_ctm_bottom.properties' in pack 'file/BOPPBR-FULL-RE1-v0.1.4.zip'
[17:31:24] [Worker-Main-7/WARN]: Unknown block 'biomesoplenty:palm_slab' in 'matchBlocks' element 'biomesoplenty:palm_slab:type=bottom' at index 70 in file 'minecraft:optifine/ctm/pine_planks_ctm_bottom.properties' in pack 'file/BOPPBR-FULL-RE1-v0.1.4.zip'
[17:31:24] [Worker-Main-7/WARN]: Unknown block 'biomesoplenty:palm_slab' in 'matchBlocks' element 'biomesoplenty:palm_slab:type=double' at index 71 in file 'minecraft:optifine/ctm/pine_planks_ctm_bottom.properties' in pack 'file/BOPPBR-FULL-RE1-v0.1.4.zip'
[17:31:24] [Worker-Main-7/WARN]: Unknown block 'biomesoplenty:willow_planks' in 'matchBlocks' element 'biomesoplenty:willow_planks' at index 72 in file 'minecraft:optifine/ctm/pine_planks_ctm_bottom.properties' in pack 'file/BOPPBR-FULL-RE1-v0.1.4.zip'
[17:31:24] [Worker-Main-7/WARN]: Unknown block 'biomesoplenty:willow_stairs' in 'matchBlocks' element 'biomesoplenty:willow_stairs:half=bottom' at index 73 in file 'minecraft:optifine/ctm/pine_planks_ctm_bottom.properties' in pack 'file/BOPPBR-FULL-RE1-v0.1.4.zip'
[17:31:24] [Worker-Main-7/WARN]: Unknown block 'biomesoplenty:willow_slab' in 'matchBlocks' element 'biomesoplenty:willow_slab:type=bottom' at index 74 in file 'minecraft:optifine/ctm/pine_planks_ctm_bottom.properties' in pack 'file/BOPPBR-FULL-RE1-v0.1.4.zip'
[17:31:24] [Worker-Main-7/WARN]: Unknown block 'biomesoplenty:willow_slab' in 'matchBlocks' element 'biomesoplenty:willow_slab:type=double' at index 75 in file 'minecraft:optifine/ctm/pine_planks_ctm_bottom.properties' in pack 'file/BOPPBR-FULL-RE1-v0.1.4.zip'
[17:31:24] [Worker-Main-7/WARN]: Unknown block 'biomesoplenty:dead_planks' in 'matchBlocks' element 'biomesoplenty:dead_planks' at index 76 in file 'minecraft:optifine/ctm/pine_planks_ctm_bottom.properties' in pack 'file/BOPPBR-FULL-RE1-v0.1.4.zip'
[17:31:24] [Worker-Main-7/WARN]: Unknown block 'biomesoplenty:dead_stairs' in 'matchBlocks' element 'biomesoplenty:dead_stairs:half=bottom' at index 77 in file 'minecraft:optifine/ctm/pine_planks_ctm_bottom.properties' in pack 'file/BOPPBR-FULL-RE1-v0.1.4.zip'
[17:31:24] [Worker-Main-7/WARN]: Unknown block 'biomesoplenty:dead_slab' in 'matchBlocks' element 'biomesoplenty:dead_slab:type=bottom' at index 78 in file 'minecraft:optifine/ctm/pine_planks_ctm_bottom.properties' in pack 'file/BOPPBR-FULL-RE1-v0.1.4.zip'
[17:31:24] [Worker-Main-7/WARN]: Unknown block 'biomesoplenty:dead_slab' in 'matchBlocks' element 'biomesoplenty:dead_slab:type=double' at index 79 in file 'minecraft:optifine/ctm/pine_planks_ctm_bottom.properties' in pack 'file/BOPPBR-FULL-RE1-v0.1.4.zip'
[17:31:24] [Worker-Main-7/WARN]: Unknown block 'biomesoplenty:magic_planks' in 'matchBlocks' element 'biomesoplenty:magic_planks' at index 80 in file 'minecraft:optifine/ctm/pine_planks_ctm_bottom.properties' in pack 'file/BOPPBR-FULL-RE1-v0.1.4.zip'
[17:31:24] [Worker-Main-7/WARN]: Unknown block 'biomesoplenty:magic_stairs' in 'matchBlocks' element 'biomesoplenty:magic_stairs:half=bottom' at index 81 in file 'minecraft:optifine/ctm/pine_planks_ctm_bottom.properties' in pack 'file/BOPPBR-FULL-RE1-v0.1.4.zip'
[17:31:24] [Worker-Main-7/WARN]: Unknown block 'biomesoplenty:magic_slab' in 'matchBlocks' element 'biomesoplenty:magic_slab:type=bottom' at index 82 in file 'minecraft:optifine/ctm/pine_planks_ctm_bottom.properties' in pack 'file/BOPPBR-FULL-RE1-v0.1.4.zip'
[17:31:24] [Worker-Main-7/WARN]: Unknown block 'biomesoplenty:magic_slab' in 'matchBlocks' element 'biomesoplenty:magic_slab:type=double' at index 83 in file 'minecraft:optifine/ctm/pine_planks_ctm_bottom.properties' in pack 'file/BOPPBR-FULL-RE1-v0.1.4.zip'
[17:31:24] [Worker-Main-7/WARN]: Unknown block 'biomesoplenty:umbran_planks' in 'matchBlocks' element 'biomesoplenty:umbran_planks' at index 84 in file 'minecraft:optifine/ctm/pine_planks_ctm_bottom.properties' in pack 'file/BOPPBR-FULL-RE1-v0.1.4.zip'
[17:31:24] [Worker-Main-7/WARN]: Unknown block 'biomesoplenty:umbran_stairs' in 'matchBlocks' element 'biomesoplenty:umbran_stairs:half=bottom' at index 85 in file 'minecraft:optifine/ctm/pine_planks_ctm_bottom.properties' in pack 'file/BOPPBR-FULL-RE1-v0.1.4.zip'
[17:31:24] [Worker-Main-7/WARN]: Unknown block 'biomesoplenty:umbran_slab' in 'matchBlocks' element 'biomesoplenty:umbran_slab:type=bottom' at index 86 in file 'minecraft:optifine/ctm/pine_planks_ctm_bottom.properties' in pack 'file/BOPPBR-FULL-RE1-v0.1.4.zip'
[17:31:24] [Worker-Main-7/WARN]: Unknown block 'biomesoplenty:umbran_slab' in 'matchBlocks' element 'biomesoplenty:umbran_slab:type=double' at index 87 in file 'minecraft:optifine/ctm/pine_planks_ctm_bottom.properties' in pack 'file/BOPPBR-FULL-RE1-v0.1.4.zip'
[17:31:24] [Worker-Main-7/WARN]: Unknown block 'biomesoplenty:hellbark_planks' in 'matchBlocks' element 'biomesoplenty:hellbark_planks' at index 88 in file 'minecraft:optifine/ctm/pine_planks_ctm_bottom.properties' in pack 'file/BOPPBR-FULL-RE1-v0.1.4.zip'
[17:31:24] [Worker-Main-7/WARN]: Unknown block 'biomesoplenty:hellbark_stairs' in 'matchBlocks' element 'biomesoplenty:hellbark_stairs:half=bottom' at index 89 in file 'minecraft:optifine/ctm/pine_planks_ctm_bottom.properties' in pack 'file/BOPPBR-FULL-RE1-v0.1.4.zip'
[17:31:24] [Worker-Main-7/WARN]: Unknown block 'biomesoplenty:hellbark_slab' in 'matchBlocks' element 'biomesoplenty:hellbark_slab:type=bottom' at index 90 in file 'minecraft:optifine/ctm/pine_planks_ctm_bottom.properties' in pack 'file/BOPPBR-FULL-RE1-v0.1.4.zip'
[17:31:24] [Worker-Main-7/WARN]: Unknown block 'biomesoplenty:hellbark_slab' in 'matchBlocks' element 'biomesoplenty:hellbark_slab:type=double' at index 91 in file 'minecraft:optifine/ctm/pine_planks_ctm_bottom.properties' in pack 'file/BOPPBR-FULL-RE1-v0.1.4.zip'
[17:31:24] [Worker-Main-7/WARN]: Unknown block 'biomesoplenty:empyreal_planks' in 'matchBlocks' element 'biomesoplenty:empyreal_planks' at index 92 in file 'minecraft:optifine/ctm/pine_planks_ctm_bottom.properties' in pack 'file/BOPPBR-FULL-RE1-v0.1.4.zip'
[17:31:24] [Worker-Main-7/WARN]: Unknown block 'biomesoplenty:empyreal_stairs' in 'matchBlocks' element 'biomesoplenty:empyreal_stairs:half=bottom' at index 93 in file 'minecraft:optifine/ctm/pine_planks_ctm_bottom.properties' in pack 'file/BOPPBR-FULL-RE1-v0.1.4.zip'
[17:31:24] [Worker-Main-7/WARN]: Unknown block 'biomesoplenty:empyreal_slab' in 'matchBlocks' element 'biomesoplenty:empyreal_slab:type=bottom' at index 94 in file 'minecraft:optifine/ctm/pine_planks_ctm_bottom.properties' in pack 'file/BOPPBR-FULL-RE1-v0.1.4.zip'
[17:31:24] [Worker-Main-7/WARN]: Unknown block 'biomesoplenty:empyreal_slab' in 'matchBlocks' element 'biomesoplenty:empyreal_slab:type=double' at index 95 in file 'minecraft:optifine/ctm/pine_planks_ctm_bottom.properties' in pack 'file/BOPPBR-FULL-RE1-v0.1.4.zip'
[17:31:24] [Worker-Main-7/WARN]: Unknown block 'biomesoplenty:pine_planks' in 'connectBlocks' element 'biomesoplenty:pine_planks' at index 0 in file 'minecraft:optifine/ctm/pine_planks_ctm_bottom.properties' in pack 'file/BOPPBR-FULL-RE1-v0.1.4.zip'
[17:31:24] [Worker-Main-7/WARN]: Unknown block 'biomesoplenty:origin_oak_planks' in 'matchBlocks' element 'biomesoplenty:origin_oak_planks' at index 22 in file 'minecraft:optifine/ctm/pine_planks_ctm_sides.properties' in pack 'file/BOPPBR-FULL-RE1-v0.1.4.zip'
[17:31:24] [Worker-Main-7/WARN]: Unknown block 'biomesoplenty:origin_oak_slab' in 'matchBlocks' element 'biomesoplenty:origin_oak_slab:type=double' at index 23 in file 'minecraft:optifine/ctm/pine_planks_ctm_sides.properties' in pack 'file/BOPPBR-FULL-RE1-v0.1.4.zip'
[17:31:24] [Worker-Main-7/WARN]: Unknown block 'biomesoplenty:fir_planks' in 'matchBlocks' element 'biomesoplenty:fir_planks' at index 24 in file 'minecraft:optifine/ctm/pine_planks_ctm_sides.properties' in pack 'file/BOPPBR-FULL-RE1-v0.1.4.zip'
[17:31:24] [Worker-Main-7/WARN]: Unknown block 'biomesoplenty:fir_slab' in 'matchBlocks' element 'biomesoplenty:fir_slab:type=double' at index 25 in file 'minecraft:optifine/ctm/pine_planks_ctm_sides.properties' in pack 'file/BOPPBR-FULL-RE1-v0.1.4.zip'
[17:31:24] [Worker-Main-7/WARN]: Unknown block 'biomesoplenty:maple_planks' in 'matchBlocks' element 'biomesoplenty:maple_planks' at index 26 in file 'minecraft:optifine/ctm/pine_planks_ctm_sides.properties' in pack 'file/BOPPBR-FULL-RE1-v0.1.4.zip'
[17:31:24] [Worker-Main-7/WARN]: Unknown block 'biomesoplenty:maple_slab' in 'matchBlocks' element 'biomesoplenty:maple_slab:type=double' at index 27 in file 'minecraft:optifine/ctm/pine_planks_ctm_sides.properties' in pack 'file/BOPPBR-FULL-RE1-v0.1.4.zip'
[17:31:24] [Worker-Main-7/WARN]: Unknown block 'biomesoplenty:redwood_planks' in 'matchBlocks' element 'biomesoplenty:redwood_planks' at index 28 in file 'minecraft:optifine/ctm/pine_planks_ctm_sides.properties' in pack 'file/BOPPBR-FULL-RE1-v0.1.4.zip'
[17:31:24] [Worker-Main-7/WARN]: Unknown block 'biomesoplenty:redwood_slab' in 'matchBlocks' element 'biomesoplenty:redwood_slab:type=double' at index 29 in file 'minecraft:optifine/ctm/pine_planks_ctm_sides.properties' in pack 'file/BOPPBR-FULL-RE1-v0.1.4.zip'
[17:31:24] [Worker-Main-7/WARN]: Unknown block 'biomesoplenty:mahogany_planks' in 'matchBlocks' element 'biomesoplenty:mahogany_planks' at index 30 in file 'minecraft:optifine/ctm/pine_planks_ctm_sides.properties' in pack 'file/BOPPBR-FULL-RE1-v0.1.4.zip'
[17:31:24] [Worker-Main-7/WARN]: Unknown block 'biomesoplenty:mahogany_slab' in 'matchBlocks' element 'biomesoplenty:mahogany_slab:type=double' at index 31 in file 'minecraft:optifine/ctm/pine_planks_ctm_sides.properties' in pack 'file/BOPPBR-FULL-RE1-v0.1.4.zip'
[17:31:24] [Worker-Main-7/WARN]: Unknown block 'biomesoplenty:jacaranda_planks' in 'matchBlocks' element 'biomesoplenty:jacaranda_planks' at index 32 in file 'minecraft:optifine/ctm/pine_planks_ctm_sides.properties' in pack 'file/BOPPBR-FULL-RE1-v0.1.4.zip'
[17:31:24] [Worker-Main-7/WARN]: Unknown block 'biomesoplenty:jacaranda_slab' in 'matchBlocks' element 'biomesoplenty:jacaranda_slab:type=double' at index 33 in file 'minecraft:optifine/ctm/pine_planks_ctm_sides.properties' in pack 'file/BOPPBR-FULL-RE1-v0.1.4.zip'
[17:31:24] [Worker-Main-7/WARN]: Unknown block 'biomesoplenty:palm_planks' in 'matchBlocks' element 'biomesoplenty:palm_planks' at index 34 in file 'minecraft:optifine/ctm/pine_planks_ctm_sides.properties' in pack 'file/BOPPBR-FULL-RE1-v0.1.4.zip'
[17:31:24] [Worker-Main-7/WARN]: Unknown block 'biomesoplenty:palm_slab' in 'matchBlocks' element 'biomesoplenty:palm_slab:type=double' at index 35 in file 'minecraft:optifine/ctm/pine_planks_ctm_sides.properties' in pack 'file/BOPPBR-FULL-RE1-v0.1.4.zip'
[17:31:24] [Worker-Main-7/WARN]: Unknown block 'biomesoplenty:willow_planks' in 'matchBlocks' element 'biomesoplenty:willow_planks' at index 36 in file 'minecraft:optifine/ctm/pine_planks_ctm_sides.properties' in pack 'file/BOPPBR-FULL-RE1-v0.1.4.zip'
[17:31:24] [Worker-Main-7/WARN]: Unknown block 'biomesoplenty:willow_slab' in 'matchBlocks' element 'biomesoplenty:willow_slab:type=double' at index 37 in file 'minecraft:optifine/ctm/pine_planks_ctm_sides.properties' in pack 'file/BOPPBR-FULL-RE1-v0.1.4.zip'
[17:31:24] [Worker-Main-7/WARN]: Unknown block 'biomesoplenty:dead_planks' in 'matchBlocks' element 'biomesoplenty:dead_planks' at index 38 in file 'minecraft:optifine/ctm/pine_planks_ctm_sides.properties' in pack 'file/BOPPBR-FULL-RE1-v0.1.4.zip'
[17:31:24] [Worker-Main-7/WARN]: Unknown block 'biomesoplenty:dead_slab' in 'matchBlocks' element 'biomesoplenty:dead_slab:type=double' at index 39 in file 'minecraft:optifine/ctm/pine_planks_ctm_sides.properties' in pack 'file/BOPPBR-FULL-RE1-v0.1.4.zip'
[17:31:24] [Worker-Main-7/WARN]: Unknown block 'biomesoplenty:magic_planks' in 'matchBlocks' element 'biomesoplenty:magic_planks' at index 40 in file 'minecraft:optifine/ctm/pine_planks_ctm_sides.properties' in pack 'file/BOPPBR-FULL-RE1-v0.1.4.zip'
[17:31:24] [Worker-Main-7/WARN]: Unknown block 'biomesoplenty:magic_slab' in 'matchBlocks' element 'biomesoplenty:magic_slab:type=double' at index 41 in file 'minecraft:optifine/ctm/pine_planks_ctm_sides.properties' in pack 'file/BOPPBR-FULL-RE1-v0.1.4.zip'
[17:31:24] [Worker-Main-7/WARN]: Unknown block 'biomesoplenty:umbran_planks' in 'matchBlocks' element 'biomesoplenty:umbran_planks' at index 42 in file 'minecraft:optifine/ctm/pine_planks_ctm_sides.properties' in pack 'file/BOPPBR-FULL-RE1-v0.1.4.zip'
[17:31:24] [Worker-Main-7/WARN]: Unknown block 'biomesoplenty:umbran_slab' in 'matchBlocks' element 'biomesoplenty:umbran_slab:type=double' at index 43 in file 'minecraft:optifine/ctm/pine_planks_ctm_sides.properties' in pack 'file/BOPPBR-FULL-RE1-v0.1.4.zip'
[17:31:24] [Worker-Main-7/WARN]: Unknown block 'biomesoplenty:hellbark_planks' in 'matchBlocks' element 'biomesoplenty:hellbark_planks' at index 44 in file 'minecraft:optifine/ctm/pine_planks_ctm_sides.properties' in pack 'file/BOPPBR-FULL-RE1-v0.1.4.zip'
[17:31:24] [Worker-Main-7/WARN]: Unknown block 'biomesoplenty:hellbark_slab' in 'matchBlocks' element 'biomesoplenty:hellbark_slab:type=double' at index 45 in file 'minecraft:optifine/ctm/pine_planks_ctm_sides.properties' in pack 'file/BOPPBR-FULL-RE1-v0.1.4.zip'
[17:31:24] [Worker-Main-7/WARN]: Unknown block 'biomesoplenty:empyreal_planks' in 'matchBlocks' element 'biomesoplenty:empyreal_planks' at index 46 in file 'minecraft:optifine/ctm/pine_planks_ctm_sides.properties' in pack 'file/BOPPBR-FULL-RE1-v0.1.4.zip'
[17:31:24] [Worker-Main-7/WARN]: Unknown block 'biomesoplenty:empyreal_slab' in 'matchBlocks' element 'biomesoplenty:empyreal_slab:type=double' at index 47 in file 'minecraft:optifine/ctm/pine_planks_ctm_sides.properties' in pack 'file/BOPPBR-FULL-RE1-v0.1.4.zip'
[17:31:24] [Worker-Main-7/WARN]: Unknown block 'biomesoplenty:pine_planks' in 'connectBlocks' element 'biomesoplenty:pine_planks' at index 0 in file 'minecraft:optifine/ctm/pine_planks_ctm_sides.properties' in pack 'file/BOPPBR-FULL-RE1-v0.1.4.zip'
[17:31:24] [Worker-Main-7/WARN]: Unknown block 'biomesoplenty:origin_oak_planks' in 'matchBlocks' element 'biomesoplenty:origin_oak_planks' at index 44 in file 'minecraft:optifine/ctm/pine_planks_ctm_top.properties' in pack 'file/BOPPBR-FULL-RE1-v0.1.4.zip'
[17:31:24] [Worker-Main-7/WARN]: Unknown block 'biomesoplenty:origin_oak_stairs' in 'matchBlocks' element 'biomesoplenty:origin_oak_stairs:half=top' at index 45 in file 'minecraft:optifine/ctm/pine_planks_ctm_top.properties' in pack 'file/BOPPBR-FULL-RE1-v0.1.4.zip'
[17:31:24] [Worker-Main-7/WARN]: Unknown block 'biomesoplenty:origin_oak_slab' in 'matchBlocks' element 'biomesoplenty:origin_oak_slab:type=top' at index 46 in file 'minecraft:optifine/ctm/pine_planks_ctm_top.properties' in pack 'file/BOPPBR-FULL-RE1-v0.1.4.zip'
[17:31:24] [Worker-Main-7/WARN]: Unknown block 'biomesoplenty:origin_oak_slab' in 'matchBlocks' element 'biomesoplenty:origin_oak_slab:type=double' at index 47 in file 'minecraft:optifine/ctm/pine_planks_ctm_top.properties' in pack 'file/BOPPBR-FULL-RE1-v0.1.4.zip'
[17:31:24] [Worker-Main-7/WARN]: Unknown block 'biomesoplenty:fir_planks' in 'matchBlocks' element 'biomesoplenty:fir_planks' at index 48 in file 'minecraft:optifine/ctm/pine_planks_ctm_top.properties' in pack 'file/BOPPBR-FULL-RE1-v0.1.4.zip'
[17:31:24] [Worker-Main-7/WARN]: Unknown block 'biomesoplenty:fir_stairs' in 'matchBlocks' element 'biomesoplenty:fir_stairs:half=top' at index 49 in file 'minecraft:optifine/ctm/pine_planks_ctm_top.properties' in pack 'file/BOPPBR-FULL-RE1-v0.1.4.zip'
[17:31:24] [Worker-Main-7/WARN]: Unknown block 'biomesoplenty:fir_slab' in 'matchBlocks' element 'biomesoplenty:fir_slab:type=top' at index 50 in file 'minecraft:optifine/ctm/pine_planks_ctm_top.properties' in pack 'file/BOPPBR-FULL-RE1-v0.1.4.zip'
[17:31:24] [Worker-Main-7/WARN]: Unknown block 'biomesoplenty:fir_slab' in 'matchBlocks' element 'biomesoplenty:fir_slab:type=double' at index 51 in file 'minecraft:optifine/ctm/pine_planks_ctm_top.properties' in pack 'file/BOPPBR-FULL-RE1-v0.1.4.zip'
[17:31:24] [Worker-Main-7/WARN]: Unknown block 'biomesoplenty:maple_planks' in 'matchBlocks' element 'biomesoplenty:maple_planks' at index 52 in file 'minecraft:optifine/ctm/pine_planks_ctm_top.properties' in pack 'file/BOPPBR-FULL-RE1-v0.1.4.zip'
[17:31:24] [Worker-Main-7/WARN]: Unknown block 'biomesoplenty:maple_stairs' in 'matchBlocks' element 'biomesoplenty:maple_stairs:half=top' at index 53 in file 'minecraft:optifine/ctm/pine_planks_ctm_top.properties' in pack 'file/BOPPBR-FULL-RE1-v0.1.4.zip'
[17:31:24] [Worker-Main-7/WARN]: Unknown block 'biomesoplenty:maple_slab' in 'matchBlocks' element 'biomesoplenty:maple_slab:type=top' at index 54 in file 'minecraft:optifine/ctm/pine_planks_ctm_top.properties' in pack 'file/BOPPBR-FULL-RE1-v0.1.4.zip'
[17:31:24] [Worker-Main-7/WARN]: Unknown block 'biomesoplenty:maple_slab' in 'matchBlocks' element 'biomesoplenty:maple_slab:type=double' at index 55 in file 'minecraft:optifine/ctm/pine_planks_ctm_top.properties' in pack 'file/BOPPBR-FULL-RE1-v0.1.4.zip'
[17:31:24] [Worker-Main-7/WARN]: Unknown block 'biomesoplenty:redwood_planks' in 'matchBlocks' element 'biomesoplenty:redwood_planks' at index 56 in file 'minecraft:optifine/ctm/pine_planks_ctm_top.properties' in pack 'file/BOPPBR-FULL-RE1-v0.1.4.zip'
[17:31:24] [Worker-Main-7/WARN]: Unknown block 'biomesoplenty:redwood_stairs' in 'matchBlocks' element 'biomesoplenty:redwood_stairs:half=top' at index 57 in file 'minecraft:optifine/ctm/pine_planks_ctm_top.properties' in pack 'file/BOPPBR-FULL-RE1-v0.1.4.zip'
[17:31:24] [Worker-Main-7/WARN]: Unknown block 'biomesoplenty:redwood_slab' in 'matchBlocks' element 'biomesoplenty:redwood_slab:type=top' at index 58 in file 'minecraft:optifine/ctm/pine_planks_ctm_top.properties' in pack 'file/BOPPBR-FULL-RE1-v0.1.4.zip'
[17:31:24] [Worker-Main-7/WARN]: Unknown block 'biomesoplenty:redwood_slab' in 'matchBlocks' element 'biomesoplenty:redwood_slab:type=double' at index 59 in file 'minecraft:optifine/ctm/pine_planks_ctm_top.properties' in pack 'file/BOPPBR-FULL-RE1-v0.1.4.zip'
[17:31:24] [Worker-Main-7/WARN]: Unknown block 'biomesoplenty:mahogany_planks' in 'matchBlocks' element 'biomesoplenty:mahogany_planks' at index 60 in file 'minecraft:optifine/ctm/pine_planks_ctm_top.properties' in pack 'file/BOPPBR-FULL-RE1-v0.1.4.zip'
[17:31:24] [Worker-Main-7/WARN]: Unknown block 'biomesoplenty:mahogany_stairs' in 'matchBlocks' element 'biomesoplenty:mahogany_stairs:half=top' at index 61 in file 'minecraft:optifine/ctm/pine_planks_ctm_top.properties' in pack 'file/BOPPBR-FULL-RE1-v0.1.4.zip'
[17:31:24] [Worker-Main-7/WARN]: Unknown block 'biomesoplenty:mahogany_slab' in 'matchBlocks' element 'biomesoplenty:mahogany_slab:type=top' at index 62 in file 'minecraft:optifine/ctm/pine_planks_ctm_top.properties' in pack 'file/BOPPBR-FULL-RE1-v0.1.4.zip'
[17:31:24] [Worker-Main-7/WARN]: Unknown block 'biomesoplenty:mahogany_slab' in 'matchBlocks' element 'biomesoplenty:mahogany_slab:type=double' at index 63 in file 'minecraft:optifine/ctm/pine_planks_ctm_top.properties' in pack 'file/BOPPBR-FULL-RE1-v0.1.4.zip'
[17:31:24] [Worker-Main-7/WARN]: Unknown block 'biomesoplenty:jacaranda_planks' in 'matchBlocks' element 'biomesoplenty:jacaranda_planks' at index 64 in file 'minecraft:optifine/ctm/pine_planks_ctm_top.properties' in pack 'file/BOPPBR-FULL-RE1-v0.1.4.zip'
[17:31:24] [Worker-Main-7/WARN]: Unknown block 'biomesoplenty:jacaranda_stairs' in 'matchBlocks' element 'biomesoplenty:jacaranda_stairs:half=top' at index 65 in file 'minecraft:optifine/ctm/pine_planks_ctm_top.properties' in pack 'file/BOPPBR-FULL-RE1-v0.1.4.zip'
[17:31:24] [Worker-Main-7/WARN]: Unknown block 'biomesoplenty:jacaranda_slab' in 'matchBlocks' element 'biomesoplenty:jacaranda_slab:type=top' at index 66 in file 'minecraft:optifine/ctm/pine_planks_ctm_top.properties' in pack 'file/BOPPBR-FULL-RE1-v0.1.4.zip'
[17:31:24] [Worker-Main-7/WARN]: Unknown block 'biomesoplenty:jacaranda_slab' in 'matchBlocks' element 'biomesoplenty:jacaranda_slab:type=double' at index 67 in file 'minecraft:optifine/ctm/pine_planks_ctm_top.properties' in pack 'file/BOPPBR-FULL-RE1-v0.1.4.zip'
[17:31:24] [Worker-Main-7/WARN]: Unknown block 'biomesoplenty:palm_planks' in 'matchBlocks' element 'biomesoplenty:palm_planks' at index 68 in file 'minecraft:optifine/ctm/pine_planks_ctm_top.properties' in pack 'file/BOPPBR-FULL-RE1-v0.1.4.zip'
[17:31:24] [Worker-Main-7/WARN]: Unknown block 'biomesoplenty:palm_stairs' in 'matchBlocks' element 'biomesoplenty:palm_stairs:half=top' at index 69 in file 'minecraft:optifine/ctm/pine_planks_ctm_top.properties' in pack 'file/BOPPBR-FULL-RE1-v0.1.4.zip'
[17:31:24] [Worker-Main-7/WARN]: Unknown block 'biomesoplenty:palm_slab' in 'matchBlocks' element 'biomesoplenty:palm_slab:type=top' at index 70 in file 'minecraft:optifine/ctm/pine_planks_ctm_top.properties' in pack 'file/BOPPBR-FULL-RE1-v0.1.4.zip'
[17:31:24] [Worker-Main-7/WARN]: Unknown block 'biomesoplenty:palm_slab' in 'matchBlocks' element 'biomesoplenty:palm_slab:type=double' at index 71 in file 'minecraft:optifine/ctm/pine_planks_ctm_top.properties' in pack 'file/BOPPBR-FULL-RE1-v0.1.4.zip'
[17:31:24] [Worker-Main-7/WARN]: Unknown block 'biomesoplenty:willow_planks' in 'matchBlocks' element 'biomesoplenty:willow_planks' at index 72 in file 'minecraft:optifine/ctm/pine_planks_ctm_top.properties' in pack 'file/BOPPBR-FULL-RE1-v0.1.4.zip'
[17:31:24] [Worker-Main-7/WARN]: Unknown block 'biomesoplenty:willow_stairs' in 'matchBlocks' element 'biomesoplenty:willow_stairs:half=top' at index 73 in file 'minecraft:optifine/ctm/pine_planks_ctm_top.properties' in pack 'file/BOPPBR-FULL-RE1-v0.1.4.zip'
[17:31:24] [Worker-Main-7/WARN]: Unknown block 'biomesoplenty:willow_slab' in 'matchBlocks' element 'biomesoplenty:willow_slab:type=top' at index 74 in file 'minecraft:optifine/ctm/pine_planks_ctm_top.properties' in pack 'file/BOPPBR-FULL-RE1-v0.1.4.zip'
[17:31:24] [Worker-Main-7/WARN]: Unknown block 'biomesoplenty:willow_slab' in 'matchBlocks' element 'biomesoplenty:willow_slab:type=double' at index 75 in file 'minecraft:optifine/ctm/pine_planks_ctm_top.properties' in pack 'file/BOPPBR-FULL-RE1-v0.1.4.zip'
[17:31:24] [Worker-Main-7/WARN]: Unknown block 'biomesoplenty:dead_planks' in 'matchBlocks' element 'biomesoplenty:dead_planks' at index 76 in file 'minecraft:optifine/ctm/pine_planks_ctm_top.properties' in pack 'file/BOPPBR-FULL-RE1-v0.1.4.zip'
[17:31:24] [Worker-Main-7/WARN]: Unknown block 'biomesoplenty:dead_stairs' in 'matchBlocks' element 'biomesoplenty:dead_stairs:half=top' at index 77 in file 'minecraft:optifine/ctm/pine_planks_ctm_top.properties' in pack 'file/BOPPBR-FULL-RE1-v0.1.4.zip'
[17:31:24] [Worker-Main-7/WARN]: Unknown block 'biomesoplenty:dead_slab' in 'matchBlocks' element 'biomesoplenty:dead_slab:type=top' at index 78 in file 'minecraft:optifine/ctm/pine_planks_ctm_top.properties' in pack 'file/BOPPBR-FULL-RE1-v0.1.4.zip'
[17:31:24] [Worker-Main-7/WARN]: Unknown block 'biomesoplenty:dead_slab' in 'matchBlocks' element 'biomesoplenty:dead_slab:type=double' at index 79 in file 'minecraft:optifine/ctm/pine_planks_ctm_top.properties' in pack 'file/BOPPBR-FULL-RE1-v0.1.4.zip'
[17:31:24] [Worker-Main-7/WARN]: Unknown block 'biomesoplenty:magic_planks' in 'matchBlocks' element 'biomesoplenty:magic_planks' at index 80 in file 'minecraft:optifine/ctm/pine_planks_ctm_top.properties' in pack 'file/BOPPBR-FULL-RE1-v0.1.4.zip'
[17:31:24] [Worker-Main-7/WARN]: Unknown block 'biomesoplenty:magic_stairs' in 'matchBlocks' element 'biomesoplenty:magic_stairs:half=top' at index 81 in file 'minecraft:optifine/ctm/pine_planks_ctm_top.properties' in pack 'file/BOPPBR-FULL-RE1-v0.1.4.zip'
[17:31:24] [Worker-Main-7/WARN]: Unknown block 'biomesoplenty:magic_slab' in 'matchBlocks' element 'biomesoplenty:magic_slab:type=top' at index 82 in file 'minecraft:optifine/ctm/pine_planks_ctm_top.properties' in pack 'file/BOPPBR-FULL-RE1-v0.1.4.zip'
[17:31:24] [Worker-Main-7/WARN]: Unknown block 'biomesoplenty:magic_slab' in 'matchBlocks' element 'biomesoplenty:magic_slab:type=double' at index 83 in file 'minecraft:optifine/ctm/pine_planks_ctm_top.properties' in pack 'file/BOPPBR-FULL-RE1-v0.1.4.zip'
[17:31:24] [Worker-Main-7/WARN]: Unknown block 'biomesoplenty:umbran_planks' in 'matchBlocks' element 'biomesoplenty:umbran_planks' at index 84 in file 'minecraft:optifine/ctm/pine_planks_ctm_top.properties' in pack 'file/BOPPBR-FULL-RE1-v0.1.4.zip'
[17:31:24] [Worker-Main-7/WARN]: Unknown block 'biomesoplenty:umbran_stairs' in 'matchBlocks' element 'biomesoplenty:umbran_stairs:half=top' at index 85 in file 'minecraft:optifine/ctm/pine_planks_ctm_top.properties' in pack 'file/BOPPBR-FULL-RE1-v0.1.4.zip'
[17:31:24] [Worker-Main-7/WARN]: Unknown block 'biomesoplenty:umbran_slab' in 'matchBlocks' element 'biomesoplenty:umbran_slab:type=top' at index 86 in file 'minecraft:optifine/ctm/pine_planks_ctm_top.properties' in pack 'file/BOPPBR-FULL-RE1-v0.1.4.zip'
[17:31:24] [Worker-Main-7/WARN]: Unknown block 'biomesoplenty:umbran_slab' in 'matchBlocks' element 'biomesoplenty:umbran_slab:type=double' at index 87 in file 'minecraft:optifine/ctm/pine_planks_ctm_top.properties' in pack 'file/BOPPBR-FULL-RE1-v0.1.4.zip'
[17:31:24] [Worker-Main-7/WARN]: Unknown block 'biomesoplenty:hellbark_planks' in 'matchBlocks' element 'biomesoplenty:hellbark_planks' at index 88 in file 'minecraft:optifine/ctm/pine_planks_ctm_top.properties' in pack 'file/BOPPBR-FULL-RE1-v0.1.4.zip'
[17:31:24] [Worker-Main-7/WARN]: Unknown block 'biomesoplenty:hellbark_stairs' in 'matchBlocks' element 'biomesoplenty:hellbark_stairs:half=top' at index 89 in file 'minecraft:optifine/ctm/pine_planks_ctm_top.properties' in pack 'file/BOPPBR-FULL-RE1-v0.1.4.zip'
[17:31:24] [Worker-Main-7/WARN]: Unknown block 'biomesoplenty:hellbark_slab' in 'matchBlocks' element 'biomesoplenty:hellbark_slab:type=top' at index 90 in file 'minecraft:optifine/ctm/pine_planks_ctm_top.properties' in pack 'file/BOPPBR-FULL-RE1-v0.1.4.zip'
[17:31:24] [Worker-Main-7/WARN]: Unknown block 'biomesoplenty:hellbark_slab' in 'matchBlocks' element 'biomesoplenty:hellbark_slab:type=double' at index 91 in file 'minecraft:optifine/ctm/pine_planks_ctm_top.properties' in pack 'file/BOPPBR-FULL-RE1-v0.1.4.zip'
[17:31:24] [Worker-Main-7/WARN]: Unknown block 'biomesoplenty:empyreal_planks' in 'matchBlocks' element 'biomesoplenty:empyreal_planks' at index 92 in file 'minecraft:optifine/ctm/pine_planks_ctm_top.properties' in pack 'file/BOPPBR-FULL-RE1-v0.1.4.zip'
[17:31:24] [Worker-Main-7/WARN]: Unknown block 'biomesoplenty:empyreal_stairs' in 'matchBlocks' element 'biomesoplenty:empyreal_stairs:half=top' at index 93 in file 'minecraft:optifine/ctm/pine_planks_ctm_top.properties' in pack 'file/BOPPBR-FULL-RE1-v0.1.4.zip'
[17:31:24] [Worker-Main-7/WARN]: Unknown block 'biomesoplenty:empyreal_slab' in 'matchBlocks' element 'biomesoplenty:empyreal_slab:type=top' at index 94 in file 'minecraft:optifine/ctm/pine_planks_ctm_top.properties' in pack 'file/BOPPBR-FULL-RE1-v0.1.4.zip'
[17:31:24] [Worker-Main-7/WARN]: Unknown block 'biomesoplenty:empyreal_slab' in 'matchBlocks' element 'biomesoplenty:empyreal_slab:type=double' at index 95 in file 'minecraft:optifine/ctm/pine_planks_ctm_top.properties' in pack 'file/BOPPBR-FULL-RE1-v0.1.4.zip'
[17:31:24] [Worker-Main-7/WARN]: Unknown block 'biomesoplenty:pine_planks' in 'connectBlocks' element 'biomesoplenty:pine_planks' at index 0 in file 'minecraft:optifine/ctm/pine_planks_ctm_top.properties' in pack 'file/BOPPBR-FULL-RE1-v0.1.4.zip'
[17:31:24] [Worker-Main-7/WARN]: Unknown block 'biomesoplenty:redwood_planks' in 'connectBlocks' element 'biomesoplenty:redwood_planks' at index 0 in file 'minecraft:optifine/ctm/redwood_planks_ctm.properties' in pack 'file/BOPPBR-FULL-RE1-v0.1.4.zip'
[17:31:24] [Worker-Main-7/WARN]: Unknown block 'biomesoplenty:origin_oak_planks' in 'matchBlocks' element 'biomesoplenty:origin_oak_planks' at index 44 in file 'minecraft:optifine/ctm/redwood_planks_ctm_bottom.properties' in pack 'file/BOPPBR-FULL-RE1-v0.1.4.zip'
[17:31:24] [Worker-Main-7/WARN]: Unknown block 'biomesoplenty:origin_oak_stairs' in 'matchBlocks' element 'biomesoplenty:origin_oak_stairs:half=bottom' at index 45 in file 'minecraft:optifine/ctm/redwood_planks_ctm_bottom.properties' in pack 'file/BOPPBR-FULL-RE1-v0.1.4.zip'
[17:31:24] [Worker-Main-7/WARN]: Unknown block 'biomesoplenty:origin_oak_slab' in 'matchBlocks' element 'biomesoplenty:origin_oak_slab:type=bottom' at index 46 in file 'minecraft:optifine/ctm/redwood_planks_ctm_bottom.properties' in pack 'file/BOPPBR-FULL-RE1-v0.1.4.zip'
[17:31:24] [Worker-Main-7/WARN]: Unknown block 'biomesoplenty:origin_oak_slab' in 'matchBlocks' element 'biomesoplenty:origin_oak_slab:type=double' at index 47 in file 'minecraft:optifine/ctm/redwood_planks_ctm_bottom.properties' in pack 'file/BOPPBR-FULL-RE1-v0.1.4.zip'
[17:31:24] [Worker-Main-7/WARN]: Unknown block 'biomesoplenty:fir_planks' in 'matchBlocks' element 'biomesoplenty:fir_planks' at index 48 in file 'minecraft:optifine/ctm/redwood_planks_ctm_bottom.properties' in pack 'file/BOPPBR-FULL-RE1-v0.1.4.zip'
[17:31:24] [Worker-Main-7/WARN]: Unknown block 'biomesoplenty:fir_stairs' in 'matchBlocks' element 'biomesoplenty:fir_stairs:half=bottom' at index 49 in file 'minecraft:optifine/ctm/redwood_planks_ctm_bottom.properties' in pack 'file/BOPPBR-FULL-RE1-v0.1.4.zip'
[17:31:24] [Worker-Main-7/WARN]: Unknown block 'biomesoplenty:fir_slab' in 'matchBlocks' element 'biomesoplenty:fir_slab:type=bottom' at index 50 in file 'minecraft:optifine/ctm/redwood_planks_ctm_bottom.properties' in pack 'file/BOPPBR-FULL-RE1-v0.1.4.zip'
[17:31:24] [Worker-Main-7/WARN]: Unknown block 'biomesoplenty:fir_slab' in 'matchBlocks' element 'biomesoplenty:fir_slab:type=double' at index 51 in file 'minecraft:optifine/ctm/redwood_planks_ctm_bottom.properties' in pack 'file/BOPPBR-FULL-RE1-v0.1.4.zip'
[17:31:24] [Worker-Main-7/WARN]: Unknown block 'biomesoplenty:pine_planks' in 'matchBlocks' element 'biomesoplenty:pine_planks' at index 52 in file 'minecraft:optifine/ctm/redwood_planks_ctm_bottom.properties' in pack 'file/BOPPBR-FULL-RE1-v0.1.4.zip'
[17:31:24] [Worker-Main-7/WARN]: Unknown block 'biomesoplenty:pine_stairs' in 'matchBlocks' element 'biomesoplenty:pine_stairs:half=bottom' at index 53 in file 'minecraft:optifine/ctm/redwood_planks_ctm_bottom.properties' in pack 'file/BOPPBR-FULL-RE1-v0.1.4.zip'
[17:31:24] [Worker-Main-7/WARN]: Unknown block 'biomesoplenty:pine_slab' in 'matchBlocks' element 'biomesoplenty:pine_slab:type=bottom' at index 54 in file 'minecraft:optifine/ctm/redwood_planks_ctm_bottom.properties' in pack 'file/BOPPBR-FULL-RE1-v0.1.4.zip'
[17:31:24] [Worker-Main-7/WARN]: Unknown block 'biomesoplenty:pine_slab' in 'matchBlocks' element 'biomesoplenty:pine_slab:type=double' at index 55 in file 'minecraft:optifine/ctm/redwood_planks_ctm_bottom.properties' in pack 'file/BOPPBR-FULL-RE1-v0.1.4.zip'
[17:31:24] [Worker-Main-7/WARN]: Unknown block 'biomesoplenty:maple_planks' in 'matchBlocks' element 'biomesoplenty:maple_planks' at index 56 in file 'minecraft:optifine/ctm/redwood_planks_ctm_bottom.properties' in pack 'file/BOPPBR-FULL-RE1-v0.1.4.zip'
[17:31:24] [Worker-Main-7/WARN]: Unknown block 'biomesoplenty:maple_stairs' in 'matchBlocks' element 'biomesoplenty:maple_stairs:half=bottom' at index 57 in file 'minecraft:optifine/ctm/redwood_planks_ctm_bottom.properties' in pack 'file/BOPPBR-FULL-RE1-v0.1.4.zip'
[17:31:24] [Worker-Main-7/WARN]: Unknown block 'biomesoplenty:maple_slab' in 'matchBlocks' element 'biomesoplenty:maple_slab:type=bottom' at index 58 in file 'minecraft:optifine/ctm/redwood_planks_ctm_bottom.properties' in pack 'file/BOPPBR-FULL-RE1-v0.1.4.zip'
[17:31:24] [Worker-Main-7/WARN]: Unknown block 'biomesoplenty:maple_slab' in 'matchBlocks' element 'biomesoplenty:maple_slab:type=double' at index 59 in file 'minecraft:optifine/ctm/redwood_planks_ctm_bottom.properties' in pack 'file/BOPPBR-FULL-RE1-v0.1.4.zip'
[17:31:24] [Worker-Main-7/WARN]: Unknown block 'biomesoplenty:mahogany_planks' in 'matchBlocks' element 'biomesoplenty:mahogany_planks' at index 60 in file 'minecraft:optifine/ctm/redwood_planks_ctm_bottom.properties' in pack 'file/BOPPBR-FULL-RE1-v0.1.4.zip'
[17:31:24] [Worker-Main-7/WARN]: Unknown block 'biomesoplenty:mahogany_stairs' in 'matchBlocks' element 'biomesoplenty:mahogany_stairs:half=bottom' at index 61 in file 'minecraft:optifine/ctm/redwood_planks_ctm_bottom.properties' in pack 'file/BOPPBR-FULL-RE1-v0.1.4.zip'
[17:31:24] [Worker-Main-7/WARN]: Unknown block 'biomesoplenty:mahogany_slab' in 'matchBlocks' element 'biomesoplenty:mahogany_slab:type=bottom' at index 62 in file 'minecraft:optifine/ctm/redwood_planks_ctm_bottom.properties' in pack 'file/BOPPBR-FULL-RE1-v0.1.4.zip'
[17:31:24] [Worker-Main-7/WARN]: Unknown block 'biomesoplenty:mahogany_slab' in 'matchBlocks' element 'biomesoplenty:mahogany_slab:type=double' at index 63 in file 'minecraft:optifine/ctm/redwood_planks_ctm_bottom.properties' in pack 'file/BOPPBR-FULL-RE1-v0.1.4.zip'
[17:31:24] [Worker-Main-7/WARN]: Unknown block 'biomesoplenty:jacaranda_planks' in 'matchBlocks' element 'biomesoplenty:jacaranda_planks' at index 64 in file 'minecraft:optifine/ctm/redwood_planks_ctm_bottom.properties' in pack 'file/BOPPBR-FULL-RE1-v0.1.4.zip'
[17:31:24] [Worker-Main-7/WARN]: Unknown block 'biomesoplenty:jacaranda_stairs' in 'matchBlocks' element 'biomesoplenty:jacaranda_stairs:half=bottom' at index 65 in file 'minecraft:optifine/ctm/redwood_planks_ctm_bottom.properties' in pack 'file/BOPPBR-FULL-RE1-v0.1.4.zip'
[17:31:24] [Worker-Main-7/WARN]: Unknown block 'biomesoplenty:jacaranda_slab' in 'matchBlocks' element 'biomesoplenty:jacaranda_slab:type=bottom' at index 66 in file 'minecraft:optifine/ctm/redwood_planks_ctm_bottom.properties' in pack 'file/BOPPBR-FULL-RE1-v0.1.4.zip'
[17:31:24] [Worker-Main-7/WARN]: Unknown block 'biomesoplenty:jacaranda_slab' in 'matchBlocks' element 'biomesoplenty:jacaranda_slab:type=double' at index 67 in file 'minecraft:optifine/ctm/redwood_planks_ctm_bottom.properties' in pack 'file/BOPPBR-FULL-RE1-v0.1.4.zip'
[17:31:24] [Worker-Main-7/WARN]: Unknown block 'biomesoplenty:palm_planks' in 'matchBlocks' element 'biomesoplenty:palm_planks' at index 68 in file 'minecraft:optifine/ctm/redwood_planks_ctm_bottom.properties' in pack 'file/BOPPBR-FULL-RE1-v0.1.4.zip'
[17:31:24] [Worker-Main-7/WARN]: Unknown block 'biomesoplenty:palm_stairs' in 'matchBlocks' element 'biomesoplenty:palm_stairs:half=bottom' at index 69 in file 'minecraft:optifine/ctm/redwood_planks_ctm_bottom.properties' in pack 'file/BOPPBR-FULL-RE1-v0.1.4.zip'
[17:31:24] [Worker-Main-7/WARN]: Unknown block 'biomesoplenty:palm_slab' in 'matchBlocks' element 'biomesoplenty:palm_slab:type=bottom' at index 70 in file 'minecraft:optifine/ctm/redwood_planks_ctm_bottom.properties' in pack 'file/BOPPBR-FULL-RE1-v0.1.4.zip'
[17:31:24] [Worker-Main-7/WARN]: Unknown block 'biomesoplenty:palm_slab' in 'matchBlocks' element 'biomesoplenty:palm_slab:type=double' at index 71 in file 'minecraft:optifine/ctm/redwood_planks_ctm_bottom.properties' in pack 'file/BOPPBR-FULL-RE1-v0.1.4.zip'
[17:31:24] [Worker-Main-7/WARN]: Unknown block 'biomesoplenty:willow_planks' in 'matchBlocks' element 'biomesoplenty:willow_planks' at index 72 in file 'minecraft:optifine/ctm/redwood_planks_ctm_bottom.properties' in pack 'file/BOPPBR-FULL-RE1-v0.1.4.zip'
[17:31:24] [Worker-Main-7/WARN]: Unknown block 'biomesoplenty:willow_stairs' in 'matchBlocks' element 'biomesoplenty:willow_stairs:half=bottom' at index 73 in file 'minecraft:optifine/ctm/redwood_planks_ctm_bottom.properties' in pack 'file/BOPPBR-FULL-RE1-v0.1.4.zip'
[17:31:24] [Worker-Main-7/WARN]: Unknown block 'biomesoplenty:willow_slab' in 'matchBlocks' element 'biomesoplenty:willow_slab:type=bottom' at index 74 in file 'minecraft:optifine/ctm/redwood_planks_ctm_bottom.properties' in pack 'file/BOPPBR-FULL-RE1-v0.1.4.zip'
[17:31:24] [Worker-Main-7/WARN]: Unknown block 'biomesoplenty:willow_slab' in 'matchBlocks' element 'biomesoplenty:willow_slab:type=double' at index 75 in file 'minecraft:optifine/ctm/redwood_planks_ctm_bottom.properties' in pack 'file/BOPPBR-FULL-RE1-v0.1.4.zip'
[17:31:24] [Worker-Main-7/WARN]: Unknown block 'biomesoplenty:dead_planks' in 'matchBlocks' element 'biomesoplenty:dead_planks' at index 76 in file 'minecraft:optifine/ctm/redwood_planks_ctm_bottom.properties' in pack 'file/BOPPBR-FULL-RE1-v0.1.4.zip'
[17:31:24] [Worker-Main-7/WARN]: Unknown block 'biomesoplenty:dead_stairs' in 'matchBlocks' element 'biomesoplenty:dead_stairs:half=bottom' at index 77 in file 'minecraft:optifine/ctm/redwood_planks_ctm_bottom.properties' in pack 'file/BOPPBR-FULL-RE1-v0.1.4.zip'
[17:31:24] [Worker-Main-7/WARN]: Unknown block 'biomesoplenty:dead_slab' in 'matchBlocks' element 'biomesoplenty:dead_slab:type=bottom' at index 78 in file 'minecraft:optifine/ctm/redwood_planks_ctm_bottom.properties' in pack 'file/BOPPBR-FULL-RE1-v0.1.4.zip'
[17:31:24] [Worker-Main-7/WARN]: Unknown block 'biomesoplenty:dead_slab' in 'matchBlocks' element 'biomesoplenty:dead_slab:type=double' at index 79 in file 'minecraft:optifine/ctm/redwood_planks_ctm_bottom.properties' in pack 'file/BOPPBR-FULL-RE1-v0.1.4.zip'
[17:31:24] [Worker-Main-7/WARN]: Unknown block 'biomesoplenty:magic_planks' in 'matchBlocks' element 'biomesoplenty:magic_planks' at index 80 in file 'minecraft:optifine/ctm/redwood_planks_ctm_bottom.properties' in pack 'file/BOPPBR-FULL-RE1-v0.1.4.zip'
[17:31:24] [Worker-Main-7/WARN]: Unknown block 'biomesoplenty:magic_stairs' in 'matchBlocks' element 'biomesoplenty:magic_stairs:half=bottom' at index 81 in file 'minecraft:optifine/ctm/redwood_planks_ctm_bottom.properties' in pack 'file/BOPPBR-FULL-RE1-v0.1.4.zip'
[17:31:24] [Worker-Main-7/WARN]: Unknown block 'biomesoplenty:magic_slab' in 'matchBlocks' element 'biomesoplenty:magic_slab:type=bottom' at index 82 in file 'minecraft:optifine/ctm/redwood_planks_ctm_bottom.properties' in pack 'file/BOPPBR-FULL-RE1-v0.1.4.zip'
[17:31:24] [Worker-Main-7/WARN]: Unknown block 'biomesoplenty:magic_slab' in 'matchBlocks' element 'biomesoplenty:magic_slab:type=double' at index 83 in file 'minecraft:optifine/ctm/redwood_planks_ctm_bottom.properties' in pack 'file/BOPPBR-FULL-RE1-v0.1.4.zip'
[17:31:24] [Worker-Main-7/WARN]: Unknown block 'biomesoplenty:umbran_planks' in 'matchBlocks' element 'biomesoplenty:umbran_planks' at index 84 in file 'minecraft:optifine/ctm/redwood_planks_ctm_bottom.properties' in pack 'file/BOPPBR-FULL-RE1-v0.1.4.zip'
[17:31:24] [Worker-Main-7/WARN]: Unknown block 'biomesoplenty:umbran_stairs' in 'matchBlocks' element 'biomesoplenty:umbran_stairs:half=bottom' at index 85 in file 'minecraft:optifine/ctm/redwood_planks_ctm_bottom.properties' in pack 'file/BOPPBR-FULL-RE1-v0.1.4.zip'
[17:31:24] [Worker-Main-7/WARN]: Unknown block 'biomesoplenty:umbran_slab' in 'matchBlocks' element 'biomesoplenty:umbran_slab:type=bottom' at index 86 in file 'minecraft:optifine/ctm/redwood_planks_ctm_bottom.properties' in pack 'file/BOPPBR-FULL-RE1-v0.1.4.zip'
[17:31:24] [Worker-Main-7/WARN]: Unknown block 'biomesoplenty:umbran_slab' in 'matchBlocks' element 'biomesoplenty:umbran_slab:type=double' at index 87 in file 'minecraft:optifine/ctm/redwood_planks_ctm_bottom.properties' in pack 'file/BOPPBR-FULL-RE1-v0.1.4.zip'
[17:31:24] [Worker-Main-7/WARN]: Unknown block 'biomesoplenty:hellbark_planks' in 'matchBlocks' element 'biomesoplenty:hellbark_planks' at index 88 in file 'minecraft:optifine/ctm/redwood_planks_ctm_bottom.properties' in pack 'file/BOPPBR-FULL-RE1-v0.1.4.zip'
[17:31:24] [Worker-Main-7/WARN]: Unknown block 'biomesoplenty:hellbark_stairs' in 'matchBlocks' element 'biomesoplenty:hellbark_stairs:half=bottom' at index 89 in file 'minecraft:optifine/ctm/redwood_planks_ctm_bottom.properties' in pack 'file/BOPPBR-FULL-RE1-v0.1.4.zip'
[17:31:24] [Worker-Main-7/WARN]: Unknown block 'biomesoplenty:hellbark_slab' in 'matchBlocks' element 'biomesoplenty:hellbark_slab:type=bottom' at index 90 in file 'minecraft:optifine/ctm/redwood_planks_ctm_bottom.properties' in pack 'file/BOPPBR-FULL-RE1-v0.1.4.zip'
[17:31:24] [Worker-Main-7/WARN]: Unknown block 'biomesoplenty:hellbark_slab' in 'matchBlocks' element 'biomesoplenty:hellbark_slab:type=double' at index 91 in file 'minecraft:optifine/ctm/redwood_planks_ctm_bottom.properties' in pack 'file/BOPPBR-FULL-RE1-v0.1.4.zip'
[17:31:24] [Worker-Main-7/WARN]: Unknown block 'biomesoplenty:empyreal_planks' in 'matchBlocks' element 'biomesoplenty:empyreal_planks' at index 92 in file 'minecraft:optifine/ctm/redwood_planks_ctm_bottom.properties' in pack 'file/BOPPBR-FULL-RE1-v0.1.4.zip'
[17:31:24] [Worker-Main-7/WARN]: Unknown block 'biomesoplenty:empyreal_stairs' in 'matchBlocks' element 'biomesoplenty:empyreal_stairs:half=bottom' at index 93 in file 'minecraft:optifine/ctm/redwood_planks_ctm_bottom.properties' in pack 'file/BOPPBR-FULL-RE1-v0.1.4.zip'
[17:31:24] [Worker-Main-7/WARN]: Unknown block 'biomesoplenty:empyreal_slab' in 'matchBlocks' element 'biomesoplenty:empyreal_slab:type=bottom' at index 94 in file 'minecraft:optifine/ctm/redwood_planks_ctm_bottom.properties' in pack 'file/BOPPBR-FULL-RE1-v0.1.4.zip'
[17:31:24] [Worker-Main-7/WARN]: Unknown block 'biomesoplenty:empyreal_slab' in 'matchBlocks' element 'biomesoplenty:empyreal_slab:type=double' at index 95 in file 'minecraft:optifine/ctm/redwood_planks_ctm_bottom.properties' in pack 'file/BOPPBR-FULL-RE1-v0.1.4.zip'
[17:31:24] [Worker-Main-7/WARN]: Unknown block 'biomesoplenty:redwood_planks' in 'connectBlocks' element 'biomesoplenty:redwood_planks' at index 0 in file 'minecraft:optifine/ctm/redwood_planks_ctm_bottom.properties' in pack 'file/BOPPBR-FULL-RE1-v0.1.4.zip'
[17:31:24] [Worker-Main-7/WARN]: Unknown block 'biomesoplenty:origin_oak_planks' in 'matchBlocks' element 'biomesoplenty:origin_oak_planks' at index 22 in file 'minecraft:optifine/ctm/redwood_planks_ctm_sides.properties' in pack 'file/BOPPBR-FULL-RE1-v0.1.4.zip'
[17:31:24] [Worker-Main-7/WARN]: Unknown block 'biomesoplenty:origin_oak_slab' in 'matchBlocks' element 'biomesoplenty:origin_oak_slab:type=double' at index 23 in file 'minecraft:optifine/ctm/redwood_planks_ctm_sides.properties' in pack 'file/BOPPBR-FULL-RE1-v0.1.4.zip'
[17:31:24] [Worker-Main-7/WARN]: Unknown block 'biomesoplenty:fir_planks' in 'matchBlocks' element 'biomesoplenty:fir_planks' at index 24 in file 'minecraft:optifine/ctm/redwood_planks_ctm_sides.properties' in pack 'file/BOPPBR-FULL-RE1-v0.1.4.zip'
[17:31:24] [Worker-Main-7/WARN]: Unknown block 'biomesoplenty:fir_slab' in 'matchBlocks' element 'biomesoplenty:fir_slab:type=double' at index 25 in file 'minecraft:optifine/ctm/redwood_planks_ctm_sides.properties' in pack 'file/BOPPBR-FULL-RE1-v0.1.4.zip'
[17:31:24] [Worker-Main-7/WARN]: Unknown block 'biomesoplenty:pine_planks' in 'matchBlocks' element 'biomesoplenty:pine_planks' at index 26 in file 'minecraft:optifine/ctm/redwood_planks_ctm_sides.properties' in pack 'file/BOPPBR-FULL-RE1-v0.1.4.zip'
[17:31:24] [Worker-Main-7/WARN]: Unknown block 'biomesoplenty:pine_slab' in 'matchBlocks' element 'biomesoplenty:pine_slab:type=double' at index 27 in file 'minecraft:optifine/ctm/redwood_planks_ctm_sides.properties' in pack 'file/BOPPBR-FULL-RE1-v0.1.4.zip'
[17:31:24] [Worker-Main-7/WARN]: Unknown block 'biomesoplenty:maple_planks' in 'matchBlocks' element 'biomesoplenty:maple_planks' at index 28 in file 'minecraft:optifine/ctm/redwood_planks_ctm_sides.properties' in pack 'file/BOPPBR-FULL-RE1-v0.1.4.zip'
[17:31:24] [Worker-Main-7/WARN]: Unknown block 'biomesoplenty:maple_slab' in 'matchBlocks' element 'biomesoplenty:maple_slab:type=double' at index 29 in file 'minecraft:optifine/ctm/redwood_planks_ctm_sides.properties' in pack 'file/BOPPBR-FULL-RE1-v0.1.4.zip'
[17:31:24] [Worker-Main-7/WARN]: Unknown block 'biomesoplenty:mahogany_planks' in 'matchBlocks' element 'biomesoplenty:mahogany_planks' at index 30 in file 'minecraft:optifine/ctm/redwood_planks_ctm_sides.properties' in pack 'file/BOPPBR-FULL-RE1-v0.1.4.zip'
[17:31:24] [Worker-Main-7/WARN]: Unknown block 'biomesoplenty:mahogany_slab' in 'matchBlocks' element 'biomesoplenty:mahogany_slab:type=double' at index 31 in file 'minecraft:optifine/ctm/redwood_planks_ctm_sides.properties' in pack 'file/BOPPBR-FULL-RE1-v0.1.4.zip'
[17:31:24] [Worker-Main-7/WARN]: Unknown block 'biomesoplenty:jacaranda_planks' in 'matchBlocks' element 'biomesoplenty:jacaranda_planks' at index 32 in file 'minecraft:optifine/ctm/redwood_planks_ctm_sides.properties' in pack 'file/BOPPBR-FULL-RE1-v0.1.4.zip'
[17:31:24] [Worker-Main-7/WARN]: Unknown block 'biomesoplenty:jacaranda_slab' in 'matchBlocks' element 'biomesoplenty:jacaranda_slab:type=double' at index 33 in file 'minecraft:optifine/ctm/redwood_planks_ctm_sides.properties' in pack 'file/BOPPBR-FULL-RE1-v0.1.4.zip'
[17:31:24] [Worker-Main-7/WARN]: Unknown block 'biomesoplenty:palm_planks' in 'matchBlocks' element 'biomesoplenty:palm_planks' at index 34 in file 'minecraft:optifine/ctm/redwood_planks_ctm_sides.properties' in pack 'file/BOPPBR-FULL-RE1-v0.1.4.zip'
[17:31:24] [Worker-Main-7/WARN]: Unknown block 'biomesoplenty:palm_slab' in 'matchBlocks' element 'biomesoplenty:palm_slab:type=double' at index 35 in file 'minecraft:optifine/ctm/redwood_planks_ctm_sides.properties' in pack 'file/BOPPBR-FULL-RE1-v0.1.4.zip'
[17:31:24] [Worker-Main-7/WARN]: Unknown block 'biomesoplenty:willow_planks' in 'matchBlocks' element 'biomesoplenty:willow_planks' at index 36 in file 'minecraft:optifine/ctm/redwood_planks_ctm_sides.properties' in pack 'file/BOPPBR-FULL-RE1-v0.1.4.zip'
[17:31:24] [Worker-Main-7/WARN]: Unknown block 'biomesoplenty:willow_slab' in 'matchBlocks' element 'biomesoplenty:willow_slab:type=double' at index 37 in file 'minecraft:optifine/ctm/redwood_planks_ctm_sides.properties' in pack 'file/BOPPBR-FULL-RE1-v0.1.4.zip'
[17:31:24] [Worker-Main-7/WARN]: Unknown block 'biomesoplenty:dead_planks' in 'matchBlocks' element 'biomesoplenty:dead_planks' at index 38 in file 'minecraft:optifine/ctm/redwood_planks_ctm_sides.properties' in pack 'file/BOPPBR-FULL-RE1-v0.1.4.zip'
[17:31:24] [Worker-Main-7/WARN]: Unknown block 'biomesoplenty:dead_slab' in 'matchBlocks' element 'biomesoplenty:dead_slab:type=double' at index 39 in file 'minecraft:optifine/ctm/redwood_planks_ctm_sides.properties' in pack 'file/BOPPBR-FULL-RE1-v0.1.4.zip'
[17:31:24] [Worker-Main-7/WARN]: Unknown block 'biomesoplenty:magic_planks' in 'matchBlocks' element 'biomesoplenty:magic_planks' at index 40 in file 'minecraft:optifine/ctm/redwood_planks_ctm_sides.properties' in pack 'file/BOPPBR-FULL-RE1-v0.1.4.zip'
[17:31:24] [Worker-Main-7/WARN]: Unknown block 'biomesoplenty:magic_slab' in 'matchBlocks' element 'biomesoplenty:magic_slab:type=double' at index 41 in file 'minecraft:optifine/ctm/redwood_planks_ctm_sides.properties' in pack 'file/BOPPBR-FULL-RE1-v0.1.4.zip'
[17:31:24] [Worker-Main-7/WARN]: Unknown block 'biomesoplenty:umbran_planks' in 'matchBlocks' element 'biomesoplenty:umbran_planks' at index 42 in file 'minecraft:optifine/ctm/redwood_planks_ctm_sides.properties' in pack 'file/BOPPBR-FULL-RE1-v0.1.4.zip'
[17:31:24] [Worker-Main-7/WARN]: Unknown block 'biomesoplenty:umbran_slab' in 'matchBlocks' element 'biomesoplenty:umbran_slab:type=double' at index 43 in file 'minecraft:optifine/ctm/redwood_planks_ctm_sides.properties' in pack 'file/BOPPBR-FULL-RE1-v0.1.4.zip'
[17:31:24] [Worker-Main-7/WARN]: Unknown block 'biomesoplenty:hellbark_planks' in 'matchBlocks' element 'biomesoplenty:hellbark_planks' at index 44 in file 'minecraft:optifine/ctm/redwood_planks_ctm_sides.properties' in pack 'file/BOPPBR-FULL-RE1-v0.1.4.zip'
[17:31:24] [Worker-Main-7/WARN]: Unknown block 'biomesoplenty:hellbark_slab' in 'matchBlocks' element 'biomesoplenty:hellbark_slab:type=double' at index 45 in file 'minecraft:optifine/ctm/redwood_planks_ctm_sides.properties' in pack 'file/BOPPBR-FULL-RE1-v0.1.4.zip'
[17:31:24] [Worker-Main-7/WARN]: Unknown block 'biomesoplenty:empyreal_planks' in 'matchBlocks' element 'biomesoplenty:empyreal_planks' at index 46 in file 'minecraft:optifine/ctm/redwood_planks_ctm_sides.properties' in pack 'file/BOPPBR-FULL-RE1-v0.1.4.zip'
[17:31:24] [Worker-Main-7/WARN]: Unknown block 'biomesoplenty:empyreal_slab' in 'matchBlocks' element 'biomesoplenty:empyreal_slab:type=double' at index 47 in file 'minecraft:optifine/ctm/redwood_planks_ctm_sides.properties' in pack 'file/BOPPBR-FULL-RE1-v0.1.4.zip'
[17:31:24] [Worker-Main-7/WARN]: Unknown block 'biomesoplenty:redwood_planks' in 'connectBlocks' element 'biomesoplenty:redwood_planks' at index 0 in file 'minecraft:optifine/ctm/redwood_planks_ctm_sides.properties' in pack 'file/BOPPBR-FULL-RE1-v0.1.4.zip'
[17:31:24] [Worker-Main-7/WARN]: Unknown block 'biomesoplenty:origin_oak_planks' in 'matchBlocks' element 'biomesoplenty:origin_oak_planks' at index 44 in file 'minecraft:optifine/ctm/redwood_planks_ctm_top.properties' in pack 'file/BOPPBR-FULL-RE1-v0.1.4.zip'
[17:31:24] [Worker-Main-7/WARN]: Unknown block 'biomesoplenty:origin_oak_stairs' in 'matchBlocks' element 'biomesoplenty:origin_oak_stairs:half=top' at index 45 in file 'minecraft:optifine/ctm/redwood_planks_ctm_top.properties' in pack 'file/BOPPBR-FULL-RE1-v0.1.4.zip'
[17:31:24] [Worker-Main-7/WARN]: Unknown block 'biomesoplenty:origin_oak_slab' in 'matchBlocks' element 'biomesoplenty:origin_oak_slab:type=top' at index 46 in file 'minecraft:optifine/ctm/redwood_planks_ctm_top.properties' in pack 'file/BOPPBR-FULL-RE1-v0.1.4.zip'
[17:31:24] [Worker-Main-7/WARN]: Unknown block 'biomesoplenty:origin_oak_slab' in 'matchBlocks' element 'biomesoplenty:origin_oak_slab:type=double' at index 47 in file 'minecraft:optifine/ctm/redwood_planks_ctm_top.properties' in pack 'file/BOPPBR-FULL-RE1-v0.1.4.zip'
[17:31:24] [Worker-Main-7/WARN]: Unknown block 'biomesoplenty:fir_planks' in 'matchBlocks' element 'biomesoplenty:fir_planks' at index 48 in file 'minecraft:optifine/ctm/redwood_planks_ctm_top.properties' in pack 'file/BOPPBR-FULL-RE1-v0.1.4.zip'
[17:31:24] [Worker-Main-7/WARN]: Unknown block 'biomesoplenty:fir_stairs' in 'matchBlocks' element 'biomesoplenty:fir_stairs:half=top' at index 49 in file 'minecraft:optifine/ctm/redwood_planks_ctm_top.properties' in pack 'file/BOPPBR-FULL-RE1-v0.1.4.zip'
[17:31:24] [Worker-Main-7/WARN]: Unknown block 'biomesoplenty:fir_slab' in 'matchBlocks' element 'biomesoplenty:fir_slab:type=top' at index 50 in file 'minecraft:optifine/ctm/redwood_planks_ctm_top.properties' in pack 'file/BOPPBR-FULL-RE1-v0.1.4.zip'
[17:31:24] [Worker-Main-7/WARN]: Unknown block 'biomesoplenty:fir_slab' in 'matchBlocks' element 'biomesoplenty:fir_slab:type=double' at index 51 in file 'minecraft:optifine/ctm/redwood_planks_ctm_top.properties' in pack 'file/BOPPBR-FULL-RE1-v0.1.4.zip'
[17:31:24] [Worker-Main-7/WARN]: Unknown block 'biomesoplenty:pine_planks' in 'matchBlocks' element 'biomesoplenty:pine_planks' at index 52 in file 'minecraft:optifine/ctm/redwood_planks_ctm_top.properties' in pack 'file/BOPPBR-FULL-RE1-v0.1.4.zip'
[17:31:24] [Worker-Main-7/WARN]: Unknown block 'biomesoplenty:pine_stairs' in 'matchBlocks' element 'biomesoplenty:pine_stairs:half=top' at index 53 in file 'minecraft:optifine/ctm/redwood_planks_ctm_top.properties' in pack 'file/BOPPBR-FULL-RE1-v0.1.4.zip'
[17:31:24] [Worker-Main-7/WARN]: Unknown block 'biomesoplenty:pine_slab' in 'matchBlocks' element 'biomesoplenty:pine_slab:type=top' at index 54 in file 'minecraft:optifine/ctm/redwood_planks_ctm_top.properties' in pack 'file/BOPPBR-FULL-RE1-v0.1.4.zip'
[17:31:24] [Worker-Main-7/WARN]: Unknown block 'biomesoplenty:pine_slab' in 'matchBlocks' element 'biomesoplenty:pine_slab:type=double' at index 55 in file 'minecraft:optifine/ctm/redwood_planks_ctm_top.properties' in pack 'file/BOPPBR-FULL-RE1-v0.1.4.zip'
[17:31:24] [Worker-Main-7/WARN]: Unknown block 'biomesoplenty:maple_planks' in 'matchBlocks' element 'biomesoplenty:maple_planks' at index 56 in file 'minecraft:optifine/ctm/redwood_planks_ctm_top.properties' in pack 'file/BOPPBR-FULL-RE1-v0.1.4.zip'
[17:31:24] [Worker-Main-7/WARN]: Unknown block 'biomesoplenty:maple_stairs' in 'matchBlocks' element 'biomesoplenty:maple_stairs:half=top' at index 57 in file 'minecraft:optifine/ctm/redwood_planks_ctm_top.properties' in pack 'file/BOPPBR-FULL-RE1-v0.1.4.zip'
[17:31:24] [Worker-Main-7/WARN]: Unknown block 'biomesoplenty:maple_slab' in 'matchBlocks' element 'biomesoplenty:maple_slab:type=top' at index 58 in file 'minecraft:optifine/ctm/redwood_planks_ctm_top.properties' in pack 'file/BOPPBR-FULL-RE1-v0.1.4.zip'
[17:31:24] [Worker-Main-7/WARN]: Unknown block 'biomesoplenty:maple_slab' in 'matchBlocks' element 'biomesoplenty:maple_slab:type=double' at index 59 in file 'minecraft:optifine/ctm/redwood_planks_ctm_top.properties' in pack 'file/BOPPBR-FULL-RE1-v0.1.4.zip'
[17:31:24] [Worker-Main-7/WARN]: Unknown block 'biomesoplenty:mahogany_planks' in 'matchBlocks' element 'biomesoplenty:mahogany_planks' at index 60 in file 'minecraft:optifine/ctm/redwood_planks_ctm_top.properties' in pack 'file/BOPPBR-FULL-RE1-v0.1.4.zip'
[17:31:24] [Worker-Main-7/WARN]: Unknown block 'biomesoplenty:mahogany_stairs' in 'matchBlocks' element 'biomesoplenty:mahogany_stairs:half=top' at index 61 in file 'minecraft:optifine/ctm/redwood_planks_ctm_top.properties' in pack 'file/BOPPBR-FULL-RE1-v0.1.4.zip'
[17:31:24] [Worker-Main-7/WARN]: Unknown block 'biomesoplenty:mahogany_slab' in 'matchBlocks' element 'biomesoplenty:mahogany_slab:type=top' at index 62 in file 'minecraft:optifine/ctm/redwood_planks_ctm_top.properties' in pack 'file/BOPPBR-FULL-RE1-v0.1.4.zip'
[17:31:24] [Worker-Main-7/WARN]: Unknown block 'biomesoplenty:mahogany_slab' in 'matchBlocks' element 'biomesoplenty:mahogany_slab:type=double' at index 63 in file 'minecraft:optifine/ctm/redwood_planks_ctm_top.properties' in pack 'file/BOPPBR-FULL-RE1-v0.1.4.zip'
[17:31:24] [Worker-Main-7/WARN]: Unknown block 'biomesoplenty:jacaranda_planks' in 'matchBlocks' element 'biomesoplenty:jacaranda_planks' at index 64 in file 'minecraft:optifine/ctm/redwood_planks_ctm_top.properties' in pack 'file/BOPPBR-FULL-RE1-v0.1.4.zip'
[17:31:24] [Worker-Main-7/WARN]: Unknown block 'biomesoplenty:jacaranda_stairs' in 'matchBlocks' element 'biomesoplenty:jacaranda_stairs:half=top' at index 65 in file 'minecraft:optifine/ctm/redwood_planks_ctm_top.properties' in pack 'file/BOPPBR-FULL-RE1-v0.1.4.zip'
[17:31:24] [Worker-Main-7/WARN]: Unknown block 'biomesoplenty:jacaranda_slab' in 'matchBlocks' element 'biomesoplenty:jacaranda_slab:type=top' at index 66 in file 'minecraft:optifine/ctm/redwood_planks_ctm_top.properties' in pack 'file/BOPPBR-FULL-RE1-v0.1.4.zip'
[17:31:24] [Worker-Main-7/WARN]: Unknown block 'biomesoplenty:jacaranda_slab' in 'matchBlocks' element 'biomesoplenty:jacaranda_slab:type=double' at index 67 in file 'minecraft:optifine/ctm/redwood_planks_ctm_top.properties' in pack 'file/BOPPBR-FULL-RE1-v0.1.4.zip'
[17:31:24] [Worker-Main-7/WARN]: Unknown block 'biomesoplenty:palm_planks' in 'matchBlocks' element 'biomesoplenty:palm_planks' at index 68 in file 'minecraft:optifine/ctm/redwood_planks_ctm_top.properties' in pack 'file/BOPPBR-FULL-RE1-v0.1.4.zip'
[17:31:24] [Worker-Main-7/WARN]: Unknown block 'biomesoplenty:palm_stairs' in 'matchBlocks' element 'biomesoplenty:palm_stairs:half=top' at index 69 in file 'minecraft:optifine/ctm/redwood_planks_ctm_top.properties' in pack 'file/BOPPBR-FULL-RE1-v0.1.4.zip'
[17:31:24] [Worker-Main-7/WARN]: Unknown block 'biomesoplenty:palm_slab' in 'matchBlocks' element 'biomesoplenty:palm_slab:type=top' at index 70 in file 'minecraft:optifine/ctm/redwood_planks_ctm_top.properties' in pack 'file/BOPPBR-FULL-RE1-v0.1.4.zip'
[17:31:24] [Worker-Main-7/WARN]: Unknown block 'biomesoplenty:palm_slab' in 'matchBlocks' element 'biomesoplenty:palm_slab:type=double' at index 71 in file 'minecraft:optifine/ctm/redwood_planks_ctm_top.properties' in pack 'file/BOPPBR-FULL-RE1-v0.1.4.zip'
[17:31:24] [Worker-Main-7/WARN]: Unknown block 'biomesoplenty:willow_planks' in 'matchBlocks' element 'biomesoplenty:willow_planks' at index 72 in file 'minecraft:optifine/ctm/redwood_planks_ctm_top.properties' in pack 'file/BOPPBR-FULL-RE1-v0.1.4.zip'
[17:31:24] [Worker-Main-7/WARN]: Unknown block 'biomesoplenty:willow_stairs' in 'matchBlocks' element 'biomesoplenty:willow_stairs:half=top' at index 73 in file 'minecraft:optifine/ctm/redwood_planks_ctm_top.properties' in pack 'file/BOPPBR-FULL-RE1-v0.1.4.zip'
[17:31:24] [Worker-Main-7/WARN]: Unknown block 'biomesoplenty:willow_slab' in 'matchBlocks' element 'biomesoplenty:willow_slab:type=top' at index 74 in file 'minecraft:optifine/ctm/redwood_planks_ctm_top.properties' in pack 'file/BOPPBR-FULL-RE1-v0.1.4.zip'
[17:31:24] [Worker-Main-7/WARN]: Unknown block 'biomesoplenty:willow_slab' in 'matchBlocks' element 'biomesoplenty:willow_slab:type=double' at index 75 in file 'minecraft:optifine/ctm/redwood_planks_ctm_top.properties' in pack 'file/BOPPBR-FULL-RE1-v0.1.4.zip'
[17:31:24] [Worker-Main-7/WARN]: Unknown block 'biomesoplenty:dead_planks' in 'matchBlocks' element 'biomesoplenty:dead_planks' at index 76 in file 'minecraft:optifine/ctm/redwood_planks_ctm_top.properties' in pack 'file/BOPPBR-FULL-RE1-v0.1.4.zip'
[17:31:24] [Worker-Main-7/WARN]: Unknown block 'biomesoplenty:dead_stairs' in 'matchBlocks' element 'biomesoplenty:dead_stairs:half=top' at index 77 in file 'minecraft:optifine/ctm/redwood_planks_ctm_top.properties' in pack 'file/BOPPBR-FULL-RE1-v0.1.4.zip'
[17:31:24] [Worker-Main-7/WARN]: Unknown block 'biomesoplenty:dead_slab' in 'matchBlocks' element 'biomesoplenty:dead_slab:type=top' at index 78 in file 'minecraft:optifine/ctm/redwood_planks_ctm_top.properties' in pack 'file/BOPPBR-FULL-RE1-v0.1.4.zip'
[17:31:24] [Worker-Main-7/WARN]: Unknown block 'biomesoplenty:dead_slab' in 'matchBlocks' element 'biomesoplenty:dead_slab:type=double' at index 79 in file 'minecraft:optifine/ctm/redwood_planks_ctm_top.properties' in pack 'file/BOPPBR-FULL-RE1-v0.1.4.zip'
[17:31:24] [Worker-Main-7/WARN]: Unknown block 'biomesoplenty:magic_planks' in 'matchBlocks' element 'biomesoplenty:magic_planks' at index 80 in file 'minecraft:optifine/ctm/redwood_planks_ctm_top.properties' in pack 'file/BOPPBR-FULL-RE1-v0.1.4.zip'
[17:31:24] [Worker-Main-7/WARN]: Unknown block 'biomesoplenty:magic_stairs' in 'matchBlocks' element 'biomesoplenty:magic_stairs:half=top' at index 81 in file 'minecraft:optifine/ctm/redwood_planks_ctm_top.properties' in pack 'file/BOPPBR-FULL-RE1-v0.1.4.zip'
[17:31:24] [Worker-Main-7/WARN]: Unknown block 'biomesoplenty:magic_slab' in 'matchBlocks' element 'biomesoplenty:magic_slab:type=top' at index 82 in file 'minecraft:optifine/ctm/redwood_planks_ctm_top.properties' in pack 'file/BOPPBR-FULL-RE1-v0.1.4.zip'
[17:31:24] [Worker-Main-7/WARN]: Unknown block 'biomesoplenty:magic_slab' in 'matchBlocks' element 'biomesoplenty:magic_slab:type=double' at index 83 in file 'minecraft:optifine/ctm/redwood_planks_ctm_top.properties' in pack 'file/BOPPBR-FULL-RE1-v0.1.4.zip'
[17:31:24] [Worker-Main-7/WARN]: Unknown block 'biomesoplenty:umbran_planks' in 'matchBlocks' element 'biomesoplenty:umbran_planks' at index 84 in file 'minecraft:optifine/ctm/redwood_planks_ctm_top.properties' in pack 'file/BOPPBR-FULL-RE1-v0.1.4.zip'
[17:31:24] [Worker-Main-7/WARN]: Unknown block 'biomesoplenty:umbran_stairs' in 'matchBlocks' element 'biomesoplenty:umbran_stairs:half=top' at index 85 in file 'minecraft:optifine/ctm/redwood_planks_ctm_top.properties' in pack 'file/BOPPBR-FULL-RE1-v0.1.4.zip'
[17:31:24] [Worker-Main-7/WARN]: Unknown block 'biomesoplenty:umbran_slab' in 'matchBlocks' element 'biomesoplenty:umbran_slab:type=top' at index 86 in file 'minecraft:optifine/ctm/redwood_planks_ctm_top.properties' in pack 'file/BOPPBR-FULL-RE1-v0.1.4.zip'
[17:31:24] [Worker-Main-7/WARN]: Unknown block 'biomesoplenty:umbran_slab' in 'matchBlocks' element 'biomesoplenty:umbran_slab:type=double' at index 87 in file 'minecraft:optifine/ctm/redwood_planks_ctm_top.properties' in pack 'file/BOPPBR-FULL-RE1-v0.1.4.zip'
[17:31:24] [Worker-Main-7/WARN]: Unknown block 'biomesoplenty:hellbark_planks' in 'matchBlocks' element 'biomesoplenty:hellbark_planks' at index 88 in file 'minecraft:optifine/ctm/redwood_planks_ctm_top.properties' in pack 'file/BOPPBR-FULL-RE1-v0.1.4.zip'
[17:31:24] [Worker-Main-7/WARN]: Unknown block 'biomesoplenty:hellbark_stairs' in 'matchBlocks' element 'biomesoplenty:hellbark_stairs:half=top' at index 89 in file 'minecraft:optifine/ctm/redwood_planks_ctm_top.properties' in pack 'file/BOPPBR-FULL-RE1-v0.1.4.zip'
[17:31:24] [Worker-Main-7/WARN]: Unknown block 'biomesoplenty:hellbark_slab' in 'matchBlocks' element 'biomesoplenty:hellbark_slab:type=top' at index 90 in file 'minecraft:optifine/ctm/redwood_planks_ctm_top.properties' in pack 'file/BOPPBR-FULL-RE1-v0.1.4.zip'
[17:31:24] [Worker-Main-7/WARN]: Unknown block 'biomesoplenty:hellbark_slab' in 'matchBlocks' element 'biomesoplenty:hellbark_slab:type=double' at index 91 in file 'minecraft:optifine/ctm/redwood_planks_ctm_top.properties' in pack 'file/BOPPBR-FULL-RE1-v0.1.4.zip'
[17:31:24] [Worker-Main-7/WARN]: Unknown block 'biomesoplenty:empyreal_planks' in 'matchBlocks' element 'biomesoplenty:empyreal_planks' at index 92 in file 'minecraft:optifine/ctm/redwood_planks_ctm_top.properties' in pack 'file/BOPPBR-FULL-RE1-v0.1.4.zip'
[17:31:24] [Worker-Main-7/WARN]: Unknown block 'biomesoplenty:empyreal_stairs' in 'matchBlocks' element 'biomesoplenty:empyreal_stairs:half=top' at index 93 in file 'minecraft:optifine/ctm/redwood_planks_ctm_top.properties' in pack 'file/BOPPBR-FULL-RE1-v0.1.4.zip'
[17:31:24] [Worker-Main-7/WARN]: Unknown block 'biomesoplenty:empyreal_slab' in 'matchBlocks' element 'biomesoplenty:empyreal_slab:type=top' at index 94 in file 'minecraft:optifine/ctm/redwood_planks_ctm_top.properties' in pack 'file/BOPPBR-FULL-RE1-v0.1.4.zip'
[17:31:24] [Worker-Main-7/WARN]: Unknown block 'biomesoplenty:empyreal_slab' in 'matchBlocks' element 'biomesoplenty:empyreal_slab:type=double' at index 95 in file 'minecraft:optifine/ctm/redwood_planks_ctm_top.properties' in pack 'file/BOPPBR-FULL-RE1-v0.1.4.zip'
[17:31:24] [Worker-Main-7/WARN]: Unknown block 'biomesoplenty:redwood_planks' in 'connectBlocks' element 'biomesoplenty:redwood_planks' at index 0 in file 'minecraft:optifine/ctm/redwood_planks_ctm_top.properties' in pack 'file/BOPPBR-FULL-RE1-v0.1.4.zip'
[17:31:24] [Worker-Main-7/WARN]: Unknown block 'biomesoplenty:umbran_planks' in 'connectBlocks' element 'biomesoplenty:umbran_planks' at index 0 in file 'minecraft:optifine/ctm/umbran_planks_ctm.properties' in pack 'file/BOPPBR-FULL-RE1-v0.1.4.zip'
[17:31:24] [Worker-Main-7/WARN]: Unknown block 'biomesoplenty:origin_oak_planks' in 'matchBlocks' element 'biomesoplenty:origin_oak_planks' at index 44 in file 'minecraft:optifine/ctm/umbran_planks_ctm_bottom.properties' in pack 'file/BOPPBR-FULL-RE1-v0.1.4.zip'
[17:31:24] [Worker-Main-7/WARN]: Unknown block 'biomesoplenty:origin_oak_stairs' in 'matchBlocks' element 'biomesoplenty:origin_oak_stairs:half=bottom' at index 45 in file 'minecraft:optifine/ctm/umbran_planks_ctm_bottom.properties' in pack 'file/BOPPBR-FULL-RE1-v0.1.4.zip'
[17:31:24] [Worker-Main-7/WARN]: Unknown block 'biomesoplenty:origin_oak_slab' in 'matchBlocks' element 'biomesoplenty:origin_oak_slab:type=bottom' at index 46 in file 'minecraft:optifine/ctm/umbran_planks_ctm_bottom.properties' in pack 'file/BOPPBR-FULL-RE1-v0.1.4.zip'
[17:31:24] [Worker-Main-7/WARN]: Unknown block 'biomesoplenty:origin_oak_slab' in 'matchBlocks' element 'biomesoplenty:origin_oak_slab:type=double' at index 47 in file 'minecraft:optifine/ctm/umbran_planks_ctm_bottom.properties' in pack 'file/BOPPBR-FULL-RE1-v0.1.4.zip'
[17:31:24] [Worker-Main-7/WARN]: Unknown block 'biomesoplenty:fir_planks' in 'matchBlocks' element 'biomesoplenty:fir_planks' at index 48 in file 'minecraft:optifine/ctm/umbran_planks_ctm_bottom.properties' in pack 'file/BOPPBR-FULL-RE1-v0.1.4.zip'
[17:31:24] [Worker-Main-7/WARN]: Unknown block 'biomesoplenty:fir_stairs' in 'matchBlocks' element 'biomesoplenty:fir_stairs:half=bottom' at index 49 in file 'minecraft:optifine/ctm/umbran_planks_ctm_bottom.properties' in pack 'file/BOPPBR-FULL-RE1-v0.1.4.zip'
[17:31:24] [Worker-Main-7/WARN]: Unknown block 'biomesoplenty:fir_slab' in 'matchBlocks' element 'biomesoplenty:fir_slab:type=bottom' at index 50 in file 'minecraft:optifine/ctm/umbran_planks_ctm_bottom.properties' in pack 'file/BOPPBR-FULL-RE1-v0.1.4.zip'
[17:31:24] [Worker-Main-7/WARN]: Unknown block 'biomesoplenty:fir_slab' in 'matchBlocks' element 'biomesoplenty:fir_slab:type=double' at index 51 in file 'minecraft:optifine/ctm/umbran_planks_ctm_bottom.properties' in pack 'file/BOPPBR-FULL-RE1-v0.1.4.zip'
[17:31:24] [Worker-Main-7/WARN]: Unknown block 'biomesoplenty:pine_planks' in 'matchBlocks' element 'biomesoplenty:pine_planks' at index 52 in file 'minecraft:optifine/ctm/umbran_planks_ctm_bottom.properties' in pack 'file/BOPPBR-FULL-RE1-v0.1.4.zip'
[17:31:24] [Worker-Main-7/WARN]: Unknown block 'biomesoplenty:pine_stairs' in 'matchBlocks' element 'biomesoplenty:pine_stairs:half=bottom' at index 53 in file 'minecraft:optifine/ctm/umbran_planks_ctm_bottom.properties' in pack 'file/BOPPBR-FULL-RE1-v0.1.4.zip'
[17:31:24] [Worker-Main-7/WARN]: Unknown block 'biomesoplenty:pine_slab' in 'matchBlocks' element 'biomesoplenty:pine_slab:type=bottom' at index 54 in file 'minecraft:optifine/ctm/umbran_planks_ctm_bottom.properties' in pack 'file/BOPPBR-FULL-RE1-v0.1.4.zip'
[17:31:24] [Worker-Main-7/WARN]: Unknown block 'biomesoplenty:pine_slab' in 'matchBlocks' element 'biomesoplenty:pine_slab:type=double' at index 55 in file 'minecraft:optifine/ctm/umbran_planks_ctm_bottom.properties' in pack 'file/BOPPBR-FULL-RE1-v0.1.4.zip'
[17:31:24] [Worker-Main-7/WARN]: Unknown block 'biomesoplenty:maple_planks' in 'matchBlocks' element 'biomesoplenty:maple_planks' at index 56 in file 'minecraft:optifine/ctm/umbran_planks_ctm_bottom.properties' in pack 'file/BOPPBR-FULL-RE1-v0.1.4.zip'
[17:31:24] [Worker-Main-7/WARN]: Unknown block 'biomesoplenty:maple_stairs' in 'matchBlocks' element 'biomesoplenty:maple_stairs:half=bottom' at index 57 in file 'minecraft:optifine/ctm/umbran_planks_ctm_bottom.properties' in pack 'file/BOPPBR-FULL-RE1-v0.1.4.zip'
[17:31:24] [Worker-Main-7/WARN]: Unknown block 'biomesoplenty:maple_slab' in 'matchBlocks' element 'biomesoplenty:maple_slab:type=bottom' at index 58 in file 'minecraft:optifine/ctm/umbran_planks_ctm_bottom.properties' in pack 'file/BOPPBR-FULL-RE1-v0.1.4.zip'
[17:31:24] [Worker-Main-7/WARN]: Unknown block 'biomesoplenty:maple_slab' in 'matchBlocks' element 'biomesoplenty:maple_slab:type=double' at index 59 in file 'minecraft:optifine/ctm/umbran_planks_ctm_bottom.properties' in pack 'file/BOPPBR-FULL-RE1-v0.1.4.zip'
[17:31:24] [Worker-Main-7/WARN]: Unknown block 'biomesoplenty:redwood_planks' in 'matchBlocks' element 'biomesoplenty:redwood_planks' at index 60 in file 'minecraft:optifine/ctm/umbran_planks_ctm_bottom.properties' in pack 'file/BOPPBR-FULL-RE1-v0.1.4.zip'
[17:31:24] [Worker-Main-7/WARN]: Unknown block 'biomesoplenty:redwood_stairs' in 'matchBlocks' element 'biomesoplenty:redwood_stairs:half=bottom' at index 61 in file 'minecraft:optifine/ctm/umbran_planks_ctm_bottom.properties' in pack 'file/BOPPBR-FULL-RE1-v0.1.4.zip'
[17:31:24] [Worker-Main-7/WARN]: Unknown block 'biomesoplenty:redwood_slab' in 'matchBlocks' element 'biomesoplenty:redwood_slab:type=bottom' at index 62 in file 'minecraft:optifine/ctm/umbran_planks_ctm_bottom.properties' in pack 'file/BOPPBR-FULL-RE1-v0.1.4.zip'
[17:31:24] [Worker-Main-7/WARN]: Unknown block 'biomesoplenty:redwood_slab' in 'matchBlocks' element 'biomesoplenty:redwood_slab:type=double' at index 63 in file 'minecraft:optifine/ctm/umbran_planks_ctm_bottom.properties' in pack 'file/BOPPBR-FULL-RE1-v0.1.4.zip'
[17:31:24] [Worker-Main-7/WARN]: Unknown block 'biomesoplenty:mahogany_planks' in 'matchBlocks' element 'biomesoplenty:mahogany_planks' at index 64 in file 'minecraft:optifine/ctm/umbran_planks_ctm_bottom.properties' in pack 'file/BOPPBR-FULL-RE1-v0.1.4.zip'
[17:31:24] [Worker-Main-7/WARN]: Unknown block 'biomesoplenty:mahogany_stairs' in 'matchBlocks' element 'biomesoplenty:mahogany_stairs:half=bottom' at index 65 in file 'minecraft:optifine/ctm/umbran_planks_ctm_bottom.properties' in pack 'file/BOPPBR-FULL-RE1-v0.1.4.zip'
[17:31:24] [Worker-Main-7/WARN]: Unknown block 'biomesoplenty:mahogany_slab' in 'matchBlocks' element 'biomesoplenty:mahogany_slab:type=bottom' at index 66 in file 'minecraft:optifine/ctm/umbran_planks_ctm_bottom.properties' in pack 'file/BOPPBR-FULL-RE1-v0.1.4.zip'
[17:31:24] [Worker-Main-7/WARN]: Unknown block 'biomesoplenty:mahogany_slab' in 'matchBlocks' element 'biomesoplenty:mahogany_slab:type=double' at index 67 in file 'minecraft:optifine/ctm/umbran_planks_ctm_bottom.properties' in pack 'file/BOPPBR-FULL-RE1-v0.1.4.zip'
[17:31:24] [Worker-Main-7/WARN]: Unknown block 'biomesoplenty:jacaranda_planks' in 'matchBlocks' element 'biomesoplenty:jacaranda_planks' at index 68 in file 'minecraft:optifine/ctm/umbran_planks_ctm_bottom.properties' in pack 'file/BOPPBR-FULL-RE1-v0.1.4.zip'
[17:31:24] [Worker-Main-7/WARN]: Unknown block 'biomesoplenty:jacaranda_stairs' in 'matchBlocks' element 'biomesoplenty:jacaranda_stairs:half=bottom' at index 69 in file 'minecraft:optifine/ctm/umbran_planks_ctm_bottom.properties' in pack 'file/BOPPBR-FULL-RE1-v0.1.4.zip'
[17:31:24] [Worker-Main-7/WARN]: Unknown block 'biomesoplenty:jacaranda_slab' in 'matchBlocks' element 'biomesoplenty:jacaranda_slab:type=bottom' at index 70 in file 'minecraft:optifine/ctm/umbran_planks_ctm_bottom.properties' in pack 'file/BOPPBR-FULL-RE1-v0.1.4.zip'
[17:31:24] [Worker-Main-7/WARN]: Unknown block 'biomesoplenty:jacaranda_slab' in 'matchBlocks' element 'biomesoplenty:jacaranda_slab:type=double' at index 71 in file 'minecraft:optifine/ctm/umbran_planks_ctm_bottom.properties' in pack 'file/BOPPBR-FULL-RE1-v0.1.4.zip'
[17:31:24] [Worker-Main-7/WARN]: Unknown block 'biomesoplenty:palm_planks' in 'matchBlocks' element 'biomesoplenty:palm_planks' at index 72 in file 'minecraft:optifine/ctm/umbran_planks_ctm_bottom.properties' in pack 'file/BOPPBR-FULL-RE1-v0.1.4.zip'
[17:31:24] [Worker-Main-7/WARN]: Unknown block 'biomesoplenty:palm_stairs' in 'matchBlocks' element 'biomesoplenty:palm_stairs:half=bottom' at index 73 in file 'minecraft:optifine/ctm/umbran_planks_ctm_bottom.properties' in pack 'file/BOPPBR-FULL-RE1-v0.1.4.zip'
[17:31:24] [Worker-Main-7/WARN]: Unknown block 'biomesoplenty:palm_slab' in 'matchBlocks' element 'biomesoplenty:palm_slab:type=bottom' at index 74 in file 'minecraft:optifine/ctm/umbran_planks_ctm_bottom.properties' in pack 'file/BOPPBR-FULL-RE1-v0.1.4.zip'
[17:31:24] [Worker-Main-7/WARN]: Unknown block 'biomesoplenty:palm_slab' in 'matchBlocks' element 'biomesoplenty:palm_slab:type=double' at index 75 in file 'minecraft:optifine/ctm/umbran_planks_ctm_bottom.properties' in pack 'file/BOPPBR-FULL-RE1-v0.1.4.zip'
[17:31:24] [Worker-Main-7/WARN]: Unknown block 'biomesoplenty:willow_planks' in 'matchBlocks' element 'biomesoplenty:willow_planks' at index 76 in file 'minecraft:optifine/ctm/umbran_planks_ctm_bottom.properties' in pack 'file/BOPPBR-FULL-RE1-v0.1.4.zip'
[17:31:24] [Worker-Main-7/WARN]: Unknown block 'biomesoplenty:willow_stairs' in 'matchBlocks' element 'biomesoplenty:willow_stairs:half=bottom' at index 77 in file 'minecraft:optifine/ctm/umbran_planks_ctm_bottom.properties' in pack 'file/BOPPBR-FULL-RE1-v0.1.4.zip'
[17:31:24] [Worker-Main-7/WARN]: Unknown block 'biomesoplenty:willow_slab' in 'matchBlocks' element 'biomesoplenty:willow_slab:type=bottom' at index 78 in file 'minecraft:optifine/ctm/umbran_planks_ctm_bottom.properties' in pack 'file/BOPPBR-FULL-RE1-v0.1.4.zip'
[17:31:24] [Worker-Main-7/WARN]: Unknown block 'biomesoplenty:willow_slab' in 'matchBlocks' element 'biomesoplenty:willow_slab:type=double' at index 79 in file 'minecraft:optifine/ctm/umbran_planks_ctm_bottom.properties' in pack 'file/BOPPBR-FULL-RE1-v0.1.4.zip'
[17:31:24] [Worker-Main-7/WARN]: Unknown block 'biomesoplenty:dead_planks' in 'matchBlocks' element 'biomesoplenty:dead_planks' at index 80 in file 'minecraft:optifine/ctm/umbran_planks_ctm_bottom.properties' in pack 'file/BOPPBR-FULL-RE1-v0.1.4.zip'
[17:31:24] [Worker-Main-7/WARN]: Unknown block 'biomesoplenty:dead_stairs' in 'matchBlocks' element 'biomesoplenty:dead_stairs:half=bottom' at index 81 in file 'minecraft:optifine/ctm/umbran_planks_ctm_bottom.properties' in pack 'file/BOPPBR-FULL-RE1-v0.1.4.zip'
[17:31:24] [Worker-Main-7/WARN]: Unknown block 'biomesoplenty:dead_slab' in 'matchBlocks' element 'biomesoplenty:dead_slab:type=bottom' at index 82 in file 'minecraft:optifine/ctm/umbran_planks_ctm_bottom.properties' in pack 'file/BOPPBR-FULL-RE1-v0.1.4.zip'
[17:31:24] [Worker-Main-7/WARN]: Unknown block 'biomesoplenty:dead_slab' in 'matchBlocks' element 'biomesoplenty:dead_slab:type=double' at index 83 in file 'minecraft:optifine/ctm/umbran_planks_ctm_bottom.properties' in pack 'file/BOPPBR-FULL-RE1-v0.1.4.zip'
[17:31:24] [Worker-Main-7/WARN]: Unknown block 'biomesoplenty:magic_planks' in 'matchBlocks' element 'biomesoplenty:magic_planks' at index 84 in file 'minecraft:optifine/ctm/umbran_planks_ctm_bottom.properties' in pack 'file/BOPPBR-FULL-RE1-v0.1.4.zip'
[17:31:24] [Worker-Main-7/WARN]: Unknown block 'biomesoplenty:magic_stairs' in 'matchBlocks' element 'biomesoplenty:magic_stairs:half=bottom' at index 85 in file 'minecraft:optifine/ctm/umbran_planks_ctm_bottom.properties' in pack 'file/BOPPBR-FULL-RE1-v0.1.4.zip'
[17:31:24] [Worker-Main-7/WARN]: Unknown block 'biomesoplenty:magic_slab' in 'matchBlocks' element 'biomesoplenty:magic_slab:type=bottom' at index 86 in file 'minecraft:optifine/ctm/umbran_planks_ctm_bottom.properties' in pack 'file/BOPPBR-FULL-RE1-v0.1.4.zip'
[17:31:24] [Worker-Main-7/WARN]: Unknown block 'biomesoplenty:magic_slab' in 'matchBlocks' element 'biomesoplenty:magic_slab:type=double' at index 87 in file 'minecraft:optifine/ctm/umbran_planks_ctm_bottom.properties' in pack 'file/BOPPBR-FULL-RE1-v0.1.4.zip'
[17:31:24] [Worker-Main-7/WARN]: Unknown block 'biomesoplenty:hellbark_planks' in 'matchBlocks' element 'biomesoplenty:hellbark_planks' at index 88 in file 'minecraft:optifine/ctm/umbran_planks_ctm_bottom.properties' in pack 'file/BOPPBR-FULL-RE1-v0.1.4.zip'
[17:31:24] [Worker-Main-7/WARN]: Unknown block 'biomesoplenty:hellbark_stairs' in 'matchBlocks' element 'biomesoplenty:hellbark_stairs:half=bottom' at index 89 in file 'minecraft:optifine/ctm/umbran_planks_ctm_bottom.properties' in pack 'file/BOPPBR-FULL-RE1-v0.1.4.zip'
[17:31:24] [Worker-Main-7/WARN]: Unknown block 'biomesoplenty:hellbark_slab' in 'matchBlocks' element 'biomesoplenty:hellbark_slab:type=bottom' at index 90 in file 'minecraft:optifine/ctm/umbran_planks_ctm_bottom.properties' in pack 'file/BOPPBR-FULL-RE1-v0.1.4.zip'
[17:31:24] [Worker-Main-7/WARN]: Unknown block 'biomesoplenty:hellbark_slab' in 'matchBlocks' element 'biomesoplenty:hellbark_slab:type=double' at index 91 in file 'minecraft:optifine/ctm/umbran_planks_ctm_bottom.properties' in pack 'file/BOPPBR-FULL-RE1-v0.1.4.zip'
[17:31:24] [Worker-Main-7/WARN]: Unknown block 'biomesoplenty:empyreal_planks' in 'matchBlocks' element 'biomesoplenty:empyreal_planks' at index 92 in file 'minecraft:optifine/ctm/umbran_planks_ctm_bottom.properties' in pack 'file/BOPPBR-FULL-RE1-v0.1.4.zip'
[17:31:24] [Worker-Main-7/WARN]: Unknown block 'biomesoplenty:empyreal_stairs' in 'matchBlocks' element 'biomesoplenty:empyreal_stairs:half=bottom' at index 93 in file 'minecraft:optifine/ctm/umbran_planks_ctm_bottom.properties' in pack 'file/BOPPBR-FULL-RE1-v0.1.4.zip'
[17:31:24] [Worker-Main-7/WARN]: Unknown block 'biomesoplenty:empyreal_slab' in 'matchBlocks' element 'biomesoplenty:empyreal_slab:type=bottom' at index 94 in file 'minecraft:optifine/ctm/umbran_planks_ctm_bottom.properties' in pack 'file/BOPPBR-FULL-RE1-v0.1.4.zip'
[17:31:24] [Worker-Main-7/WARN]: Unknown block 'biomesoplenty:empyreal_slab' in 'matchBlocks' element 'biomesoplenty:empyreal_slab:type=double' at index 95 in file 'minecraft:optifine/ctm/umbran_planks_ctm_bottom.properties' in pack 'file/BOPPBR-FULL-RE1-v0.1.4.zip'
[17:31:24] [Worker-Main-7/WARN]: Unknown block 'biomesoplenty:umbran_planks' in 'connectBlocks' element 'biomesoplenty:umbran_planks' at index 0 in file 'minecraft:optifine/ctm/umbran_planks_ctm_bottom.properties' in pack 'file/BOPPBR-FULL-RE1-v0.1.4.zip'
[17:31:24] [Worker-Main-7/WARN]: Unknown block 'biomesoplenty:origin_oak_planks' in 'matchBlocks' element 'biomesoplenty:origin_oak_planks' at index 22 in file 'minecraft:optifine/ctm/umbran_planks_ctm_sides.properties' in pack 'file/BOPPBR-FULL-RE1-v0.1.4.zip'
[17:31:24] [Worker-Main-7/WARN]: Unknown block 'biomesoplenty:origin_oak_slab' in 'matchBlocks' element 'biomesoplenty:origin_oak_slab:type=double' at index 23 in file 'minecraft:optifine/ctm/umbran_planks_ctm_sides.properties' in pack 'file/BOPPBR-FULL-RE1-v0.1.4.zip'
[17:31:24] [Worker-Main-7/WARN]: Unknown block 'biomesoplenty:fir_planks' in 'matchBlocks' element 'biomesoplenty:fir_planks' at index 24 in file 'minecraft:optifine/ctm/umbran_planks_ctm_sides.properties' in pack 'file/BOPPBR-FULL-RE1-v0.1.4.zip'
[17:31:24] [Worker-Main-7/WARN]: Unknown block 'biomesoplenty:fir_slab' in 'matchBlocks' element 'biomesoplenty:fir_slab:type=double' at index 25 in file 'minecraft:optifine/ctm/umbran_planks_ctm_sides.properties' in pack 'file/BOPPBR-FULL-RE1-v0.1.4.zip'
[17:31:24] [Worker-Main-7/WARN]: Unknown block 'biomesoplenty:pine_planks' in 'matchBlocks' element 'biomesoplenty:pine_planks' at index 26 in file 'minecraft:optifine/ctm/umbran_planks_ctm_sides.properties' in pack 'file/BOPPBR-FULL-RE1-v0.1.4.zip'
[17:31:24] [Worker-Main-7/WARN]: Unknown block 'biomesoplenty:pine_slab' in 'matchBlocks' element 'biomesoplenty:pine_slab:type=double' at index 27 in file 'minecraft:optifine/ctm/umbran_planks_ctm_sides.properties' in pack 'file/BOPPBR-FULL-RE1-v0.1.4.zip'
[17:31:24] [Worker-Main-7/WARN]: Unknown block 'biomesoplenty:maple_planks' in 'matchBlocks' element 'biomesoplenty:maple_planks' at index 28 in file 'minecraft:optifine/ctm/umbran_planks_ctm_sides.properties' in pack 'file/BOPPBR-FULL-RE1-v0.1.4.zip'
[17:31:24] [Worker-Main-7/WARN]: Unknown block 'biomesoplenty:maple_slab' in 'matchBlocks' element 'biomesoplenty:maple_slab:type=double' at index 29 in file 'minecraft:optifine/ctm/umbran_planks_ctm_sides.properties' in pack 'file/BOPPBR-FULL-RE1-v0.1.4.zip'
[17:31:24] [Worker-Main-7/WARN]: Unknown block 'biomesoplenty:redwood_planks' in 'matchBlocks' element 'biomesoplenty:redwood_planks' at index 30 in file 'minecraft:optifine/ctm/umbran_planks_ctm_sides.properties' in pack 'file/BOPPBR-FULL-RE1-v0.1.4.zip'
[17:31:24] [Worker-Main-7/WARN]: Unknown block 'biomesoplenty:redwood_slab' in 'matchBlocks' element 'biomesoplenty:redwood_slab:type=double' at index 31 in file 'minecraft:optifine/ctm/umbran_planks_ctm_sides.properties' in pack 'file/BOPPBR-FULL-RE1-v0.1.4.zip'
[17:31:24] [Worker-Main-7/WARN]: Unknown block 'biomesoplenty:mahogany_planks' in 'matchBlocks' element 'biomesoplenty:mahogany_planks' at index 32 in file 'minecraft:optifine/ctm/umbran_planks_ctm_sides.properties' in pack 'file/BOPPBR-FULL-RE1-v0.1.4.zip'
[17:31:24] [Worker-Main-7/WARN]: Unknown block 'biomesoplenty:mahogany_slab' in 'matchBlocks' element 'biomesoplenty:mahogany_slab:type=double' at index 33 in file 'minecraft:optifine/ctm/umbran_planks_ctm_sides.properties' in pack 'file/BOPPBR-FULL-RE1-v0.1.4.zip'
[17:31:24] [Worker-Main-7/WARN]: Unknown block 'biomesoplenty:jacaranda_planks' in 'matchBlocks' element 'biomesoplenty:jacaranda_planks' at index 34 in file 'minecraft:optifine/ctm/umbran_planks_ctm_sides.properties' in pack 'file/BOPPBR-FULL-RE1-v0.1.4.zip'
[17:31:24] [Worker-Main-7/WARN]: Unknown block 'biomesoplenty:jacaranda_slab' in 'matchBlocks' element 'biomesoplenty:jacaranda_slab:type=double' at index 35 in file 'minecraft:optifine/ctm/umbran_planks_ctm_sides.properties' in pack 'file/BOPPBR-FULL-RE1-v0.1.4.zip'
[17:31:24] [Worker-Main-7/WARN]: Unknown block 'biomesoplenty:palm_planks' in 'matchBlocks' element 'biomesoplenty:palm_planks' at index 36 in file 'minecraft:optifine/ctm/umbran_planks_ctm_sides.properties' in pack 'file/BOPPBR-FULL-RE1-v0.1.4.zip'
[17:31:24] [Worker-Main-7/WARN]: Unknown block 'biomesoplenty:palm_slab' in 'matchBlocks' element 'biomesoplenty:palm_slab:type=double' at index 37 in file 'minecraft:optifine/ctm/umbran_planks_ctm_sides.properties' in pack 'file/BOPPBR-FULL-RE1-v0.1.4.zip'
[17:31:24] [Worker-Main-7/WARN]: Unknown block 'biomesoplenty:willow_planks' in 'matchBlocks' element 'biomesoplenty:willow_planks' at index 38 in file 'minecraft:optifine/ctm/umbran_planks_ctm_sides.properties' in pack 'file/BOPPBR-FULL-RE1-v0.1.4.zip'
[17:31:24] [Worker-Main-7/WARN]: Unknown block 'biomesoplenty:willow_slab' in 'matchBlocks' element 'biomesoplenty:willow_slab:type=double' at index 39 in file 'minecraft:optifine/ctm/umbran_planks_ctm_sides.properties' in pack 'file/BOPPBR-FULL-RE1-v0.1.4.zip'
[17:31:24] [Worker-Main-7/WARN]: Unknown block 'biomesoplenty:dead_planks' in 'matchBlocks' element 'biomesoplenty:dead_planks' at index 40 in file 'minecraft:optifine/ctm/umbran_planks_ctm_sides.properties' in pack 'file/BOPPBR-FULL-RE1-v0.1.4.zip'
[17:31:24] [Worker-Main-7/WARN]: Unknown block 'biomesoplenty:dead_slab' in 'matchBlocks' element 'biomesoplenty:dead_slab:type=double' at index 41 in file 'minecraft:optifine/ctm/umbran_planks_ctm_sides.properties' in pack 'file/BOPPBR-FULL-RE1-v0.1.4.zip'
[17:31:24] [Worker-Main-7/WARN]: Unknown block 'biomesoplenty:magic_planks' in 'matchBlocks' element 'biomesoplenty:magic_planks' at index 42 in file 'minecraft:optifine/ctm/umbran_planks_ctm_sides.properties' in pack 'file/BOPPBR-FULL-RE1-v0.1.4.zip'
[17:31:24] [Worker-Main-7/WARN]: Unknown block 'biomesoplenty:magic_slab' in 'matchBlocks' element 'biomesoplenty:magic_slab:type=double' at index 43 in file 'minecraft:optifine/ctm/umbran_planks_ctm_sides.properties' in pack 'file/BOPPBR-FULL-RE1-v0.1.4.zip'
[17:31:24] [Worker-Main-7/WARN]: Unknown block 'biomesoplenty:hellbark_planks' in 'matchBlocks' element 'biomesoplenty:hellbark_planks' at index 44 in file 'minecraft:optifine/ctm/umbran_planks_ctm_sides.properties' in pack 'file/BOPPBR-FULL-RE1-v0.1.4.zip'
[17:31:24] [Worker-Main-7/WARN]: Unknown block 'biomesoplenty:hellbark_slab' in 'matchBlocks' element 'biomesoplenty:hellbark_slab:type=double' at index 45 in file 'minecraft:optifine/ctm/umbran_planks_ctm_sides.properties' in pack 'file/BOPPBR-FULL-RE1-v0.1.4.zip'
[17:31:24] [Worker-Main-7/WARN]: Unknown block 'biomesoplenty:empyreal_planks' in 'matchBlocks' element 'biomesoplenty:empyreal_planks' at index 46 in file 'minecraft:optifine/ctm/umbran_planks_ctm_sides.properties' in pack 'file/BOPPBR-FULL-RE1-v0.1.4.zip'
[17:31:24] [Worker-Main-7/WARN]: Unknown block 'biomesoplenty:empyreal_slab' in 'matchBlocks' element 'biomesoplenty:empyreal_slab:type=double' at index 47 in file 'minecraft:optifine/ctm/umbran_planks_ctm_sides.properties' in pack 'file/BOPPBR-FULL-RE1-v0.1.4.zip'
[17:31:24] [Worker-Main-7/WARN]: Unknown block 'biomesoplenty:umbran_planks' in 'connectBlocks' element 'biomesoplenty:umbran_planks' at index 0 in file 'minecraft:optifine/ctm/umbran_planks_ctm_sides.properties' in pack 'file/BOPPBR-FULL-RE1-v0.1.4.zip'
[17:31:24] [Worker-Main-7/WARN]: Unknown block 'biomesoplenty:origin_oak_planks' in 'matchBlocks' element 'biomesoplenty:origin_oak_planks' at index 44 in file 'minecraft:optifine/ctm/umbran_planks_ctm_top.properties' in pack 'file/BOPPBR-FULL-RE1-v0.1.4.zip'
[17:31:24] [Worker-Main-7/WARN]: Unknown block 'biomesoplenty:origin_oak_stairs' in 'matchBlocks' element 'biomesoplenty:origin_oak_stairs:half=top' at index 45 in file 'minecraft:optifine/ctm/umbran_planks_ctm_top.properties' in pack 'file/BOPPBR-FULL-RE1-v0.1.4.zip'
[17:31:24] [Worker-Main-7/WARN]: Unknown block 'biomesoplenty:origin_oak_slab' in 'matchBlocks' element 'biomesoplenty:origin_oak_slab:type=top' at index 46 in file 'minecraft:optifine/ctm/umbran_planks_ctm_top.properties' in pack 'file/BOPPBR-FULL-RE1-v0.1.4.zip'
[17:31:24] [Worker-Main-7/WARN]: Unknown block 'biomesoplenty:origin_oak_slab' in 'matchBlocks' element 'biomesoplenty:origin_oak_slab:type=double' at index 47 in file 'minecraft:optifine/ctm/umbran_planks_ctm_top.properties' in pack 'file/BOPPBR-FULL-RE1-v0.1.4.zip'
[17:31:24] [Worker-Main-7/WARN]: Unknown block 'biomesoplenty:fir_planks' in 'matchBlocks' element 'biomesoplenty:fir_planks' at index 48 in file 'minecraft:optifine/ctm/umbran_planks_ctm_top.properties' in pack 'file/BOPPBR-FULL-RE1-v0.1.4.zip'
[17:31:24] [Worker-Main-7/WARN]: Unknown block 'biomesoplenty:fir_stairs' in 'matchBlocks' element 'biomesoplenty:fir_stairs:half=top' at index 49 in file 'minecraft:optifine/ctm/umbran_planks_ctm_top.properties' in pack 'file/BOPPBR-FULL-RE1-v0.1.4.zip'
[17:31:24] [Worker-Main-7/WARN]: Unknown block 'biomesoplenty:fir_slab' in 'matchBlocks' element 'biomesoplenty:fir_slab:type=top' at index 50 in file 'minecraft:optifine/ctm/umbran_planks_ctm_top.properties' in pack 'file/BOPPBR-FULL-RE1-v0.1.4.zip'
[17:31:24] [Worker-Main-7/WARN]: Unknown block 'biomesoplenty:fir_slab' in 'matchBlocks' element 'biomesoplenty:fir_slab:type=double' at index 51 in file 'minecraft:optifine/ctm/umbran_planks_ctm_top.properties' in pack 'file/BOPPBR-FULL-RE1-v0.1.4.zip'
[17:31:24] [Worker-Main-7/WARN]: Unknown block 'biomesoplenty:pine_planks' in 'matchBlocks' element 'biomesoplenty:pine_planks' at index 52 in file 'minecraft:optifine/ctm/umbran_planks_ctm_top.properties' in pack 'file/BOPPBR-FULL-RE1-v0.1.4.zip'
[17:31:24] [Worker-Main-7/WARN]: Unknown block 'biomesoplenty:pine_stairs' in 'matchBlocks' element 'biomesoplenty:pine_stairs:half=top' at index 53 in file 'minecraft:optifine/ctm/umbran_planks_ctm_top.properties' in pack 'file/BOPPBR-FULL-RE1-v0.1.4.zip'
[17:31:24] [Worker-Main-7/WARN]: Unknown block 'biomesoplenty:pine_slab' in 'matchBlocks' element 'biomesoplenty:pine_slab:type=top' at index 54 in file 'minecraft:optifine/ctm/umbran_planks_ctm_top.properties' in pack 'file/BOPPBR-FULL-RE1-v0.1.4.zip'
[17:31:24] [Worker-Main-7/WARN]: Unknown block 'biomesoplenty:pine_slab' in 'matchBlocks' element 'biomesoplenty:pine_slab:type=double' at index 55 in file 'minecraft:optifine/ctm/umbran_planks_ctm_top.properties' in pack 'file/BOPPBR-FULL-RE1-v0.1.4.zip'
[17:31:24] [Worker-Main-7/WARN]: Unknown block 'biomesoplenty:maple_planks' in 'matchBlocks' element 'biomesoplenty:maple_planks' at index 56 in file 'minecraft:optifine/ctm/umbran_planks_ctm_top.properties' in pack 'file/BOPPBR-FULL-RE1-v0.1.4.zip'
[17:31:24] [Worker-Main-7/WARN]: Unknown block 'biomesoplenty:maple_stairs' in 'matchBlocks' element 'biomesoplenty:maple_stairs:half=top' at index 57 in file 'minecraft:optifine/ctm/umbran_planks_ctm_top.properties' in pack 'file/BOPPBR-FULL-RE1-v0.1.4.zip'
[17:31:24] [Worker-Main-7/WARN]: Unknown block 'biomesoplenty:maple_slab' in 'matchBlocks' element 'biomesoplenty:maple_slab:type=top' at index 58 in file 'minecraft:optifine/ctm/umbran_planks_ctm_top.properties' in pack 'file/BOPPBR-FULL-RE1-v0.1.4.zip'
[17:31:24] [Worker-Main-7/WARN]: Unknown block 'biomesoplenty:maple_slab' in 'matchBlocks' element 'biomesoplenty:maple_slab:type=double' at index 59 in file 'minecraft:optifine/ctm/umbran_planks_ctm_top.properties' in pack 'file/BOPPBR-FULL-RE1-v0.1.4.zip'
[17:31:24] [Worker-Main-7/WARN]: Unknown block 'biomesoplenty:redwood_planks' in 'matchBlocks' element 'biomesoplenty:redwood_planks' at index 60 in file 'minecraft:optifine/ctm/umbran_planks_ctm_top.properties' in pack 'file/BOPPBR-FULL-RE1-v0.1.4.zip'
[17:31:24] [Worker-Main-7/WARN]: Unknown block 'biomesoplenty:redwood_stairs' in 'matchBlocks' element 'biomesoplenty:redwood_stairs:half=top' at index 61 in file 'minecraft:optifine/ctm/umbran_planks_ctm_top.properties' in pack 'file/BOPPBR-FULL-RE1-v0.1.4.zip'
[17:31:24] [Worker-Main-7/WARN]: Unknown block 'biomesoplenty:redwood_slab' in 'matchBlocks' element 'biomesoplenty:redwood_slab:type=top' at index 62 in file 'minecraft:optifine/ctm/umbran_planks_ctm_top.properties' in pack 'file/BOPPBR-FULL-RE1-v0.1.4.zip'
[17:31:24] [Worker-Main-7/WARN]: Unknown block 'biomesoplenty:redwood_slab' in 'matchBlocks' element 'biomesoplenty:redwood_slab:type=double' at index 63 in file 'minecraft:optifine/ctm/umbran_planks_ctm_top.properties' in pack 'file/BOPPBR-FULL-RE1-v0.1.4.zip'
[17:31:24] [Worker-Main-7/WARN]: Unknown block 'biomesoplenty:mahogany_planks' in 'matchBlocks' element 'biomesoplenty:mahogany_planks' at index 64 in file 'minecraft:optifine/ctm/umbran_planks_ctm_top.properties' in pack 'file/BOPPBR-FULL-RE1-v0.1.4.zip'
[17:31:24] [Worker-Main-7/WARN]: Unknown block 'biomesoplenty:mahogany_stairs' in 'matchBlocks' element 'biomesoplenty:mahogany_stairs:half=top' at index 65 in file 'minecraft:optifine/ctm/umbran_planks_ctm_top.properties' in pack 'file/BOPPBR-FULL-RE1-v0.1.4.zip'
[17:31:24] [Worker-Main-7/WARN]: Unknown block 'biomesoplenty:mahogany_slab' in 'matchBlocks' element 'biomesoplenty:mahogany_slab:type=top' at index 66 in file 'minecraft:optifine/ctm/umbran_planks_ctm_top.properties' in pack 'file/BOPPBR-FULL-RE1-v0.1.4.zip'
[17:31:24] [Worker-Main-7/WARN]: Unknown block 'biomesoplenty:mahogany_slab' in 'matchBlocks' element 'biomesoplenty:mahogany_slab:type=double' at index 67 in file 'minecraft:optifine/ctm/umbran_planks_ctm_top.properties' in pack 'file/BOPPBR-FULL-RE1-v0.1.4.zip'
[17:31:24] [Worker-Main-7/WARN]: Unknown block 'biomesoplenty:jacaranda_planks' in 'matchBlocks' element 'biomesoplenty:jacaranda_planks' at index 68 in file 'minecraft:optifine/ctm/umbran_planks_ctm_top.properties' in pack 'file/BOPPBR-FULL-RE1-v0.1.4.zip'
[17:31:24] [Worker-Main-7/WARN]: Unknown block 'biomesoplenty:jacaranda_stairs' in 'matchBlocks' element 'biomesoplenty:jacaranda_stairs:half=top' at index 69 in file 'minecraft:optifine/ctm/umbran_planks_ctm_top.properties' in pack 'file/BOPPBR-FULL-RE1-v0.1.4.zip'
[17:31:24] [Worker-Main-7/WARN]: Unknown block 'biomesoplenty:jacaranda_slab' in 'matchBlocks' element 'biomesoplenty:jacaranda_slab:type=top' at index 70 in file 'minecraft:optifine/ctm/umbran_planks_ctm_top.properties' in pack 'file/BOPPBR-FULL-RE1-v0.1.4.zip'
[17:31:24] [Worker-Main-7/WARN]: Unknown block 'biomesoplenty:jacaranda_slab' in 'matchBlocks' element 'biomesoplenty:jacaranda_slab:type=double' at index 71 in file 'minecraft:optifine/ctm/umbran_planks_ctm_top.properties' in pack 'file/BOPPBR-FULL-RE1-v0.1.4.zip'
[17:31:24] [Worker-Main-7/WARN]: Unknown block 'biomesoplenty:palm_planks' in 'matchBlocks' element 'biomesoplenty:palm_planks' at index 72 in file 'minecraft:optifine/ctm/umbran_planks_ctm_top.properties' in pack 'file/BOPPBR-FULL-RE1-v0.1.4.zip'
[17:31:24] [Worker-Main-7/WARN]: Unknown block 'biomesoplenty:palm_stairs' in 'matchBlocks' element 'biomesoplenty:palm_stairs:half=top' at index 73 in file 'minecraft:optifine/ctm/umbran_planks_ctm_top.properties' in pack 'file/BOPPBR-FULL-RE1-v0.1.4.zip'
[17:31:24] [Worker-Main-7/WARN]: Unknown block 'biomesoplenty:palm_slab' in 'matchBlocks' element 'biomesoplenty:palm_slab:type=top' at index 74 in file 'minecraft:optifine/ctm/umbran_planks_ctm_top.properties' in pack 'file/BOPPBR-FULL-RE1-v0.1.4.zip'
[17:31:24] [Worker-Main-7/WARN]: Unknown block 'biomesoplenty:palm_slab' in 'matchBlocks' element 'biomesoplenty:palm_slab:type=double' at index 75 in file 'minecraft:optifine/ctm/umbran_planks_ctm_top.properties' in pack 'file/BOPPBR-FULL-RE1-v0.1.4.zip'
[17:31:24] [Worker-Main-7/WARN]: Unknown block 'biomesoplenty:willow_planks' in 'matchBlocks' element 'biomesoplenty:willow_planks' at index 76 in file 'minecraft:optifine/ctm/umbran_planks_ctm_top.properties' in pack 'file/BOPPBR-FULL-RE1-v0.1.4.zip'
[17:31:24] [Worker-Main-7/WARN]: Unknown block 'biomesoplenty:willow_stairs' in 'matchBlocks' element 'biomesoplenty:willow_stairs:half=top' at index 77 in file 'minecraft:optifine/ctm/umbran_planks_ctm_top.properties' in pack 'file/BOPPBR-FULL-RE1-v0.1.4.zip'
[17:31:24] [Worker-Main-7/WARN]: Unknown block 'biomesoplenty:willow_slab' in 'matchBlocks' element 'biomesoplenty:willow_slab:type=top' at index 78 in file 'minecraft:optifine/ctm/umbran_planks_ctm_top.properties' in pack 'file/BOPPBR-FULL-RE1-v0.1.4.zip'
[17:31:24] [Worker-Main-7/WARN]: Unknown block 'biomesoplenty:willow_slab' in 'matchBlocks' element 'biomesoplenty:willow_slab:type=double' at index 79 in file 'minecraft:optifine/ctm/umbran_planks_ctm_top.properties' in pack 'file/BOPPBR-FULL-RE1-v0.1.4.zip'
[17:31:24] [Worker-Main-7/WARN]: Unknown block 'biomesoplenty:dead_planks' in 'matchBlocks' element 'biomesoplenty:dead_planks' at index 80 in file 'minecraft:optifine/ctm/umbran_planks_ctm_top.properties' in pack 'file/BOPPBR-FULL-RE1-v0.1.4.zip'
[17:31:24] [Worker-Main-7/WARN]: Unknown block 'biomesoplenty:dead_stairs' in 'matchBlocks' element 'biomesoplenty:dead_stairs:half=top' at index 81 in file 'minecraft:optifine/ctm/umbran_planks_ctm_top.properties' in pack 'file/BOPPBR-FULL-RE1-v0.1.4.zip'
[17:31:24] [Worker-Main-7/WARN]: Unknown block 'biomesoplenty:dead_slab' in 'matchBlocks' element 'biomesoplenty:dead_slab:type=top' at index 82 in file 'minecraft:optifine/ctm/umbran_planks_ctm_top.properties' in pack 'file/BOPPBR-FULL-RE1-v0.1.4.zip'
[17:31:24] [Worker-Main-7/WARN]: Unknown block 'biomesoplenty:dead_slab' in 'matchBlocks' element 'biomesoplenty:dead_slab:type=double' at index 83 in file 'minecraft:optifine/ctm/umbran_planks_ctm_top.properties' in pack 'file/BOPPBR-FULL-RE1-v0.1.4.zip'
[17:31:24] [Worker-Main-7/WARN]: Unknown block 'biomesoplenty:magic_planks' in 'matchBlocks' element 'biomesoplenty:magic_planks' at index 84 in file 'minecraft:optifine/ctm/umbran_planks_ctm_top.properties' in pack 'file/BOPPBR-FULL-RE1-v0.1.4.zip'
[17:31:24] [Worker-Main-7/WARN]: Unknown block 'biomesoplenty:magic_stairs' in 'matchBlocks' element 'biomesoplenty:magic_stairs:half=top' at index 85 in file 'minecraft:optifine/ctm/umbran_planks_ctm_top.properties' in pack 'file/BOPPBR-FULL-RE1-v0.1.4.zip'
[17:31:24] [Worker-Main-7/WARN]: Unknown block 'biomesoplenty:magic_slab' in 'matchBlocks' element 'biomesoplenty:magic_slab:type=top' at index 86 in file 'minecraft:optifine/ctm/umbran_planks_ctm_top.properties' in pack 'file/BOPPBR-FULL-RE1-v0.1.4.zip'
[17:31:24] [Worker-Main-7/WARN]: Unknown block 'biomesoplenty:magic_slab' in 'matchBlocks' element 'biomesoplenty:magic_slab:type=double' at index 87 in file 'minecraft:optifine/ctm/umbran_planks_ctm_top.properties' in pack 'file/BOPPBR-FULL-RE1-v0.1.4.zip'
[17:31:24] [Worker-Main-7/WARN]: Unknown block 'biomesoplenty:hellbark_planks' in 'matchBlocks' element 'biomesoplenty:hellbark_planks' at index 88 in file 'minecraft:optifine/ctm/umbran_planks_ctm_top.properties' in pack 'file/BOPPBR-FULL-RE1-v0.1.4.zip'
[17:31:24] [Worker-Main-7/WARN]: Unknown block 'biomesoplenty:hellbark_stairs' in 'matchBlocks' element 'biomesoplenty:hellbark_stairs:half=top' at index 89 in file 'minecraft:optifine/ctm/umbran_planks_ctm_top.properties' in pack 'file/BOPPBR-FULL-RE1-v0.1.4.zip'
[17:31:24] [Worker-Main-7/WARN]: Unknown block 'biomesoplenty:hellbark_slab' in 'matchBlocks' element 'biomesoplenty:hellbark_slab:type=top' at index 90 in file 'minecraft:optifine/ctm/umbran_planks_ctm_top.properties' in pack 'file/BOPPBR-FULL-RE1-v0.1.4.zip'
[17:31:24] [Worker-Main-7/WARN]: Unknown block 'biomesoplenty:hellbark_slab' in 'matchBlocks' element 'biomesoplenty:hellbark_slab:type=double' at index 91 in file 'minecraft:optifine/ctm/umbran_planks_ctm_top.properties' in pack 'file/BOPPBR-FULL-RE1-v0.1.4.zip'
[17:31:24] [Worker-Main-7/WARN]: Unknown block 'biomesoplenty:empyreal_planks' in 'matchBlocks' element 'biomesoplenty:empyreal_planks' at index 92 in file 'minecraft:optifine/ctm/umbran_planks_ctm_top.properties' in pack 'file/BOPPBR-FULL-RE1-v0.1.4.zip'
[17:31:24] [Worker-Main-7/WARN]: Unknown block 'biomesoplenty:empyreal_stairs' in 'matchBlocks' element 'biomesoplenty:empyreal_stairs:half=top' at index 93 in file 'minecraft:optifine/ctm/umbran_planks_ctm_top.properties' in pack 'file/BOPPBR-FULL-RE1-v0.1.4.zip'
[17:31:24] [Worker-Main-7/WARN]: Unknown block 'biomesoplenty:empyreal_slab' in 'matchBlocks' element 'biomesoplenty:empyreal_slab:type=top' at index 94 in file 'minecraft:optifine/ctm/umbran_planks_ctm_top.properties' in pack 'file/BOPPBR-FULL-RE1-v0.1.4.zip'
[17:31:24] [Worker-Main-7/WARN]: Unknown block 'biomesoplenty:empyreal_slab' in 'matchBlocks' element 'biomesoplenty:empyreal_slab:type=double' at index 95 in file 'minecraft:optifine/ctm/umbran_planks_ctm_top.properties' in pack 'file/BOPPBR-FULL-RE1-v0.1.4.zip'
[17:31:24] [Worker-Main-7/WARN]: Unknown block 'biomesoplenty:umbran_planks' in 'connectBlocks' element 'biomesoplenty:umbran_planks' at index 0 in file 'minecraft:optifine/ctm/umbran_planks_ctm_top.properties' in pack 'file/BOPPBR-FULL-RE1-v0.1.4.zip'
[17:31:24] [Worker-Main-7/WARN]: Unknown block 'biomesoplenty:willow_planks' in 'connectBlocks' element 'biomesoplenty:willow_planks' at index 0 in file 'minecraft:optifine/ctm/willow_planks_ctm.properties' in pack 'file/BOPPBR-FULL-RE1-v0.1.4.zip'
[17:31:24] [Worker-Main-7/WARN]: Unknown block 'biomesoplenty:origin_oak_planks' in 'matchBlocks' element 'biomesoplenty:origin_oak_planks' at index 44 in file 'minecraft:optifine/ctm/willow_planks_ctm_bottom.properties' in pack 'file/BOPPBR-FULL-RE1-v0.1.4.zip'
[17:31:24] [Worker-Main-7/WARN]: Unknown block 'biomesoplenty:origin_oak_stairs' in 'matchBlocks' element 'biomesoplenty:origin_oak_stairs:half=bottom' at index 45 in file 'minecraft:optifine/ctm/willow_planks_ctm_bottom.properties' in pack 'file/BOPPBR-FULL-RE1-v0.1.4.zip'
[17:31:24] [Worker-Main-7/WARN]: Unknown block 'biomesoplenty:origin_oak_slab' in 'matchBlocks' element 'biomesoplenty:origin_oak_slab:type=bottom' at index 46 in file 'minecraft:optifine/ctm/willow_planks_ctm_bottom.properties' in pack 'file/BOPPBR-FULL-RE1-v0.1.4.zip'
[17:31:24] [Worker-Main-7/WARN]: Unknown block 'biomesoplenty:origin_oak_slab' in 'matchBlocks' element 'biomesoplenty:origin_oak_slab:type=double' at index 47 in file 'minecraft:optifine/ctm/willow_planks_ctm_bottom.properties' in pack 'file/BOPPBR-FULL-RE1-v0.1.4.zip'
[17:31:24] [Worker-Main-7/WARN]: Unknown block 'biomesoplenty:fir_planks' in 'matchBlocks' element 'biomesoplenty:fir_planks' at index 48 in file 'minecraft:optifine/ctm/willow_planks_ctm_bottom.properties' in pack 'file/BOPPBR-FULL-RE1-v0.1.4.zip'
[17:31:24] [Worker-Main-7/WARN]: Unknown block 'biomesoplenty:fir_stairs' in 'matchBlocks' element 'biomesoplenty:fir_stairs:half=bottom' at index 49 in file 'minecraft:optifine/ctm/willow_planks_ctm_bottom.properties' in pack 'file/BOPPBR-FULL-RE1-v0.1.4.zip'
[17:31:24] [Worker-Main-7/WARN]: Unknown block 'biomesoplenty:fir_slab' in 'matchBlocks' element 'biomesoplenty:fir_slab:type=bottom' at index 50 in file 'minecraft:optifine/ctm/willow_planks_ctm_bottom.properties' in pack 'file/BOPPBR-FULL-RE1-v0.1.4.zip'
[17:31:24] [Worker-Main-7/WARN]: Unknown block 'biomesoplenty:fir_slab' in 'matchBlocks' element 'biomesoplenty:fir_slab:type=double' at index 51 in file 'minecraft:optifine/ctm/willow_planks_ctm_bottom.properties' in pack 'file/BOPPBR-FULL-RE1-v0.1.4.zip'
[17:31:24] [Worker-Main-7/WARN]: Unknown block 'biomesoplenty:pine_planks' in 'matchBlocks' element 'biomesoplenty:pine_planks' at index 52 in file 'minecraft:optifine/ctm/willow_planks_ctm_bottom.properties' in pack 'file/BOPPBR-FULL-RE1-v0.1.4.zip'
[17:31:24] [Worker-Main-7/WARN]: Unknown block 'biomesoplenty:pine_stairs' in 'matchBlocks' element 'biomesoplenty:pine_stairs:half=bottom' at index 53 in file 'minecraft:optifine/ctm/willow_planks_ctm_bottom.properties' in pack 'file/BOPPBR-FULL-RE1-v0.1.4.zip'
[17:31:24] [Worker-Main-7/WARN]: Unknown block 'biomesoplenty:pine_slab' in 'matchBlocks' element 'biomesoplenty:pine_slab:type=bottom' at index 54 in file 'minecraft:optifine/ctm/willow_planks_ctm_bottom.properties' in pack 'file/BOPPBR-FULL-RE1-v0.1.4.zip'
[17:31:24] [Worker-Main-7/WARN]: Unknown block 'biomesoplenty:pine_slab' in 'matchBlocks' element 'biomesoplenty:pine_slab:type=double' at index 55 in file 'minecraft:optifine/ctm/willow_planks_ctm_bottom.properties' in pack 'file/BOPPBR-FULL-RE1-v0.1.4.zip'
[17:31:24] [Worker-Main-7/WARN]: Unknown block 'biomesoplenty:maple_planks' in 'matchBlocks' element 'biomesoplenty:maple_planks' at index 56 in file 'minecraft:optifine/ctm/willow_planks_ctm_bottom.properties' in pack 'file/BOPPBR-FULL-RE1-v0.1.4.zip'
[17:31:24] [Worker-Main-7/WARN]: Unknown block 'biomesoplenty:maple_stairs' in 'matchBlocks' element 'biomesoplenty:maple_stairs:half=bottom' at index 57 in file 'minecraft:optifine/ctm/willow_planks_ctm_bottom.properties' in pack 'file/BOPPBR-FULL-RE1-v0.1.4.zip'
[17:31:24] [Worker-Main-7/WARN]: Unknown block 'biomesoplenty:maple_slab' in 'matchBlocks' element 'biomesoplenty:maple_slab:type=bottom' at index 58 in file 'minecraft:optifine/ctm/willow_planks_ctm_bottom.properties' in pack 'file/BOPPBR-FULL-RE1-v0.1.4.zip'
[17:31:24] [Worker-Main-7/WARN]: Unknown block 'biomesoplenty:maple_slab' in 'matchBlocks' element 'biomesoplenty:maple_slab:type=double' at index 59 in file 'minecraft:optifine/ctm/willow_planks_ctm_bottom.properties' in pack 'file/BOPPBR-FULL-RE1-v0.1.4.zip'
[17:31:24] [Worker-Main-7/WARN]: Unknown block 'biomesoplenty:redwood_planks' in 'matchBlocks' element 'biomesoplenty:redwood_planks' at index 60 in file 'minecraft:optifine/ctm/willow_planks_ctm_bottom.properties' in pack 'file/BOPPBR-FULL-RE1-v0.1.4.zip'
[17:31:24] [Worker-Main-7/WARN]: Unknown block 'biomesoplenty:redwood_stairs' in 'matchBlocks' element 'biomesoplenty:redwood_stairs:half=bottom' at index 61 in file 'minecraft:optifine/ctm/willow_planks_ctm_bottom.properties' in pack 'file/BOPPBR-FULL-RE1-v0.1.4.zip'
[17:31:24] [Worker-Main-7/WARN]: Unknown block 'biomesoplenty:redwood_slab' in 'matchBlocks' element 'biomesoplenty:redwood_slab:type=bottom' at index 62 in file 'minecraft:optifine/ctm/willow_planks_ctm_bottom.properties' in pack 'file/BOPPBR-FULL-RE1-v0.1.4.zip'
[17:31:24] [Worker-Main-7/WARN]: Unknown block 'biomesoplenty:redwood_slab' in 'matchBlocks' element 'biomesoplenty:redwood_slab:type=double' at index 63 in file 'minecraft:optifine/ctm/willow_planks_ctm_bottom.properties' in pack 'file/BOPPBR-FULL-RE1-v0.1.4.zip'
[17:31:24] [Worker-Main-7/WARN]: Unknown block 'biomesoplenty:mahogany_planks' in 'matchBlocks' element 'biomesoplenty:mahogany_planks' at index 64 in file 'minecraft:optifine/ctm/willow_planks_ctm_bottom.properties' in pack 'file/BOPPBR-FULL-RE1-v0.1.4.zip'
[17:31:24] [Worker-Main-7/WARN]: Unknown block 'biomesoplenty:mahogany_stairs' in 'matchBlocks' element 'biomesoplenty:mahogany_stairs:half=bottom' at index 65 in file 'minecraft:optifine/ctm/willow_planks_ctm_bottom.properties' in pack 'file/BOPPBR-FULL-RE1-v0.1.4.zip'
[17:31:24] [Worker-Main-7/WARN]: Unknown block 'biomesoplenty:mahogany_slab' in 'matchBlocks' element 'biomesoplenty:mahogany_slab:type=bottom' at index 66 in file 'minecraft:optifine/ctm/willow_planks_ctm_bottom.properties' in pack 'file/BOPPBR-FULL-RE1-v0.1.4.zip'
[17:31:24] [Worker-Main-7/WARN]: Unknown block 'biomesoplenty:mahogany_slab' in 'matchBlocks' element 'biomesoplenty:mahogany_slab:type=double' at index 67 in file 'minecraft:optifine/ctm/willow_planks_ctm_bottom.properties' in pack 'file/BOPPBR-FULL-RE1-v0.1.4.zip'
[17:31:24] [Worker-Main-7/WARN]: Unknown block 'biomesoplenty:jacaranda_planks' in 'matchBlocks' element 'biomesoplenty:jacaranda_planks' at index 68 in file 'minecraft:optifine/ctm/willow_planks_ctm_bottom.properties' in pack 'file/BOPPBR-FULL-RE1-v0.1.4.zip'
[17:31:24] [Worker-Main-7/WARN]: Unknown block 'biomesoplenty:jacaranda_stairs' in 'matchBlocks' element 'biomesoplenty:jacaranda_stairs:half=bottom' at index 69 in file 'minecraft:optifine/ctm/willow_planks_ctm_bottom.properties' in pack 'file/BOPPBR-FULL-RE1-v0.1.4.zip'
[17:31:24] [Worker-Main-7/WARN]: Unknown block 'biomesoplenty:jacaranda_slab' in 'matchBlocks' element 'biomesoplenty:jacaranda_slab:type=bottom' at index 70 in file 'minecraft:optifine/ctm/willow_planks_ctm_bottom.properties' in pack 'file/BOPPBR-FULL-RE1-v0.1.4.zip'
[17:31:24] [Worker-Main-7/WARN]: Unknown block 'biomesoplenty:jacaranda_slab' in 'matchBlocks' element 'biomesoplenty:jacaranda_slab:type=double' at index 71 in file 'minecraft:optifine/ctm/willow_planks_ctm_bottom.properties' in pack 'file/BOPPBR-FULL-RE1-v0.1.4.zip'
[17:31:24] [Worker-Main-7/WARN]: Unknown block 'biomesoplenty:palm_planks' in 'matchBlocks' element 'biomesoplenty:palm_planks' at index 72 in file 'minecraft:optifine/ctm/willow_planks_ctm_bottom.properties' in pack 'file/BOPPBR-FULL-RE1-v0.1.4.zip'
[17:31:24] [Worker-Main-7/WARN]: Unknown block 'biomesoplenty:palm_stairs' in 'matchBlocks' element 'biomesoplenty:palm_stairs:half=bottom' at index 73 in file 'minecraft:optifine/ctm/willow_planks_ctm_bottom.properties' in pack 'file/BOPPBR-FULL-RE1-v0.1.4.zip'
[17:31:24] [Worker-Main-7/WARN]: Unknown block 'biomesoplenty:palm_slab' in 'matchBlocks' element 'biomesoplenty:palm_slab:type=bottom' at index 74 in file 'minecraft:optifine/ctm/willow_planks_ctm_bottom.properties' in pack 'file/BOPPBR-FULL-RE1-v0.1.4.zip'
[17:31:24] [Worker-Main-7/WARN]: Unknown block 'biomesoplenty:palm_slab' in 'matchBlocks' element 'biomesoplenty:palm_slab:type=double' at index 75 in file 'minecraft:optifine/ctm/willow_planks_ctm_bottom.properties' in pack 'file/BOPPBR-FULL-RE1-v0.1.4.zip'
[17:31:24] [Worker-Main-7/WARN]: Unknown block 'biomesoplenty:dead_planks' in 'matchBlocks' element 'biomesoplenty:dead_planks' at index 76 in file 'minecraft:optifine/ctm/willow_planks_ctm_bottom.properties' in pack 'file/BOPPBR-FULL-RE1-v0.1.4.zip'
[17:31:24] [Worker-Main-7/WARN]: Unknown block 'biomesoplenty:dead_stairs' in 'matchBlocks' element 'biomesoplenty:dead_stairs:half=bottom' at index 77 in file 'minecraft:optifine/ctm/willow_planks_ctm_bottom.properties' in pack 'file/BOPPBR-FULL-RE1-v0.1.4.zip'
[17:31:24] [Worker-Main-7/WARN]: Unknown block 'biomesoplenty:dead_slab' in 'matchBlocks' element 'biomesoplenty:dead_slab:type=bottom' at index 78 in file 'minecraft:optifine/ctm/willow_planks_ctm_bottom.properties' in pack 'file/BOPPBR-FULL-RE1-v0.1.4.zip'
[17:31:24] [Worker-Main-7/WARN]: Unknown block 'biomesoplenty:dead_slab' in 'matchBlocks' element 'biomesoplenty:dead_slab:type=double' at index 79 in file 'minecraft:optifine/ctm/willow_planks_ctm_bottom.properties' in pack 'file/BOPPBR-FULL-RE1-v0.1.4.zip'
[17:31:24] [Worker-Main-7/WARN]: Unknown block 'biomesoplenty:magic_planks' in 'matchBlocks' element 'biomesoplenty:magic_planks' at index 80 in file 'minecraft:optifine/ctm/willow_planks_ctm_bottom.properties' in pack 'file/BOPPBR-FULL-RE1-v0.1.4.zip'
[17:31:24] [Worker-Main-7/WARN]: Unknown block 'biomesoplenty:magic_stairs' in 'matchBlocks' element 'biomesoplenty:magic_stairs:half=bottom' at index 81 in file 'minecraft:optifine/ctm/willow_planks_ctm_bottom.properties' in pack 'file/BOPPBR-FULL-RE1-v0.1.4.zip'
[17:31:24] [Worker-Main-7/WARN]: Unknown block 'biomesoplenty:magic_slab' in 'matchBlocks' element 'biomesoplenty:magic_slab:type=bottom' at index 82 in file 'minecraft:optifine/ctm/willow_planks_ctm_bottom.properties' in pack 'file/BOPPBR-FULL-RE1-v0.1.4.zip'
[17:31:24] [Worker-Main-7/WARN]: Unknown block 'biomesoplenty:magic_slab' in 'matchBlocks' element 'biomesoplenty:magic_slab:type=double' at index 83 in file 'minecraft:optifine/ctm/willow_planks_ctm_bottom.properties' in pack 'file/BOPPBR-FULL-RE1-v0.1.4.zip'
[17:31:24] [Worker-Main-7/WARN]: Unknown block 'biomesoplenty:umbran_planks' in 'matchBlocks' element 'biomesoplenty:umbran_planks' at index 84 in file 'minecraft:optifine/ctm/willow_planks_ctm_bottom.properties' in pack 'file/BOPPBR-FULL-RE1-v0.1.4.zip'
[17:31:24] [Worker-Main-7/WARN]: Unknown block 'biomesoplenty:umbran_stairs' in 'matchBlocks' element 'biomesoplenty:umbran_stairs:half=bottom' at index 85 in file 'minecraft:optifine/ctm/willow_planks_ctm_bottom.properties' in pack 'file/BOPPBR-FULL-RE1-v0.1.4.zip'
[17:31:24] [Worker-Main-7/WARN]: Unknown block 'biomesoplenty:umbran_slab' in 'matchBlocks' element 'biomesoplenty:umbran_slab:type=bottom' at index 86 in file 'minecraft:optifine/ctm/willow_planks_ctm_bottom.properties' in pack 'file/BOPPBR-FULL-RE1-v0.1.4.zip'
[17:31:24] [Worker-Main-7/WARN]: Unknown block 'biomesoplenty:umbran_slab' in 'matchBlocks' element 'biomesoplenty:umbran_slab:type=double' at index 87 in file 'minecraft:optifine/ctm/willow_planks_ctm_bottom.properties' in pack 'file/BOPPBR-FULL-RE1-v0.1.4.zip'
[17:31:24] [Worker-Main-7/WARN]: Unknown block 'biomesoplenty:hellbark_planks' in 'matchBlocks' element 'biomesoplenty:hellbark_planks' at index 88 in file 'minecraft:optifine/ctm/willow_planks_ctm_bottom.properties' in pack 'file/BOPPBR-FULL-RE1-v0.1.4.zip'
[17:31:24] [Worker-Main-7/WARN]: Unknown block 'biomesoplenty:hellbark_stairs' in 'matchBlocks' element 'biomesoplenty:hellbark_stairs:half=bottom' at index 89 in file 'minecraft:optifine/ctm/willow_planks_ctm_bottom.properties' in pack 'file/BOPPBR-FULL-RE1-v0.1.4.zip'
[17:31:24] [Worker-Main-7/WARN]: Unknown block 'biomesoplenty:hellbark_slab' in 'matchBlocks' element 'biomesoplenty:hellbark_slab:type=bottom' at index 90 in file 'minecraft:optifine/ctm/willow_planks_ctm_bottom.properties' in pack 'file/BOPPBR-FULL-RE1-v0.1.4.zip'
[17:31:24] [Worker-Main-7/WARN]: Unknown block 'biomesoplenty:hellbark_slab' in 'matchBlocks' element 'biomesoplenty:hellbark_slab:type=double' at index 91 in file 'minecraft:optifine/ctm/willow_planks_ctm_bottom.properties' in pack 'file/BOPPBR-FULL-RE1-v0.1.4.zip'
[17:31:24] [Worker-Main-7/WARN]: Unknown block 'biomesoplenty:empyreal_planks' in 'matchBlocks' element 'biomesoplenty:empyreal_planks' at index 92 in file 'minecraft:optifine/ctm/willow_planks_ctm_bottom.properties' in pack 'file/BOPPBR-FULL-RE1-v0.1.4.zip'
[17:31:24] [Worker-Main-7/WARN]: Unknown block 'biomesoplenty:empyreal_stairs' in 'matchBlocks' element 'biomesoplenty:empyreal_stairs:half=bottom' at index 93 in file 'minecraft:optifine/ctm/willow_planks_ctm_bottom.properties' in pack 'file/BOPPBR-FULL-RE1-v0.1.4.zip'
[17:31:24] [Worker-Main-7/WARN]: Unknown block 'biomesoplenty:empyreal_slab' in 'matchBlocks' element 'biomesoplenty:empyreal_slab:type=bottom' at index 94 in file 'minecraft:optifine/ctm/willow_planks_ctm_bottom.properties' in pack 'file/BOPPBR-FULL-RE1-v0.1.4.zip'
[17:31:24] [Worker-Main-7/WARN]: Unknown block 'biomesoplenty:empyreal_slab' in 'matchBlocks' element 'biomesoplenty:empyreal_slab:type=double' at index 95 in file 'minecraft:optifine/ctm/willow_planks_ctm_bottom.properties' in pack 'file/BOPPBR-FULL-RE1-v0.1.4.zip'
[17:31:24] [Worker-Main-7/WARN]: Unknown block 'biomesoplenty:willow_planks' in 'connectBlocks' element 'biomesoplenty:willow_planks' at index 0 in file 'minecraft:optifine/ctm/willow_planks_ctm_bottom.properties' in pack 'file/BOPPBR-FULL-RE1-v0.1.4.zip'
[17:31:24] [Worker-Main-7/WARN]: Unknown block 'biomesoplenty:origin_oak_planks' in 'matchBlocks' element 'biomesoplenty:origin_oak_planks' at index 22 in file 'minecraft:optifine/ctm/willow_planks_ctm_sides.properties' in pack 'file/BOPPBR-FULL-RE1-v0.1.4.zip'
[17:31:24] [Worker-Main-7/WARN]: Unknown block 'biomesoplenty:origin_oak_slab' in 'matchBlocks' element 'biomesoplenty:origin_oak_slab:type=double' at index 23 in file 'minecraft:optifine/ctm/willow_planks_ctm_sides.properties' in pack 'file/BOPPBR-FULL-RE1-v0.1.4.zip'
[17:31:24] [Worker-Main-7/WARN]: Unknown block 'biomesoplenty:fir_planks' in 'matchBlocks' element 'biomesoplenty:fir_planks' at index 24 in file 'minecraft:optifine/ctm/willow_planks_ctm_sides.properties' in pack 'file/BOPPBR-FULL-RE1-v0.1.4.zip'
[17:31:24] [Worker-Main-7/WARN]: Unknown block 'biomesoplenty:fir_slab' in 'matchBlocks' element 'biomesoplenty:fir_slab:type=double' at index 25 in file 'minecraft:optifine/ctm/willow_planks_ctm_sides.properties' in pack 'file/BOPPBR-FULL-RE1-v0.1.4.zip'
[17:31:24] [Worker-Main-7/WARN]: Unknown block 'biomesoplenty:pine_planks' in 'matchBlocks' element 'biomesoplenty:pine_planks' at index 26 in file 'minecraft:optifine/ctm/willow_planks_ctm_sides.properties' in pack 'file/BOPPBR-FULL-RE1-v0.1.4.zip'
[17:31:24] [Worker-Main-7/WARN]: Unknown block 'biomesoplenty:pine_slab' in 'matchBlocks' element 'biomesoplenty:pine_slab:type=double' at index 27 in file 'minecraft:optifine/ctm/willow_planks_ctm_sides.properties' in pack 'file/BOPPBR-FULL-RE1-v0.1.4.zip'
[17:31:24] [Worker-Main-7/WARN]: Unknown block 'biomesoplenty:maple_planks' in 'matchBlocks' element 'biomesoplenty:maple_planks' at index 28 in file 'minecraft:optifine/ctm/willow_planks_ctm_sides.properties' in pack 'file/BOPPBR-FULL-RE1-v0.1.4.zip'
[17:31:24] [Worker-Main-7/WARN]: Unknown block 'biomesoplenty:maple_slab' in 'matchBlocks' element 'biomesoplenty:maple_slab:type=double' at index 29 in file 'minecraft:optifine/ctm/willow_planks_ctm_sides.properties' in pack 'file/BOPPBR-FULL-RE1-v0.1.4.zip'
[17:31:24] [Worker-Main-7/WARN]: Unknown block 'biomesoplenty:redwood_planks' in 'matchBlocks' element 'biomesoplenty:redwood_planks' at index 30 in file 'minecraft:optifine/ctm/willow_planks_ctm_sides.properties' in pack 'file/BOPPBR-FULL-RE1-v0.1.4.zip'
[17:31:24] [Worker-Main-7/WARN]: Unknown block 'biomesoplenty:redwood_slab' in 'matchBlocks' element 'biomesoplenty:redwood_slab:type=double' at index 31 in file 'minecraft:optifine/ctm/willow_planks_ctm_sides.properties' in pack 'file/BOPPBR-FULL-RE1-v0.1.4.zip'
[17:31:24] [Worker-Main-7/WARN]: Unknown block 'biomesoplenty:mahogany_planks' in 'matchBlocks' element 'biomesoplenty:mahogany_planks' at index 32 in file 'minecraft:optifine/ctm/willow_planks_ctm_sides.properties' in pack 'file/BOPPBR-FULL-RE1-v0.1.4.zip'
[17:31:24] [Worker-Main-7/WARN]: Unknown block 'biomesoplenty:mahogany_slab' in 'matchBlocks' element 'biomesoplenty:mahogany_slab:type=double' at index 33 in file 'minecraft:optifine/ctm/willow_planks_ctm_sides.properties' in pack 'file/BOPPBR-FULL-RE1-v0.1.4.zip'
[17:31:24] [Worker-Main-7/WARN]: Unknown block 'biomesoplenty:jacaranda_planks' in 'matchBlocks' element 'biomesoplenty:jacaranda_planks' at index 34 in file 'minecraft:optifine/ctm/willow_planks_ctm_sides.properties' in pack 'file/BOPPBR-FULL-RE1-v0.1.4.zip'
[17:31:24] [Worker-Main-7/WARN]: Unknown block 'biomesoplenty:jacaranda_slab' in 'matchBlocks' element 'biomesoplenty:jacaranda_slab:type=double' at index 35 in file 'minecraft:optifine/ctm/willow_planks_ctm_sides.properties' in pack 'file/BOPPBR-FULL-RE1-v0.1.4.zip'
[17:31:24] [Worker-Main-7/WARN]: Unknown block 'biomesoplenty:palm_planks' in 'matchBlocks' element 'biomesoplenty:palm_planks' at index 36 in file 'minecraft:optifine/ctm/willow_planks_ctm_sides.properties' in pack 'file/BOPPBR-FULL-RE1-v0.1.4.zip'
[17:31:24] [Worker-Main-7/WARN]: Unknown block 'biomesoplenty:palm_slab' in 'matchBlocks' element 'biomesoplenty:palm_slab:type=double' at index 37 in file 'minecraft:optifine/ctm/willow_planks_ctm_sides.properties' in pack 'file/BOPPBR-FULL-RE1-v0.1.4.zip'
[17:31:24] [Worker-Main-7/WARN]: Unknown block 'biomesoplenty:dead_planks' in 'matchBlocks' element 'biomesoplenty:dead_planks' at index 38 in file 'minecraft:optifine/ctm/willow_planks_ctm_sides.properties' in pack 'file/BOPPBR-FULL-RE1-v0.1.4.zip'
[17:31:24] [Worker-Main-7/WARN]: Unknown block 'biomesoplenty:dead_slab' in 'matchBlocks' element 'biomesoplenty:dead_slab:type=double' at index 39 in file 'minecraft:optifine/ctm/willow_planks_ctm_sides.properties' in pack 'file/BOPPBR-FULL-RE1-v0.1.4.zip'
[17:31:24] [Worker-Main-7/WARN]: Unknown block 'biomesoplenty:magic_planks' in 'matchBlocks' element 'biomesoplenty:magic_planks' at index 40 in file 'minecraft:optifine/ctm/willow_planks_ctm_sides.properties' in pack 'file/BOPPBR-FULL-RE1-v0.1.4.zip'
[17:31:24] [Worker-Main-7/WARN]: Unknown block 'biomesoplenty:magic_slab' in 'matchBlocks' element 'biomesoplenty:magic_slab:type=double' at index 41 in file 'minecraft:optifine/ctm/willow_planks_ctm_sides.properties' in pack 'file/BOPPBR-FULL-RE1-v0.1.4.zip'
[17:31:24] [Worker-Main-7/WARN]: Unknown block 'biomesoplenty:umbran_planks' in 'matchBlocks' element 'biomesoplenty:umbran_planks' at index 42 in file 'minecraft:optifine/ctm/willow_planks_ctm_sides.properties' in pack 'file/BOPPBR-FULL-RE1-v0.1.4.zip'
[17:31:24] [Worker-Main-7/WARN]: Unknown block 'biomesoplenty:umbran_slab' in 'matchBlocks' element 'biomesoplenty:umbran_slab:type=double' at index 43 in file 'minecraft:optifine/ctm/willow_planks_ctm_sides.properties' in pack 'file/BOPPBR-FULL-RE1-v0.1.4.zip'
[17:31:24] [Worker-Main-7/WARN]: Unknown block 'biomesoplenty:hellbark_planks' in 'matchBlocks' element 'biomesoplenty:hellbark_planks' at index 44 in file 'minecraft:optifine/ctm/willow_planks_ctm_sides.properties' in pack 'file/BOPPBR-FULL-RE1-v0.1.4.zip'
[17:31:24] [Worker-Main-7/WARN]: Unknown block 'biomesoplenty:hellbark_slab' in 'matchBlocks' element 'biomesoplenty:hellbark_slab:type=double' at index 45 in file 'minecraft:optifine/ctm/willow_planks_ctm_sides.properties' in pack 'file/BOPPBR-FULL-RE1-v0.1.4.zip'
[17:31:24] [Worker-Main-7/WARN]: Unknown block 'biomesoplenty:empyreal_planks' in 'matchBlocks' element 'biomesoplenty:empyreal_planks' at index 46 in file 'minecraft:optifine/ctm/willow_planks_ctm_sides.properties' in pack 'file/BOPPBR-FULL-RE1-v0.1.4.zip'
[17:31:24] [Worker-Main-7/WARN]: Unknown block 'biomesoplenty:empyreal_slab' in 'matchBlocks' element 'biomesoplenty:empyreal_slab:type=double' at index 47 in file 'minecraft:optifine/ctm/willow_planks_ctm_sides.properties' in pack 'file/BOPPBR-FULL-RE1-v0.1.4.zip'
[17:31:24] [Worker-Main-7/WARN]: Unknown block 'biomesoplenty:willow_planks' in 'connectBlocks' element 'biomesoplenty:willow_planks' at index 0 in file 'minecraft:optifine/ctm/willow_planks_ctm_sides.properties' in pack 'file/BOPPBR-FULL-RE1-v0.1.4.zip'
[17:31:24] [Worker-Main-7/WARN]: Unknown block 'biomesoplenty:mossy_black_sand' in 'matchBlocks' element 'biomesoplenty:mossy_black_sand' at index 36 in file 'biomesoplenty:optifine/ctm/black_sand.properties' in pack 'file/BOPPBR-FULL-RE1-v0.1.4.zip'
[17:31:24] [Worker-Main-7/WARN]: Unknown block 'biomesoplenty:black_sand' in 'matchBlocks' element 'biomesoplenty:black_sand' at index 37 in file 'biomesoplenty:optifine/ctm/black_sand.properties' in pack 'file/BOPPBR-FULL-RE1-v0.1.4.zip'
[17:31:24] [Worker-Main-7/WARN]: Unknown block 'biomesoplenty:black_sandstone' in 'matchBlocks' element 'biomesoplenty:black_sandstone' at index 38 in file 'biomesoplenty:optifine/ctm/black_sand.properties' in pack 'file/BOPPBR-FULL-RE1-v0.1.4.zip'
[17:31:24] [Worker-Main-7/WARN]: Unknown block 'biomesoplenty:cut_black_sandstone' in 'matchBlocks' element 'biomesoplenty:cut_black_sandstone' at index 39 in file 'biomesoplenty:optifine/ctm/black_sand.properties' in pack 'file/BOPPBR-FULL-RE1-v0.1.4.zip'
[17:31:24] [Worker-Main-7/WARN]: Unknown block 'biomesoplenty:cut_black_sandstone_slab' in 'matchBlocks' element 'biomesoplenty:cut_black_sandstone_slab' at index 40 in file 'biomesoplenty:optifine/ctm/black_sand.properties' in pack 'file/BOPPBR-FULL-RE1-v0.1.4.zip'
[17:31:24] [Worker-Main-7/WARN]: Unknown block 'biomesoplenty:chiseled_black_sandstone' in 'matchBlocks' element 'biomesoplenty:chiseled_black_sandstone' at index 41 in file 'biomesoplenty:optifine/ctm/black_sand.properties' in pack 'file/BOPPBR-FULL-RE1-v0.1.4.zip'
[17:31:24] [Worker-Main-7/WARN]: Unknown block 'biomesoplenty:smooth_black_sandstone' in 'matchBlocks' element 'biomesoplenty:smooth_black_sandstone' at index 42 in file 'biomesoplenty:optifine/ctm/black_sand.properties' in pack 'file/BOPPBR-FULL-RE1-v0.1.4.zip'
[17:31:24] [Worker-Main-7/WARN]: Unknown block 'biomesoplenty:smooth_black_sandstone_slab' in 'matchBlocks' element 'biomesoplenty:smooth_black_sandstone_slab' at index 43 in file 'biomesoplenty:optifine/ctm/black_sand.properties' in pack 'file/BOPPBR-FULL-RE1-v0.1.4.zip'
[17:31:24] [Worker-Main-7/WARN]: Unknown block 'biomesoplenty:black_sandstone_slab' in 'matchBlocks' element 'biomesoplenty:black_sandstone_slab' at index 44 in file 'biomesoplenty:optifine/ctm/black_sand.properties' in pack 'file/BOPPBR-FULL-RE1-v0.1.4.zip'
[17:31:24] [Worker-Main-7/WARN]: Unknown block 'biomesoplenty:white_sand' in 'matchBlocks' element 'biomesoplenty:white_sand' at index 45 in file 'biomesoplenty:optifine/ctm/black_sand.properties' in pack 'file/BOPPBR-FULL-RE1-v0.1.4.zip'
[17:31:24] [Worker-Main-7/WARN]: Unknown block 'biomesoplenty:white_sandstone' in 'matchBlocks' element 'biomesoplenty:white_sandstone' at index 46 in file 'biomesoplenty:optifine/ctm/black_sand.properties' in pack 'file/BOPPBR-FULL-RE1-v0.1.4.zip'
[17:31:24] [Worker-Main-7/WARN]: Unknown block 'biomesoplenty:cut_white_sandstone' in 'matchBlocks' element 'biomesoplenty:cut_white_sandstone' at index 47 in file 'biomesoplenty:optifine/ctm/black_sand.properties' in pack 'file/BOPPBR-FULL-RE1-v0.1.4.zip'
[17:31:24] [Worker-Main-7/WARN]: Unknown block 'biomesoplenty:cut_white_sandstone_slab' in 'matchBlocks' element 'biomesoplenty:cut_white_sandstone_slab' at index 48 in file 'biomesoplenty:optifine/ctm/black_sand.properties' in pack 'file/BOPPBR-FULL-RE1-v0.1.4.zip'
[17:31:24] [Worker-Main-7/WARN]: Unknown block 'biomesoplenty:chiseled_white_sandstone' in 'matchBlocks' element 'biomesoplenty:chiseled_white_sandstone' at index 49 in file 'biomesoplenty:optifine/ctm/black_sand.properties' in pack 'file/BOPPBR-FULL-RE1-v0.1.4.zip'
[17:31:24] [Worker-Main-7/WARN]: Unknown block 'biomesoplenty:smooth_white_sandstone' in 'matchBlocks' element 'biomesoplenty:smooth_white_sandstone' at index 50 in file 'biomesoplenty:optifine/ctm/black_sand.properties' in pack 'file/BOPPBR-FULL-RE1-v0.1.4.zip'
[17:31:24] [Worker-Main-7/WARN]: Unknown block 'biomesoplenty:smooth_white_sandstone_slab' in 'matchBlocks' element 'biomesoplenty:smooth_white_sandstone_slab' at index 51 in file 'biomesoplenty:optifine/ctm/black_sand.properties' in pack 'file/BOPPBR-FULL-RE1-v0.1.4.zip'
[17:31:24] [Worker-Main-7/WARN]: Unknown block 'biomesoplenty:white_sandstone_slab' in 'matchBlocks' element 'biomesoplenty:white_sandstone_slab' at index 52 in file 'biomesoplenty:optifine/ctm/black_sand.properties' in pack 'file/BOPPBR-FULL-RE1-v0.1.4.zip'
[17:31:24] [Worker-Main-7/WARN]: Unknown block 'biomesoplenty:orange_sand' in 'matchBlocks' element 'biomesoplenty:orange_sand' at index 53 in file 'biomesoplenty:optifine/ctm/black_sand.properties' in pack 'file/BOPPBR-FULL-RE1-v0.1.4.zip'
[17:31:24] [Worker-Main-7/WARN]: Unknown block 'biomesoplenty:orange_sandstone' in 'matchBlocks' element 'biomesoplenty:orange_sandstone' at index 54 in file 'biomesoplenty:optifine/ctm/black_sand.properties' in pack 'file/BOPPBR-FULL-RE1-v0.1.4.zip'
[17:31:24] [Worker-Main-7/WARN]: Unknown block 'biomesoplenty:cut_orange_sandstone' in 'matchBlocks' element 'biomesoplenty:cut_orange_sandstone' at index 55 in file 'biomesoplenty:optifine/ctm/black_sand.properties' in pack 'file/BOPPBR-FULL-RE1-v0.1.4.zip'
[17:31:24] [Worker-Main-7/WARN]: Unknown block 'biomesoplenty:cut_orange_sandstone_slab' in 'matchBlocks' element 'biomesoplenty:cut_orange_sandstone_slab' at index 56 in file 'biomesoplenty:optifine/ctm/black_sand.properties' in pack 'file/BOPPBR-FULL-RE1-v0.1.4.zip'
[17:31:24] [Worker-Main-7/WARN]: Unknown block 'biomesoplenty:chiseled_orange_sandstone' in 'matchBlocks' element 'biomesoplenty:chiseled_orange_sandstone' at index 57 in file 'biomesoplenty:optifine/ctm/black_sand.properties' in pack 'file/BOPPBR-FULL-RE1-v0.1.4.zip'
[17:31:24] [Worker-Main-7/WARN]: Unknown block 'biomesoplenty:smooth_orange_sandstone' in 'matchBlocks' element 'biomesoplenty:smooth_orange_sandstone' at index 58 in file 'biomesoplenty:optifine/ctm/black_sand.properties' in pack 'file/BOPPBR-FULL-RE1-v0.1.4.zip'
[17:31:24] [Worker-Main-7/WARN]: Unknown block 'biomesoplenty:smooth_orange_sandstone_slab' in 'matchBlocks' element 'biomesoplenty:smooth_orange_sandstone_slab' at index 59 in file 'biomesoplenty:optifine/ctm/black_sand.properties' in pack 'file/BOPPBR-FULL-RE1-v0.1.4.zip'
[17:31:24] [Worker-Main-7/WARN]: Unknown block 'biomesoplenty:orange_sandstone_slab' in 'matchBlocks' element 'biomesoplenty:orange_sandstone_slab' at index 60 in file 'biomesoplenty:optifine/ctm/black_sand.properties' in pack 'file/BOPPBR-FULL-RE1-v0.1.4.zip'
[17:31:24] [Worker-Main-7/WARN]: Unknown block 'biomesoplenty:thermal_calcite' in 'matchBlocks' element 'biomesoplenty:thermal_calcite' at index 61 in file 'biomesoplenty:optifine/ctm/black_sand.properties' in pack 'file/BOPPBR-FULL-RE1-v0.1.4.zip'
[17:31:24] [Worker-Main-7/WARN]: Unknown block 'biomesoplenty:thermal_calcite_vent' in 'matchBlocks' element 'biomesoplenty:thermal_calcite_vent' at index 62 in file 'biomesoplenty:optifine/ctm/black_sand.properties' in pack 'file/BOPPBR-FULL-RE1-v0.1.4.zip'
[17:31:24] [Worker-Main-7/WARN]: Unknown block 'biomesoplenty:dried_salt' in 'matchBlocks' element 'biomesoplenty:dried_salt' at index 63 in file 'biomesoplenty:optifine/ctm/black_sand.properties' in pack 'file/BOPPBR-FULL-RE1-v0.1.4.zip'
[17:31:24] [Worker-Main-7/WARN]: Unknown block 'biomesoplenty:flesh' in 'matchBlocks' element 'biomesoplenty:flesh' at index 64 in file 'biomesoplenty:optifine/ctm/black_sand.properties' in pack 'file/BOPPBR-FULL-RE1-v0.1.4.zip'
[17:31:24] [Worker-Main-7/WARN]: Unknown block 'biomesoplenty:porous_flesh' in 'matchBlocks' element 'biomesoplenty:porous_flesh' at index 65 in file 'biomesoplenty:optifine/ctm/black_sand.properties' in pack 'file/BOPPBR-FULL-RE1-v0.1.4.zip'
[17:31:24] [Worker-Main-7/WARN]: Unknown block 'biomesoplenty:brimstone' in 'matchBlocks' element 'biomesoplenty:brimstone' at index 66 in file 'biomesoplenty:optifine/ctm/black_sand.properties' in pack 'file/BOPPBR-FULL-RE1-v0.1.4.zip'
[17:31:24] [Worker-Main-7/WARN]: Unknown block 'biomesoplenty:brimstone_bricks' in 'matchBlocks' element 'biomesoplenty:brimstone_bricks' at index 67 in file 'biomesoplenty:optifine/ctm/black_sand.properties' in pack 'file/BOPPBR-FULL-RE1-v0.1.4.zip'
[17:31:24] [Worker-Main-7/WARN]: Unknown block 'biomesoplenty:brimstone_brick_slab' in 'matchBlocks' element 'biomesoplenty:brimstone_brick_slab' at index 68 in file 'biomesoplenty:optifine/ctm/black_sand.properties' in pack 'file/BOPPBR-FULL-RE1-v0.1.4.zip'
[17:31:24] [Worker-Main-7/WARN]: Unknown block 'biomesoplenty:chiseled_brimstone_bricks' in 'matchBlocks' element 'biomesoplenty:chiseled_brimstone_bricks' at index 69 in file 'biomesoplenty:optifine/ctm/black_sand.properties' in pack 'file/BOPPBR-FULL-RE1-v0.1.4.zip'
[17:31:24] [Worker-Main-7/WARN]: Unknown block 'biomesoplenty:algal_end_stone' in 'matchBlocks' element 'biomesoplenty:algal_end_stone' at index 70 in file 'biomesoplenty:optifine/ctm/black_sand.properties' in pack 'file/BOPPBR-FULL-RE1-v0.1.4.zip'
[17:31:24] [Worker-Main-7/WARN]: Unknown block 'biomesoplenty:unmapped_end_stone' in 'matchBlocks' element 'biomesoplenty:unmapped_end_stone' at index 71 in file 'biomesoplenty:optifine/ctm/black_sand.properties' in pack 'file/BOPPBR-FULL-RE1-v0.1.4.zip'
[17:31:24] [Worker-Main-7/WARN]: Unknown block 'biomesoplenty:null_end_stone' in 'matchBlocks' element 'biomesoplenty:null_end_stone' at index 72 in file 'biomesoplenty:optifine/ctm/black_sand.properties' in pack 'file/BOPPBR-FULL-RE1-v0.1.4.zip'
[17:31:24] [Worker-Main-7/WARN]: Unknown block 'biomesoplenty:null_block' in 'matchBlocks' element 'biomesoplenty:null_block' at index 73 in file 'biomesoplenty:optifine/ctm/black_sand.properties' in pack 'file/BOPPBR-FULL-RE1-v0.1.4.zip'
[17:31:24] [Worker-Main-7/WARN]: Unknown block 'biomesoplenty:anomaly' in 'matchBlocks' element 'biomesoplenty:anomaly' at index 74 in file 'biomesoplenty:optifine/ctm/black_sand.properties' in pack 'file/BOPPBR-FULL-RE1-v0.1.4.zip'
[17:31:24] [Worker-Main-7/WARN]: Unknown block 'biomesoplenty:toadstool_block' in 'matchBlocks' element 'biomesoplenty:toadstool_block' at index 75 in file 'biomesoplenty:optifine/ctm/black_sand.properties' in pack 'file/BOPPBR-FULL-RE1-v0.1.4.zip'
[17:31:24] [Worker-Main-7/WARN]: Unknown block 'biomesoplenty:glowshroom_block' in 'matchBlocks' element 'biomesoplenty:glowshroom_block' at index 76 in file 'biomesoplenty:optifine/ctm/black_sand.properties' in pack 'file/BOPPBR-FULL-RE1-v0.1.4.zip'
[17:31:24] [Worker-Main-7/WARN]: Unknown block 'biomesoplenty:glowing_moss_block' in 'matchBlocks' element 'biomesoplenty:glowing_moss_block' at index 77 in file 'biomesoplenty:optifine/ctm/black_sand.properties' in pack 'file/BOPPBR-FULL-RE1-v0.1.4.zip'
[17:31:24] [Worker-Main-7/WARN]: Unknown block 'biomesoplenty:origin_grass_block' in 'matchBlocks' element 'biomesoplenty:origin_grass_block' at index 78 in file 'biomesoplenty:optifine/ctm/black_sand.properties' in pack 'file/BOPPBR-FULL-RE1-v0.1.4.zip'
[17:31:24] [Worker-Main-7/WARN]: Unknown block 'biomesoplenty:white_flower_petal_block' in 'matchBlocks' element 'biomesoplenty:white_flower_petal_block' at index 79 in file 'biomesoplenty:optifine/ctm/black_sand.properties' in pack 'file/BOPPBR-FULL-RE1-v0.1.4.zip'
[17:31:24] [Worker-Main-7/WARN]: Unknown block 'biomesoplenty:light_gray_flower_petal_block' in 'matchBlocks' element 'biomesoplenty:light_gray_flower_petal_block' at index 80 in file 'biomesoplenty:optifine/ctm/black_sand.properties' in pack 'file/BOPPBR-FULL-RE1-v0.1.4.zip'
[17:31:24] [Worker-Main-7/WARN]: Unknown block 'biomesoplenty:gray_flower_petal_block' in 'matchBlocks' element 'biomesoplenty:gray_flower_petal_block' at index 81 in file 'biomesoplenty:optifine/ctm/black_sand.properties' in pack 'file/BOPPBR-FULL-RE1-v0.1.4.zip'
[17:31:24] [Worker-Main-7/WARN]: Unknown block 'biomesoplenty:black_flower_petal_block' in 'matchBlocks' element 'biomesoplenty:black_flower_petal_block' at index 82 in file 'biomesoplenty:optifine/ctm/black_sand.properties' in pack 'file/BOPPBR-FULL-RE1-v0.1.4.zip'
[17:31:24] [Worker-Main-7/WARN]: Unknown block 'biomesoplenty:brown_flower_petal_block' in 'matchBlocks' element 'biomesoplenty:brown_flower_petal_block' at index 83 in file 'biomesoplenty:optifine/ctm/black_sand.properties' in pack 'file/BOPPBR-FULL-RE1-v0.1.4.zip'
[17:31:24] [Worker-Main-7/WARN]: Unknown block 'biomesoplenty:red_flower_petal_block' in 'matchBlocks' element 'biomesoplenty:red_flower_petal_block' at index 84 in file 'biomesoplenty:optifine/ctm/black_sand.properties' in pack 'file/BOPPBR-FULL-RE1-v0.1.4.zip'
[17:31:24] [Worker-Main-7/WARN]: Unknown block 'biomesoplenty:orange_flower_petal_block' in 'matchBlocks' element 'biomesoplenty:orange_flower_petal_block' at index 85 in file 'biomesoplenty:optifine/ctm/black_sand.properties' in pack 'file/BOPPBR-FULL-RE1-v0.1.4.zip'
[17:31:24] [Worker-Main-7/WARN]: Unknown block 'biomesoplenty:yellow_flower_petal_block' in 'matchBlocks' element 'biomesoplenty:yellow_flower_petal_block' at index 86 in file 'biomesoplenty:optifine/ctm/black_sand.properties' in pack 'file/BOPPBR-FULL-RE1-v0.1.4.zip'
[17:31:24] [Worker-Main-7/WARN]: Unknown block 'biomesoplenty:lime_flower_petal_block' in 'matchBlocks' element 'biomesoplenty:lime_flower_petal_block' at index 87 in file 'biomesoplenty:optifine/ctm/black_sand.properties' in pack 'file/BOPPBR-FULL-RE1-v0.1.4.zip'
[17:31:24] [Worker-Main-7/WARN]: Unknown block 'biomesoplenty:green_flower_petal_block' in 'matchBlocks' element 'biomesoplenty:green_flower_petal_block' at index 88 in file 'biomesoplenty:optifine/ctm/black_sand.properties' in pack 'file/BOPPBR-FULL-RE1-v0.1.4.zip'
[17:31:24] [Worker-Main-7/WARN]: Unknown block 'biomesoplenty:cyan_flower_petal_block' in 'matchBlocks' element 'biomesoplenty:cyan_flower_petal_block' at index 89 in file 'biomesoplenty:optifine/ctm/black_sand.properties' in pack 'file/BOPPBR-FULL-RE1-v0.1.4.zip'
[17:31:24] [Worker-Main-7/WARN]: Unknown block 'biomesoplenty:light_blue_flower_petal_block' in 'matchBlocks' element 'biomesoplenty:light_blue_flower_petal_block' at index 90 in file 'biomesoplenty:optifine/ctm/black_sand.properties' in pack 'file/BOPPBR-FULL-RE1-v0.1.4.zip'
[17:31:24] [Worker-Main-7/WARN]: Unknown block 'biomesoplenty:blue_flower_petal_block' in 'matchBlocks' element 'biomesoplenty:blue_flower_petal_block' at index 91 in file 'biomesoplenty:optifine/ctm/black_sand.properties' in pack 'file/BOPPBR-FULL-RE1-v0.1.4.zip'
[17:31:24] [Worker-Main-7/WARN]: Unknown block 'biomesoplenty:purple_flower_petal_block' in 'matchBlocks' element 'biomesoplenty:purple_flower_petal_block' at index 92 in file 'biomesoplenty:optifine/ctm/black_sand.properties' in pack 'file/BOPPBR-FULL-RE1-v0.1.4.zip'
[17:31:24] [Worker-Main-7/WARN]: Unknown block 'biomesoplenty:magenta_flower_petal_block' in 'matchBlocks' element 'biomesoplenty:magenta_flower_petal_block' at index 93 in file 'biomesoplenty:optifine/ctm/black_sand.properties' in pack 'file/BOPPBR-FULL-RE1-v0.1.4.zip'
[17:31:24] [Worker-Main-7/WARN]: Unknown block 'biomesoplenty:pink_flower_petal_block' in 'matchBlocks' element 'biomesoplenty:pink_flower_petal_block' at index 94 in file 'biomesoplenty:optifine/ctm/black_sand.properties' in pack 'file/BOPPBR-FULL-RE1-v0.1.4.zip'
[17:31:24] [Worker-Main-7/WARN]: Unknown block 'biomesoplenty:flower_stem' in 'matchBlocks' element 'biomesoplenty:flower_stem' at index 95 in file 'biomesoplenty:optifine/ctm/black_sand.properties' in pack 'file/BOPPBR-FULL-RE1-v0.1.4.zip'
[17:31:24] [Worker-Main-7/WARN]: Unknown block 'biomesoplenty:black_sand' in 'connectBlocks' element 'biomesoplenty:black_sand' at index 0 in file 'biomesoplenty:optifine/ctm/black_sand.properties' in pack 'file/BOPPBR-FULL-RE1-v0.1.4.zip'
[17:31:24] [Worker-Main-7/WARN]: Unknown block 'biomesoplenty:white_sand' in 'matchBlocks' element 'biomesoplenty:white_sand' at index 31 in file 'biomesoplenty:optifine/ctm/ctm004_05_dirt.properties' in pack 'file/BOPPBR-FULL-RE1-v0.1.4.zip'
[17:31:24] [Worker-Main-7/WARN]: Unknown block 'biomesoplenty:white_sandstone' in 'matchBlocks' element 'biomesoplenty:white_sandstone' at index 32 in file 'biomesoplenty:optifine/ctm/ctm004_05_dirt.properties' in pack 'file/BOPPBR-FULL-RE1-v0.1.4.zip'
[17:31:24] [Worker-Main-7/WARN]: Unknown block 'biomesoplenty:cut_white_sandstone' in 'matchBlocks' element 'biomesoplenty:cut_white_sandstone' at index 33 in file 'biomesoplenty:optifine/ctm/ctm004_05_dirt.properties' in pack 'file/BOPPBR-FULL-RE1-v0.1.4.zip'
[17:31:24] [Worker-Main-7/WARN]: Unknown block 'biomesoplenty:cut_white_sandstone_slab' in 'matchBlocks' element 'biomesoplenty:cut_white_sandstone_slab' at index 34 in file 'biomesoplenty:optifine/ctm/ctm004_05_dirt.properties' in pack 'file/BOPPBR-FULL-RE1-v0.1.4.zip'
[17:31:24] [Worker-Main-7/WARN]: Unknown block 'biomesoplenty:chiseled_white_sandstone' in 'matchBlocks' element 'biomesoplenty:chiseled_white_sandstone' at index 35 in file 'biomesoplenty:optifine/ctm/ctm004_05_dirt.properties' in pack 'file/BOPPBR-FULL-RE1-v0.1.4.zip'
[17:31:24] [Worker-Main-7/WARN]: Unknown block 'biomesoplenty:smooth_white_sandstone' in 'matchBlocks' element 'biomesoplenty:smooth_white_sandstone' at index 36 in file 'biomesoplenty:optifine/ctm/ctm004_05_dirt.properties' in pack 'file/BOPPBR-FULL-RE1-v0.1.4.zip'
[17:31:24] [Worker-Main-7/WARN]: Unknown block 'biomesoplenty:smooth_white_sandstone_slab' in 'matchBlocks' element 'biomesoplenty:smooth_white_sandstone_slab' at index 37 in file 'biomesoplenty:optifine/ctm/ctm004_05_dirt.properties' in pack 'file/BOPPBR-FULL-RE1-v0.1.4.zip'
[17:31:24] [Worker-Main-7/WARN]: Unknown block 'biomesoplenty:white_sandstone_slab' in 'matchBlocks' element 'biomesoplenty:white_sandstone_slab' at index 38 in file 'biomesoplenty:optifine/ctm/ctm004_05_dirt.properties' in pack 'file/BOPPBR-FULL-RE1-v0.1.4.zip'
[17:31:24] [Worker-Main-7/WARN]: Unknown block 'biomesoplenty:orange_sand' in 'matchBlocks' element 'biomesoplenty:orange_sand' at index 39 in file 'biomesoplenty:optifine/ctm/ctm004_05_dirt.properties' in pack 'file/BOPPBR-FULL-RE1-v0.1.4.zip'
[17:31:24] [Worker-Main-7/WARN]: Unknown block 'biomesoplenty:orange_sandstone' in 'matchBlocks' element 'biomesoplenty:orange_sandstone' at index 40 in file 'biomesoplenty:optifine/ctm/ctm004_05_dirt.properties' in pack 'file/BOPPBR-FULL-RE1-v0.1.4.zip'
[17:31:24] [Worker-Main-7/WARN]: Unknown block 'biomesoplenty:cut_orange_sandstone' in 'matchBlocks' element 'biomesoplenty:cut_orange_sandstone' at index 41 in file 'biomesoplenty:optifine/ctm/ctm004_05_dirt.properties' in pack 'file/BOPPBR-FULL-RE1-v0.1.4.zip'
[17:31:24] [Worker-Main-7/WARN]: Unknown block 'biomesoplenty:cut_orange_sandstone_slab' in 'matchBlocks' element 'biomesoplenty:cut_orange_sandstone_slab' at index 42 in file 'biomesoplenty:optifine/ctm/ctm004_05_dirt.properties' in pack 'file/BOPPBR-FULL-RE1-v0.1.4.zip'
[17:31:24] [Worker-Main-7/WARN]: Unknown block 'biomesoplenty:chiseled_orange_sandstone' in 'matchBlocks' element 'biomesoplenty:chiseled_orange_sandstone' at index 43 in file 'biomesoplenty:optifine/ctm/ctm004_05_dirt.properties' in pack 'file/BOPPBR-FULL-RE1-v0.1.4.zip'
[17:31:24] [Worker-Main-7/WARN]: Unknown block 'biomesoplenty:smooth_orange_sandstone' in 'matchBlocks' element 'biomesoplenty:smooth_orange_sandstone' at index 44 in file 'biomesoplenty:optifine/ctm/ctm004_05_dirt.properties' in pack 'file/BOPPBR-FULL-RE1-v0.1.4.zip'
[17:31:24] [Worker-Main-7/WARN]: Unknown block 'biomesoplenty:smooth_orange_sandstone_slab' in 'matchBlocks' element 'biomesoplenty:smooth_orange_sandstone_slab' at index 45 in file 'biomesoplenty:optifine/ctm/ctm004_05_dirt.properties' in pack 'file/BOPPBR-FULL-RE1-v0.1.4.zip'
[17:31:24] [Worker-Main-7/WARN]: Unknown block 'biomesoplenty:orange_sandstone_slab' in 'matchBlocks' element 'biomesoplenty:orange_sandstone_slab' at index 46 in file 'biomesoplenty:optifine/ctm/ctm004_05_dirt.properties' in pack 'file/BOPPBR-FULL-RE1-v0.1.4.zip'
[17:31:24] [Worker-Main-7/WARN]: Unknown block 'biomesoplenty:mossy_black_sand' in 'matchBlocks' element 'biomesoplenty:mossy_black_sand' at index 47 in file 'biomesoplenty:optifine/ctm/ctm004_05_dirt.properties' in pack 'file/BOPPBR-FULL-RE1-v0.1.4.zip'
[17:31:24] [Worker-Main-7/WARN]: Unknown block 'biomesoplenty:black_sand' in 'matchBlocks' element 'biomesoplenty:black_sand' at index 48 in file 'biomesoplenty:optifine/ctm/ctm004_05_dirt.properties' in pack 'file/BOPPBR-FULL-RE1-v0.1.4.zip'
[17:31:24] [Worker-Main-7/WARN]: Unknown block 'biomesoplenty:black_sandstone' in 'matchBlocks' element 'biomesoplenty:black_sandstone' at index 49 in file 'biomesoplenty:optifine/ctm/ctm004_05_dirt.properties' in pack 'file/BOPPBR-FULL-RE1-v0.1.4.zip'
[17:31:24] [Worker-Main-7/WARN]: Unknown block 'biomesoplenty:cut_black_sandstone' in 'matchBlocks' element 'biomesoplenty:cut_black_sandstone' at index 50 in file 'biomesoplenty:optifine/ctm/ctm004_05_dirt.properties' in pack 'file/BOPPBR-FULL-RE1-v0.1.4.zip'
[17:31:24] [Worker-Main-7/WARN]: Unknown block 'biomesoplenty:cut_black_sandstone_slab' in 'matchBlocks' element 'biomesoplenty:cut_black_sandstone_slab' at index 51 in file 'biomesoplenty:optifine/ctm/ctm004_05_dirt.properties' in pack 'file/BOPPBR-FULL-RE1-v0.1.4.zip'
[17:31:24] [Worker-Main-7/WARN]: Unknown block 'biomesoplenty:chiseled_black_sandstone' in 'matchBlocks' element 'biomesoplenty:chiseled_black_sandstone' at index 52 in file 'biomesoplenty:optifine/ctm/ctm004_05_dirt.properties' in pack 'file/BOPPBR-FULL-RE1-v0.1.4.zip'
[17:31:24] [Worker-Main-7/WARN]: Unknown block 'biomesoplenty:smooth_black_sandstone' in 'matchBlocks' element 'biomesoplenty:smooth_black_sandstone' at index 53 in file 'biomesoplenty:optifine/ctm/ctm004_05_dirt.properties' in pack 'file/BOPPBR-FULL-RE1-v0.1.4.zip'
[17:31:24] [Worker-Main-7/WARN]: Unknown block 'biomesoplenty:smooth_black_sandstone_slab' in 'matchBlocks' element 'biomesoplenty:smooth_black_sandstone_slab' at index 54 in file 'biomesoplenty:optifine/ctm/ctm004_05_dirt.properties' in pack 'file/BOPPBR-FULL-RE1-v0.1.4.zip'
[17:31:24] [Worker-Main-7/WARN]: Unknown block 'biomesoplenty:black_sandstone_slab' in 'matchBlocks' element 'biomesoplenty:black_sandstone_slab' at index 55 in file 'biomesoplenty:optifine/ctm/ctm004_05_dirt.properties' in pack 'file/BOPPBR-FULL-RE1-v0.1.4.zip'
[17:31:24] [Worker-Main-7/WARN]: Unknown block 'biomesoplenty:thermal_calcite' in 'matchBlocks' element 'biomesoplenty:thermal_calcite' at index 56 in file 'biomesoplenty:optifine/ctm/ctm004_05_dirt.properties' in pack 'file/BOPPBR-FULL-RE1-v0.1.4.zip'
[17:31:24] [Worker-Main-7/WARN]: Unknown block 'biomesoplenty:thermal_calcite_vent' in 'matchBlocks' element 'biomesoplenty:thermal_calcite_vent' at index 57 in file 'biomesoplenty:optifine/ctm/ctm004_05_dirt.properties' in pack 'file/BOPPBR-FULL-RE1-v0.1.4.zip'
[17:31:24] [Worker-Main-7/WARN]: Unknown block 'biomesoplenty:dried_salt' in 'matchBlocks' element 'biomesoplenty:dried_salt' at index 58 in file 'biomesoplenty:optifine/ctm/ctm004_05_dirt.properties' in pack 'file/BOPPBR-FULL-RE1-v0.1.4.zip'
[17:31:24] [Worker-Main-7/WARN]: Unknown block 'biomesoplenty:flesh' in 'matchBlocks' element 'biomesoplenty:flesh' at index 59 in file 'biomesoplenty:optifine/ctm/ctm004_05_dirt.properties' in pack 'file/BOPPBR-FULL-RE1-v0.1.4.zip'
[17:31:24] [Worker-Main-7/WARN]: Unknown block 'biomesoplenty:porous_flesh' in 'matchBlocks' element 'biomesoplenty:porous_flesh' at index 60 in file 'biomesoplenty:optifine/ctm/ctm004_05_dirt.properties' in pack 'file/BOPPBR-FULL-RE1-v0.1.4.zip'
[17:31:24] [Worker-Main-7/WARN]: Unknown block 'biomesoplenty:brimstone' in 'matchBlocks' element 'biomesoplenty:brimstone' at index 61 in file 'biomesoplenty:optifine/ctm/ctm004_05_dirt.properties' in pack 'file/BOPPBR-FULL-RE1-v0.1.4.zip'
[17:31:24] [Worker-Main-7/WARN]: Unknown block 'biomesoplenty:brimstone_bricks' in 'matchBlocks' element 'biomesoplenty:brimstone_bricks' at index 62 in file 'biomesoplenty:optifine/ctm/ctm004_05_dirt.properties' in pack 'file/BOPPBR-FULL-RE1-v0.1.4.zip'
[17:31:24] [Worker-Main-7/WARN]: Unknown block 'biomesoplenty:brimstone_brick_slab' in 'matchBlocks' element 'biomesoplenty:brimstone_brick_slab' at index 63 in file 'biomesoplenty:optifine/ctm/ctm004_05_dirt.properties' in pack 'file/BOPPBR-FULL-RE1-v0.1.4.zip'
[17:31:24] [Worker-Main-7/WARN]: Unknown block 'biomesoplenty:chiseled_brimstone_bricks' in 'matchBlocks' element 'biomesoplenty:chiseled_brimstone_bricks' at index 64 in file 'biomesoplenty:optifine/ctm/ctm004_05_dirt.properties' in pack 'file/BOPPBR-FULL-RE1-v0.1.4.zip'
[17:31:24] [Worker-Main-7/WARN]: Unknown block 'biomesoplenty:rose_quartz_block' in 'matchBlocks' element 'biomesoplenty:rose_quartz_block' at index 65 in file 'biomesoplenty:optifine/ctm/ctm004_05_dirt.properties' in pack 'file/BOPPBR-FULL-RE1-v0.1.4.zip'
[17:31:24] [Worker-Main-7/WARN]: Unknown block 'biomesoplenty:algal_end_stone' in 'matchBlocks' element 'biomesoplenty:algal_end_stone' at index 66 in file 'biomesoplenty:optifine/ctm/ctm004_05_dirt.properties' in pack 'file/BOPPBR-FULL-RE1-v0.1.4.zip'
[17:31:24] [Worker-Main-7/WARN]: Unknown block 'biomesoplenty:unmapped_end_stone' in 'matchBlocks' element 'biomesoplenty:unmapped_end_stone' at index 67 in file 'biomesoplenty:optifine/ctm/ctm004_05_dirt.properties' in pack 'file/BOPPBR-FULL-RE1-v0.1.4.zip'
[17:31:24] [Worker-Main-7/WARN]: Unknown block 'biomesoplenty:null_end_stone' in 'matchBlocks' element 'biomesoplenty:null_end_stone' at index 68 in file 'biomesoplenty:optifine/ctm/ctm004_05_dirt.properties' in pack 'file/BOPPBR-FULL-RE1-v0.1.4.zip'
[17:31:24] [Worker-Main-7/WARN]: Unknown block 'biomesoplenty:null_block' in 'matchBlocks' element 'biomesoplenty:null_block' at index 69 in file 'biomesoplenty:optifine/ctm/ctm004_05_dirt.properties' in pack 'file/BOPPBR-FULL-RE1-v0.1.4.zip'
[17:31:24] [Worker-Main-7/WARN]: Unknown block 'biomesoplenty:anomaly' in 'matchBlocks' element 'biomesoplenty:anomaly' at index 70 in file 'biomesoplenty:optifine/ctm/ctm004_05_dirt.properties' in pack 'file/BOPPBR-FULL-RE1-v0.1.4.zip'
[17:31:24] [Worker-Main-7/WARN]: Unknown block 'biomesoplenty:toadstool_block' in 'matchBlocks' element 'biomesoplenty:toadstool_block' at index 71 in file 'biomesoplenty:optifine/ctm/ctm004_05_dirt.properties' in pack 'file/BOPPBR-FULL-RE1-v0.1.4.zip'
[17:31:24] [Worker-Main-7/WARN]: Unknown block 'biomesoplenty:glowshroom_block' in 'matchBlocks' element 'biomesoplenty:glowshroom_block' at index 72 in file 'biomesoplenty:optifine/ctm/ctm004_05_dirt.properties' in pack 'file/BOPPBR-FULL-RE1-v0.1.4.zip'
[17:31:24] [Worker-Main-7/WARN]: Unknown block 'biomesoplenty:glowing_moss_block' in 'matchBlocks' element 'biomesoplenty:glowing_moss_block' at index 73 in file 'biomesoplenty:optifine/ctm/ctm004_05_dirt.properties' in pack 'file/BOPPBR-FULL-RE1-v0.1.4.zip'
[17:31:24] [Worker-Main-7/WARN]: Unknown block 'biomesoplenty:origin_grass_block' in 'matchBlocks' element 'biomesoplenty:origin_grass_block' at index 74 in file 'biomesoplenty:optifine/ctm/ctm004_05_dirt.properties' in pack 'file/BOPPBR-FULL-RE1-v0.1.4.zip'
[17:31:24] [Worker-Main-7/WARN]: Unknown block 'biomesoplenty:white_flower_petal_block' in 'matchBlocks' element 'biomesoplenty:white_flower_petal_block' at index 75 in file 'biomesoplenty:optifine/ctm/ctm004_05_dirt.properties' in pack 'file/BOPPBR-FULL-RE1-v0.1.4.zip'
[17:31:24] [Worker-Main-7/WARN]: Unknown block 'biomesoplenty:light_gray_flower_petal_block' in 'matchBlocks' element 'biomesoplenty:light_gray_flower_petal_block' at index 76 in file 'biomesoplenty:optifine/ctm/ctm004_05_dirt.properties' in pack 'file/BOPPBR-FULL-RE1-v0.1.4.zip'
[17:31:24] [Worker-Main-7/WARN]: Unknown block 'biomesoplenty:gray_flower_petal_block' in 'matchBlocks' element 'biomesoplenty:gray_flower_petal_block' at index 77 in file 'biomesoplenty:optifine/ctm/ctm004_05_dirt.properties' in pack 'file/BOPPBR-FULL-RE1-v0.1.4.zip'
[17:31:24] [Worker-Main-7/WARN]: Unknown block 'biomesoplenty:black_flower_petal_block' in 'matchBlocks' element 'biomesoplenty:black_flower_petal_block' at index 78 in file 'biomesoplenty:optifine/ctm/ctm004_05_dirt.properties' in pack 'file/BOPPBR-FULL-RE1-v0.1.4.zip'
[17:31:24] [Worker-Main-7/WARN]: Unknown block 'biomesoplenty:brown_flower_petal_block' in 'matchBlocks' element 'biomesoplenty:brown_flower_petal_block' at index 79 in file 'biomesoplenty:optifine/ctm/ctm004_05_dirt.properties' in pack 'file/BOPPBR-FULL-RE1-v0.1.4.zip'
[17:31:24] [Worker-Main-7/WARN]: Unknown block 'biomesoplenty:red_flower_petal_block' in 'matchBlocks' element 'biomesoplenty:red_flower_petal_block' at index 80 in file 'biomesoplenty:optifine/ctm/ctm004_05_dirt.properties' in pack 'file/BOPPBR-FULL-RE1-v0.1.4.zip'
[17:31:24] [Worker-Main-7/WARN]: Unknown block 'biomesoplenty:orange_flower_petal_block' in 'matchBlocks' element 'biomesoplenty:orange_flower_petal_block' at index 81 in file 'biomesoplenty:optifine/ctm/ctm004_05_dirt.properties' in pack 'file/BOPPBR-FULL-RE1-v0.1.4.zip'
[17:31:24] [Worker-Main-7/WARN]: Unknown block 'biomesoplenty:yellow_flower_petal_block' in 'matchBlocks' element 'biomesoplenty:yellow_flower_petal_block' at index 82 in file 'biomesoplenty:optifine/ctm/ctm004_05_dirt.properties' in pack 'file/BOPPBR-FULL-RE1-v0.1.4.zip'
[17:31:24] [Worker-Main-7/WARN]: Unknown block 'biomesoplenty:lime_flower_petal_block' in 'matchBlocks' element 'biomesoplenty:lime_flower_petal_block' at index 83 in file 'biomesoplenty:optifine/ctm/ctm004_05_dirt.properties' in pack 'file/BOPPBR-FULL-RE1-v0.1.4.zip'
[17:31:24] [Worker-Main-7/WARN]: Unknown block 'biomesoplenty:green_flower_petal_block' in 'matchBlocks' element 'biomesoplenty:green_flower_petal_block' at index 84 in file 'biomesoplenty:optifine/ctm/ctm004_05_dirt.properties' in pack 'file/BOPPBR-FULL-RE1-v0.1.4.zip'
[17:31:24] [Worker-Main-7/WARN]: Unknown block 'biomesoplenty:cyan_flower_petal_block' in 'matchBlocks' element 'biomesoplenty:cyan_flower_petal_block' at index 85 in file 'biomesoplenty:optifine/ctm/ctm004_05_dirt.properties' in pack 'file/BOPPBR-FULL-RE1-v0.1.4.zip'
[17:31:24] [Worker-Main-7/WARN]: Unknown block 'biomesoplenty:light_blue_flower_petal_block' in 'matchBlocks' element 'biomesoplenty:light_blue_flower_petal_block' at index 86 in file 'biomesoplenty:optifine/ctm/ctm004_05_dirt.properties' in pack 'file/BOPPBR-FULL-RE1-v0.1.4.zip'
[17:31:24] [Worker-Main-7/WARN]: Unknown block 'biomesoplenty:blue_flower_petal_block' in 'matchBlocks' element 'biomesoplenty:blue_flower_petal_block' at index 87 in file 'biomesoplenty:optifine/ctm/ctm004_05_dirt.properties' in pack 'file/BOPPBR-FULL-RE1-v0.1.4.zip'
[17:31:24] [Worker-Main-7/WARN]: Unknown block 'biomesoplenty:purple_flower_petal_block' in 'matchBlocks' element 'biomesoplenty:purple_flower_petal_block' at index 88 in file 'biomesoplenty:optifine/ctm/ctm004_05_dirt.properties' in pack 'file/BOPPBR-FULL-RE1-v0.1.4.zip'
[17:31:24] [Worker-Main-7/WARN]: Unknown block 'biomesoplenty:magenta_flower_petal_block' in 'matchBlocks' element 'biomesoplenty:magenta_flower_petal_block' at index 89 in file 'biomesoplenty:optifine/ctm/ctm004_05_dirt.properties' in pack 'file/BOPPBR-FULL-RE1-v0.1.4.zip'
[17:31:24] [Worker-Main-7/WARN]: Unknown block 'biomesoplenty:pink_flower_petal_block' in 'matchBlocks' element 'biomesoplenty:pink_flower_petal_block' at index 90 in file 'biomesoplenty:optifine/ctm/ctm004_05_dirt.properties' in pack 'file/BOPPBR-FULL-RE1-v0.1.4.zip'
[17:31:24] [Worker-Main-7/WARN]: Unknown block 'biomesoplenty:flower_stem' in 'matchBlocks' element 'biomesoplenty:flower_stem' at index 91 in file 'biomesoplenty:optifine/ctm/ctm004_05_dirt.properties' in pack 'file/BOPPBR-FULL-RE1-v0.1.4.zip'
[17:31:24] [Worker-Main-7/WARN]: Unknown block 'biomesoplenty:origin_oak_log' in 'matchBlocks' element 'biomesoplenty:origin_oak_log' at index 92 in file 'biomesoplenty:optifine/ctm/ctm004_05_dirt.properties' in pack 'file/BOPPBR-FULL-RE1-v0.1.4.zip'
[17:31:24] [Worker-Main-7/WARN]: Unknown block 'biomesoplenty:stripped_origin_oak_log' in 'matchBlocks' element 'biomesoplenty:stripped_origin_oak_log' at index 93 in file 'biomesoplenty:optifine/ctm/ctm004_05_dirt.properties' in pack 'file/BOPPBR-FULL-RE1-v0.1.4.zip'
[17:31:24] [Worker-Main-7/WARN]: Unknown block 'biomesoplenty:origin_oak_wood' in 'matchBlocks' element 'biomesoplenty:origin_oak_wood' at index 94 in file 'biomesoplenty:optifine/ctm/ctm004_05_dirt.properties' in pack 'file/BOPPBR-FULL-RE1-v0.1.4.zip'
[17:31:24] [Worker-Main-7/WARN]: Unknown block 'biomesoplenty:stripped_origin_oak_wood' in 'matchBlocks' element 'biomesoplenty:stripped_origin_oak_wood' at index 95 in file 'biomesoplenty:optifine/ctm/ctm004_05_dirt.properties' in pack 'file/BOPPBR-FULL-RE1-v0.1.4.zip'
[17:31:24] [Worker-Main-7/WARN]: Unknown block 'biomesoplenty:origin_oak_planks' in 'matchBlocks' element 'biomesoplenty:origin_oak_planks' at index 96 in file 'biomesoplenty:optifine/ctm/ctm004_05_dirt.properties' in pack 'file/BOPPBR-FULL-RE1-v0.1.4.zip'
[17:31:24] [Worker-Main-7/WARN]: Unknown block 'biomesoplenty:origin_oak_slab' in 'matchBlocks' element 'biomesoplenty:origin_oak_slab' at index 97 in file 'biomesoplenty:optifine/ctm/ctm004_05_dirt.properties' in pack 'file/BOPPBR-FULL-RE1-v0.1.4.zip'
[17:31:24] [Worker-Main-7/WARN]: Unknown block 'biomesoplenty:fir_log' in 'matchBlocks' element 'biomesoplenty:fir_log' at index 98 in file 'biomesoplenty:optifine/ctm/ctm004_05_dirt.properties' in pack 'file/BOPPBR-FULL-RE1-v0.1.4.zip'
[17:31:24] [Worker-Main-7/WARN]: Unknown block 'biomesoplenty:stripped_fir_log' in 'matchBlocks' element 'biomesoplenty:stripped_fir_log' at index 99 in file 'biomesoplenty:optifine/ctm/ctm004_05_dirt.properties' in pack 'file/BOPPBR-FULL-RE1-v0.1.4.zip'
[17:31:24] [Worker-Main-7/WARN]: Unknown block 'biomesoplenty:fir_wood' in 'matchBlocks' element 'biomesoplenty:fir_wood' at index 100 in file 'biomesoplenty:optifine/ctm/ctm004_05_dirt.properties' in pack 'file/BOPPBR-FULL-RE1-v0.1.4.zip'
[17:31:24] [Worker-Main-7/WARN]: Unknown block 'biomesoplenty:stripped_fir_wood' in 'matchBlocks' element 'biomesoplenty:stripped_fir_wood' at index 101 in file 'biomesoplenty:optifine/ctm/ctm004_05_dirt.properties' in pack 'file/BOPPBR-FULL-RE1-v0.1.4.zip'
[17:31:24] [Worker-Main-7/WARN]: Unknown block 'biomesoplenty:fir_planks' in 'matchBlocks' element 'biomesoplenty:fir_planks' at index 102 in file 'biomesoplenty:optifine/ctm/ctm004_05_dirt.properties' in pack 'file/BOPPBR-FULL-RE1-v0.1.4.zip'
[17:31:24] [Worker-Main-7/WARN]: Unknown block 'biomesoplenty:fir_slab' in 'matchBlocks' element 'biomesoplenty:fir_slab' at index 103 in file 'biomesoplenty:optifine/ctm/ctm004_05_dirt.properties' in pack 'file/BOPPBR-FULL-RE1-v0.1.4.zip'
[17:31:24] [Worker-Main-7/WARN]: Unknown block 'biomesoplenty:pine_log' in 'matchBlocks' element 'biomesoplenty:pine_log' at index 104 in file 'biomesoplenty:optifine/ctm/ctm004_05_dirt.properties' in pack 'file/BOPPBR-FULL-RE1-v0.1.4.zip'
[17:31:24] [Worker-Main-7/WARN]: Unknown block 'biomesoplenty:stripped_pine_log' in 'matchBlocks' element 'biomesoplenty:stripped_pine_log' at index 105 in file 'biomesoplenty:optifine/ctm/ctm004_05_dirt.properties' in pack 'file/BOPPBR-FULL-RE1-v0.1.4.zip'
[17:31:24] [Worker-Main-7/WARN]: Unknown block 'biomesoplenty:pine_wood' in 'matchBlocks' element 'biomesoplenty:pine_wood' at index 106 in file 'biomesoplenty:optifine/ctm/ctm004_05_dirt.properties' in pack 'file/BOPPBR-FULL-RE1-v0.1.4.zip'
[17:31:24] [Worker-Main-7/WARN]: Unknown block 'biomesoplenty:stripped_pine_wood' in 'matchBlocks' element 'biomesoplenty:stripped_pine_wood' at index 107 in file 'biomesoplenty:optifine/ctm/ctm004_05_dirt.properties' in pack 'file/BOPPBR-FULL-RE1-v0.1.4.zip'
[17:31:24] [Worker-Main-7/WARN]: Unknown block 'biomesoplenty:pine_planks' in 'matchBlocks' element 'biomesoplenty:pine_planks' at index 108 in file 'biomesoplenty:optifine/ctm/ctm004_05_dirt.properties' in pack 'file/BOPPBR-FULL-RE1-v0.1.4.zip'
[17:31:24] [Worker-Main-7/WARN]: Unknown block 'biomesoplenty:pine_slab' in 'matchBlocks' element 'biomesoplenty:pine_slab' at index 109 in file 'biomesoplenty:optifine/ctm/ctm004_05_dirt.properties' in pack 'file/BOPPBR-FULL-RE1-v0.1.4.zip'
[17:31:24] [Worker-Main-7/WARN]: Unknown block 'biomesoplenty:maple_log' in 'matchBlocks' element 'biomesoplenty:maple_log' at index 110 in file 'biomesoplenty:optifine/ctm/ctm004_05_dirt.properties' in pack 'file/BOPPBR-FULL-RE1-v0.1.4.zip'
[17:31:24] [Worker-Main-7/WARN]: Unknown block 'biomesoplenty:stripped_maple_log' in 'matchBlocks' element 'biomesoplenty:stripped_maple_log' at index 111 in file 'biomesoplenty:optifine/ctm/ctm004_05_dirt.properties' in pack 'file/BOPPBR-FULL-RE1-v0.1.4.zip'
[17:31:24] [Worker-Main-7/WARN]: Unknown block 'biomesoplenty:maple_wood' in 'matchBlocks' element 'biomesoplenty:maple_wood' at index 112 in file 'biomesoplenty:optifine/ctm/ctm004_05_dirt.properties' in pack 'file/BOPPBR-FULL-RE1-v0.1.4.zip'
[17:31:24] [Worker-Main-7/WARN]: Unknown block 'biomesoplenty:stripped_maple_wood' in 'matchBlocks' element 'biomesoplenty:stripped_maple_wood' at index 113 in file 'biomesoplenty:optifine/ctm/ctm004_05_dirt.properties' in pack 'file/BOPPBR-FULL-RE1-v0.1.4.zip'
[17:31:24] [Worker-Main-7/WARN]: Unknown block 'biomesoplenty:maple_planks' in 'matchBlocks' element 'biomesoplenty:maple_planks' at index 114 in file 'biomesoplenty:optifine/ctm/ctm004_05_dirt.properties' in pack 'file/BOPPBR-FULL-RE1-v0.1.4.zip'
[17:31:24] [Worker-Main-7/WARN]: Unknown block 'biomesoplenty:maple_slab' in 'matchBlocks' element 'biomesoplenty:maple_slab' at index 115 in file 'biomesoplenty:optifine/ctm/ctm004_05_dirt.properties' in pack 'file/BOPPBR-FULL-RE1-v0.1.4.zip'
[17:31:24] [Worker-Main-7/WARN]: Unknown block 'biomesoplenty:redwood_log' in 'matchBlocks' element 'biomesoplenty:redwood_log' at index 116 in file 'biomesoplenty:optifine/ctm/ctm004_05_dirt.properties' in pack 'file/BOPPBR-FULL-RE1-v0.1.4.zip'
[17:31:24] [Worker-Main-7/WARN]: Unknown block 'biomesoplenty:stripped_redwood_log' in 'matchBlocks' element 'biomesoplenty:stripped_redwood_log' at index 117 in file 'biomesoplenty:optifine/ctm/ctm004_05_dirt.properties' in pack 'file/BOPPBR-FULL-RE1-v0.1.4.zip'
[17:31:24] [Worker-Main-7/WARN]: Unknown block 'biomesoplenty:redwood_wood' in 'matchBlocks' element 'biomesoplenty:redwood_wood' at index 118 in file 'biomesoplenty:optifine/ctm/ctm004_05_dirt.properties' in pack 'file/BOPPBR-FULL-RE1-v0.1.4.zip'
[17:31:24] [Worker-Main-7/WARN]: Unknown block 'biomesoplenty:stripped_redwood_wood' in 'matchBlocks' element 'biomesoplenty:stripped_redwood_wood' at index 119 in file 'biomesoplenty:optifine/ctm/ctm004_05_dirt.properties' in pack 'file/BOPPBR-FULL-RE1-v0.1.4.zip'
[17:31:24] [Worker-Main-7/WARN]: Unknown block 'biomesoplenty:redwood_planks' in 'matchBlocks' element 'biomesoplenty:redwood_planks' at index 120 in file 'biomesoplenty:optifine/ctm/ctm004_05_dirt.properties' in pack 'file/BOPPBR-FULL-RE1-v0.1.4.zip'
[17:31:24] [Worker-Main-7/WARN]: Unknown block 'biomesoplenty:redwood_slab' in 'matchBlocks' element 'biomesoplenty:redwood_slab' at index 121 in file 'biomesoplenty:optifine/ctm/ctm004_05_dirt.properties' in pack 'file/BOPPBR-FULL-RE1-v0.1.4.zip'
[17:31:24] [Worker-Main-7/WARN]: Unknown block 'biomesoplenty:mahogany_log' in 'matchBlocks' element 'biomesoplenty:mahogany_log' at index 122 in file 'biomesoplenty:optifine/ctm/ctm004_05_dirt.properties' in pack 'file/BOPPBR-FULL-RE1-v0.1.4.zip'
[17:31:24] [Worker-Main-7/WARN]: Unknown block 'biomesoplenty:stripped_mahogany_log' in 'matchBlocks' element 'biomesoplenty:stripped_mahogany_log' at index 123 in file 'biomesoplenty:optifine/ctm/ctm004_05_dirt.properties' in pack 'file/BOPPBR-FULL-RE1-v0.1.4.zip'
[17:31:24] [Worker-Main-7/WARN]: Unknown block 'biomesoplenty:mahogany_wood' in 'matchBlocks' element 'biomesoplenty:mahogany_wood' at index 124 in file 'biomesoplenty:optifine/ctm/ctm004_05_dirt.properties' in pack 'file/BOPPBR-FULL-RE1-v0.1.4.zip'
[17:31:24] [Worker-Main-7/WARN]: Unknown block 'biomesoplenty:stripped_mahogany_wood' in 'matchBlocks' element 'biomesoplenty:stripped_mahogany_wood' at index 125 in file 'biomesoplenty:optifine/ctm/ctm004_05_dirt.properties' in pack 'file/BOPPBR-FULL-RE1-v0.1.4.zip'
[17:31:24] [Worker-Main-7/WARN]: Unknown block 'biomesoplenty:mahogany_planks' in 'matchBlocks' element 'biomesoplenty:mahogany_planks' at index 126 in file 'biomesoplenty:optifine/ctm/ctm004_05_dirt.properties' in pack 'file/BOPPBR-FULL-RE1-v0.1.4.zip'
[17:31:24] [Worker-Main-7/WARN]: Unknown block 'biomesoplenty:mahogany_slab' in 'matchBlocks' element 'biomesoplenty:mahogany_slab' at index 127 in file 'biomesoplenty:optifine/ctm/ctm004_05_dirt.properties' in pack 'file/BOPPBR-FULL-RE1-v0.1.4.zip'
[17:31:24] [Worker-Main-7/WARN]: Unknown block 'biomesoplenty:jacaranda_log' in 'matchBlocks' element 'biomesoplenty:jacaranda_log' at index 128 in file 'biomesoplenty:optifine/ctm/ctm004_05_dirt.properties' in pack 'file/BOPPBR-FULL-RE1-v0.1.4.zip'
[17:31:24] [Worker-Main-7/WARN]: Unknown block 'biomesoplenty:stripped_jacaranda_log' in 'matchBlocks' element 'biomesoplenty:stripped_jacaranda_log' at index 129 in file 'biomesoplenty:optifine/ctm/ctm004_05_dirt.properties' in pack 'file/BOPPBR-FULL-RE1-v0.1.4.zip'
[17:31:24] [Worker-Main-7/WARN]: Unknown block 'biomesoplenty:jacaranda_wood' in 'matchBlocks' element 'biomesoplenty:jacaranda_wood' at index 130 in file 'biomesoplenty:optifine/ctm/ctm004_05_dirt.properties' in pack 'file/BOPPBR-FULL-RE1-v0.1.4.zip'
[17:31:24] [Worker-Main-7/WARN]: Unknown block 'biomesoplenty:stripped_jacaranda_wood' in 'matchBlocks' element 'biomesoplenty:stripped_jacaranda_wood' at index 131 in file 'biomesoplenty:optifine/ctm/ctm004_05_dirt.properties' in pack 'file/BOPPBR-FULL-RE1-v0.1.4.zip'
[17:31:24] [Worker-Main-7/WARN]: Unknown block 'biomesoplenty:jacaranda_planks' in 'matchBlocks' element 'biomesoplenty:jacaranda_planks' at index 132 in file 'biomesoplenty:optifine/ctm/ctm004_05_dirt.properties' in pack 'file/BOPPBR-FULL-RE1-v0.1.4.zip'
[17:31:24] [Worker-Main-7/WARN]: Unknown block 'biomesoplenty:jacaranda_slab' in 'matchBlocks' element 'biomesoplenty:jacaranda_slab' at index 133 in file 'biomesoplenty:optifine/ctm/ctm004_05_dirt.properties' in pack 'file/BOPPBR-FULL-RE1-v0.1.4.zip'
[17:31:24] [Worker-Main-7/WARN]: Unknown block 'biomesoplenty:palm_log' in 'matchBlocks' element 'biomesoplenty:palm_log' at index 134 in file 'biomesoplenty:optifine/ctm/ctm004_05_dirt.properties' in pack 'file/BOPPBR-FULL-RE1-v0.1.4.zip'
[17:31:24] [Worker-Main-7/WARN]: Unknown block 'biomesoplenty:stripped_palm_log' in 'matchBlocks' element 'biomesoplenty:stripped_palm_log' at index 135 in file 'biomesoplenty:optifine/ctm/ctm004_05_dirt.properties' in pack 'file/BOPPBR-FULL-RE1-v0.1.4.zip'
[17:31:24] [Worker-Main-7/WARN]: Unknown block 'biomesoplenty:palm_wood' in 'matchBlocks' element 'biomesoplenty:palm_wood' at index 136 in file 'biomesoplenty:optifine/ctm/ctm004_05_dirt.properties' in pack 'file/BOPPBR-FULL-RE1-v0.1.4.zip'
[17:31:24] [Worker-Main-7/WARN]: Unknown block 'biomesoplenty:stripped_palm_wood' in 'matchBlocks' element 'biomesoplenty:stripped_palm_wood' at index 137 in file 'biomesoplenty:optifine/ctm/ctm004_05_dirt.properties' in pack 'file/BOPPBR-FULL-RE1-v0.1.4.zip'
[17:31:24] [Worker-Main-7/WARN]: Unknown block 'biomesoplenty:palm_planks' in 'matchBlocks' element 'biomesoplenty:palm_planks' at index 138 in file 'biomesoplenty:optifine/ctm/ctm004_05_dirt.properties' in pack 'file/BOPPBR-FULL-RE1-v0.1.4.zip'
[17:31:24] [Worker-Main-7/WARN]: Unknown block 'biomesoplenty:palm_slab' in 'matchBlocks' element 'biomesoplenty:palm_slab' at index 139 in file 'biomesoplenty:optifine/ctm/ctm004_05_dirt.properties' in pack 'file/BOPPBR-FULL-RE1-v0.1.4.zip'
[17:31:24] [Worker-Main-7/WARN]: Unknown block 'biomesoplenty:willow_log' in 'matchBlocks' element 'biomesoplenty:willow_log' at index 140 in file 'biomesoplenty:optifine/ctm/ctm004_05_dirt.properties' in pack 'file/BOPPBR-FULL-RE1-v0.1.4.zip'
[17:31:24] [Worker-Main-7/WARN]: Unknown block 'biomesoplenty:stripped_willow_log' in 'matchBlocks' element 'biomesoplenty:stripped_willow_log' at index 141 in file 'biomesoplenty:optifine/ctm/ctm004_05_dirt.properties' in pack 'file/BOPPBR-FULL-RE1-v0.1.4.zip'
[17:31:24] [Worker-Main-7/WARN]: Unknown block 'biomesoplenty:willow_wood' in 'matchBlocks' element 'biomesoplenty:willow_wood' at index 142 in file 'biomesoplenty:optifine/ctm/ctm004_05_dirt.properties' in pack 'file/BOPPBR-FULL-RE1-v0.1.4.zip'
[17:31:24] [Worker-Main-7/WARN]: Unknown block 'biomesoplenty:stripped_willow_wood' in 'matchBlocks' element 'biomesoplenty:stripped_willow_wood' at index 143 in file 'biomesoplenty:optifine/ctm/ctm004_05_dirt.properties' in pack 'file/BOPPBR-FULL-RE1-v0.1.4.zip'
[17:31:24] [Worker-Main-7/WARN]: Unknown block 'biomesoplenty:willow_planks' in 'matchBlocks' element 'biomesoplenty:willow_planks' at index 144 in file 'biomesoplenty:optifine/ctm/ctm004_05_dirt.properties' in pack 'file/BOPPBR-FULL-RE1-v0.1.4.zip'
[17:31:24] [Worker-Main-7/WARN]: Unknown block 'biomesoplenty:willow_slab' in 'matchBlocks' element 'biomesoplenty:willow_slab' at index 145 in file 'biomesoplenty:optifine/ctm/ctm004_05_dirt.properties' in pack 'file/BOPPBR-FULL-RE1-v0.1.4.zip'
[17:31:24] [Worker-Main-7/WARN]: Unknown block 'biomesoplenty:magic_log' in 'matchBlocks' element 'biomesoplenty:magic_log' at index 146 in file 'biomesoplenty:optifine/ctm/ctm004_05_dirt.properties' in pack 'file/BOPPBR-FULL-RE1-v0.1.4.zip'
[17:31:24] [Worker-Main-7/WARN]: Unknown block 'biomesoplenty:stripped_magic_log' in 'matchBlocks' element 'biomesoplenty:stripped_magic_log' at index 147 in file 'biomesoplenty:optifine/ctm/ctm004_05_dirt.properties' in pack 'file/BOPPBR-FULL-RE1-v0.1.4.zip'
[17:31:24] [Worker-Main-7/WARN]: Unknown block 'biomesoplenty:magic_wood' in 'matchBlocks' element 'biomesoplenty:magic_wood' at index 148 in file 'biomesoplenty:optifine/ctm/ctm004_05_dirt.properties' in pack 'file/BOPPBR-FULL-RE1-v0.1.4.zip'
[17:31:24] [Worker-Main-7/WARN]: Unknown block 'biomesoplenty:stripped_magic_wood' in 'matchBlocks' element 'biomesoplenty:stripped_magic_wood' at index 149 in file 'biomesoplenty:optifine/ctm/ctm004_05_dirt.properties' in pack 'file/BOPPBR-FULL-RE1-v0.1.4.zip'
[17:31:24] [Worker-Main-7/WARN]: Unknown block 'biomesoplenty:magic_planks' in 'matchBlocks' element 'biomesoplenty:magic_planks' at index 150 in file 'biomesoplenty:optifine/ctm/ctm004_05_dirt.properties' in pack 'file/BOPPBR-FULL-RE1-v0.1.4.zip'
[17:31:24] [Worker-Main-7/WARN]: Unknown block 'biomesoplenty:magic_slab' in 'matchBlocks' element 'biomesoplenty:magic_slab' at index 151 in file 'biomesoplenty:optifine/ctm/ctm004_05_dirt.properties' in pack 'file/BOPPBR-FULL-RE1-v0.1.4.zip'
[17:31:24] [Worker-Main-7/WARN]: Unknown block 'biomesoplenty:umbran_log' in 'matchBlocks' element 'biomesoplenty:umbran_log' at index 152 in file 'biomesoplenty:optifine/ctm/ctm004_05_dirt.properties' in pack 'file/BOPPBR-FULL-RE1-v0.1.4.zip'
[17:31:24] [Worker-Main-7/WARN]: Unknown block 'biomesoplenty:stripped_umbran_log' in 'matchBlocks' element 'biomesoplenty:stripped_umbran_log' at index 153 in file 'biomesoplenty:optifine/ctm/ctm004_05_dirt.properties' in pack 'file/BOPPBR-FULL-RE1-v0.1.4.zip'
[17:31:24] [Worker-Main-7/WARN]: Unknown block 'biomesoplenty:umbran_wood' in 'matchBlocks' element 'biomesoplenty:umbran_wood' at index 154 in file 'biomesoplenty:optifine/ctm/ctm004_05_dirt.properties' in pack 'file/BOPPBR-FULL-RE1-v0.1.4.zip'
[17:31:24] [Worker-Main-7/WARN]: Unknown block 'biomesoplenty:stripped_umbran_wood' in 'matchBlocks' element 'biomesoplenty:stripped_umbran_wood' at index 155 in file 'biomesoplenty:optifine/ctm/ctm004_05_dirt.properties' in pack 'file/BOPPBR-FULL-RE1-v0.1.4.zip'
[17:31:24] [Worker-Main-7/WARN]: Unknown block 'biomesoplenty:umbran_planks' in 'matchBlocks' element 'biomesoplenty:umbran_planks' at index 156 in file 'biomesoplenty:optifine/ctm/ctm004_05_dirt.properties' in pack 'file/BOPPBR-FULL-RE1-v0.1.4.zip'
[17:31:24] [Worker-Main-7/WARN]: Unknown block 'biomesoplenty:umbran_slab' in 'matchBlocks' element 'biomesoplenty:umbran_slab' at index 157 in file 'biomesoplenty:optifine/ctm/ctm004_05_dirt.properties' in pack 'file/BOPPBR-FULL-RE1-v0.1.4.zip'
[17:31:24] [Worker-Main-7/WARN]: Unknown block 'biomesoplenty:hellbark_log' in 'matchBlocks' element 'biomesoplenty:hellbark_log' at index 158 in file 'biomesoplenty:optifine/ctm/ctm004_05_dirt.properties' in pack 'file/BOPPBR-FULL-RE1-v0.1.4.zip'
[17:31:24] [Worker-Main-7/WARN]: Unknown block 'biomesoplenty:stripped_hellbark_log' in 'matchBlocks' element 'biomesoplenty:stripped_hellbark_log' at index 159 in file 'biomesoplenty:optifine/ctm/ctm004_05_dirt.properties' in pack 'file/BOPPBR-FULL-RE1-v0.1.4.zip'
[17:31:24] [Worker-Main-7/WARN]: Unknown block 'biomesoplenty:hellbark_wood' in 'matchBlocks' element 'biomesoplenty:hellbark_wood' at index 160 in file 'biomesoplenty:optifine/ctm/ctm004_05_dirt.properties' in pack 'file/BOPPBR-FULL-RE1-v0.1.4.zip'
[17:31:24] [Worker-Main-7/WARN]: Unknown block 'biomesoplenty:stripped_hellbark_wood' in 'matchBlocks' element 'biomesoplenty:stripped_hellbark_wood' at index 161 in file 'biomesoplenty:optifine/ctm/ctm004_05_dirt.properties' in pack 'file/BOPPBR-FULL-RE1-v0.1.4.zip'
[17:31:24] [Worker-Main-7/WARN]: Unknown block 'biomesoplenty:hellbark_planks' in 'matchBlocks' element 'biomesoplenty:hellbark_planks' at index 162 in file 'biomesoplenty:optifine/ctm/ctm004_05_dirt.properties' in pack 'file/BOPPBR-FULL-RE1-v0.1.4.zip'
[17:31:24] [Worker-Main-7/WARN]: Unknown block 'biomesoplenty:hellbark_slab' in 'matchBlocks' element 'biomesoplenty:hellbark_slab' at index 163 in file 'biomesoplenty:optifine/ctm/ctm004_05_dirt.properties' in pack 'file/BOPPBR-FULL-RE1-v0.1.4.zip'
[17:31:24] [Worker-Main-7/WARN]: Unknown block 'biomesoplenty:empyreal_log' in 'matchBlocks' element 'biomesoplenty:empyreal_log' at index 164 in file 'biomesoplenty:optifine/ctm/ctm004_05_dirt.properties' in pack 'file/BOPPBR-FULL-RE1-v0.1.4.zip'
[17:31:24] [Worker-Main-7/WARN]: Unknown block 'biomesoplenty:stripped_empyreal_log' in 'matchBlocks' element 'biomesoplenty:stripped_empyreal_log' at index 165 in file 'biomesoplenty:optifine/ctm/ctm004_05_dirt.properties' in pack 'file/BOPPBR-FULL-RE1-v0.1.4.zip'
[17:31:24] [Worker-Main-7/WARN]: Unknown block 'biomesoplenty:empyreal_wood' in 'matchBlocks' element 'biomesoplenty:empyreal_wood' at index 166 in file 'biomesoplenty:optifine/ctm/ctm004_05_dirt.properties' in pack 'file/BOPPBR-FULL-RE1-v0.1.4.zip'
[17:31:24] [Worker-Main-7/WARN]: Unknown block 'biomesoplenty:stripped_empyreal_wood' in 'matchBlocks' element 'biomesoplenty:stripped_empyreal_wood' at index 167 in file 'biomesoplenty:optifine/ctm/ctm004_05_dirt.properties' in pack 'file/BOPPBR-FULL-RE1-v0.1.4.zip'
[17:31:24] [Worker-Main-7/WARN]: Unknown block 'biomesoplenty:empyreal_planks' in 'matchBlocks' element 'biomesoplenty:empyreal_planks' at index 168 in file 'biomesoplenty:optifine/ctm/ctm004_05_dirt.properties' in pack 'file/BOPPBR-FULL-RE1-v0.1.4.zip'
[17:31:24] [Worker-Main-7/WARN]: Unknown block 'biomesoplenty:empyreal_slab' in 'matchBlocks' element 'biomesoplenty:empyreal_slab' at index 169 in file 'biomesoplenty:optifine/ctm/ctm004_05_dirt.properties' in pack 'file/BOPPBR-FULL-RE1-v0.1.4.zip'
[17:31:24] [Worker-Main-7/WARN]: Unknown block 'biomesoplenty:white_sand' in 'matchBlocks' element 'biomesoplenty:white_sand' at index 33 in file 'biomesoplenty:optifine/ctm/grass_block_bottom.properties' in pack 'file/BOPPBR-FULL-RE1-v0.1.4.zip'
[17:31:24] [Worker-Main-7/WARN]: Unknown block 'biomesoplenty:white_sandstone' in 'matchBlocks' element 'biomesoplenty:white_sandstone' at index 34 in file 'biomesoplenty:optifine/ctm/grass_block_bottom.properties' in pack 'file/BOPPBR-FULL-RE1-v0.1.4.zip'
[17:31:24] [Worker-Main-7/WARN]: Unknown block 'biomesoplenty:cut_white_sandstone' in 'matchBlocks' element 'biomesoplenty:cut_white_sandstone' at index 35 in file 'biomesoplenty:optifine/ctm/grass_block_bottom.properties' in pack 'file/BOPPBR-FULL-RE1-v0.1.4.zip'
[17:31:24] [Worker-Main-7/WARN]: Unknown block 'biomesoplenty:cut_white_sandstone_slab' in 'matchBlocks' element 'biomesoplenty:cut_white_sandstone_slab' at index 36 in file 'biomesoplenty:optifine/ctm/grass_block_bottom.properties' in pack 'file/BOPPBR-FULL-RE1-v0.1.4.zip'
[17:31:24] [Worker-Main-7/WARN]: Unknown block 'biomesoplenty:chiseled_white_sandstone' in 'matchBlocks' element 'biomesoplenty:chiseled_white_sandstone' at index 37 in file 'biomesoplenty:optifine/ctm/grass_block_bottom.properties' in pack 'file/BOPPBR-FULL-RE1-v0.1.4.zip'
[17:31:24] [Worker-Main-7/WARN]: Unknown block 'biomesoplenty:smooth_white_sandstone' in 'matchBlocks' element 'biomesoplenty:smooth_white_sandstone' at index 38 in file 'biomesoplenty:optifine/ctm/grass_block_bottom.properties' in pack 'file/BOPPBR-FULL-RE1-v0.1.4.zip'
[17:31:24] [Worker-Main-7/WARN]: Unknown block 'biomesoplenty:smooth_white_sandstone_slab' in 'matchBlocks' element 'biomesoplenty:smooth_white_sandstone_slab' at index 39 in file 'biomesoplenty:optifine/ctm/grass_block_bottom.properties' in pack 'file/BOPPBR-FULL-RE1-v0.1.4.zip'
[17:31:24] [Worker-Main-7/WARN]: Unknown block 'biomesoplenty:white_sandstone_slab' in 'matchBlocks' element 'biomesoplenty:white_sandstone_slab' at index 40 in file 'biomesoplenty:optifine/ctm/grass_block_bottom.properties' in pack 'file/BOPPBR-FULL-RE1-v0.1.4.zip'
[17:31:24] [Worker-Main-7/WARN]: Unknown block 'biomesoplenty:orange_sand' in 'matchBlocks' element 'biomesoplenty:orange_sand' at index 41 in file 'biomesoplenty:optifine/ctm/grass_block_bottom.properties' in pack 'file/BOPPBR-FULL-RE1-v0.1.4.zip'
[17:31:24] [Worker-Main-7/WARN]: Unknown block 'biomesoplenty:orange_sandstone' in 'matchBlocks' element 'biomesoplenty:orange_sandstone' at index 42 in file 'biomesoplenty:optifine/ctm/grass_block_bottom.properties' in pack 'file/BOPPBR-FULL-RE1-v0.1.4.zip'
[17:31:24] [Worker-Main-7/WARN]: Unknown block 'biomesoplenty:cut_orange_sandstone' in 'matchBlocks' element 'biomesoplenty:cut_orange_sandstone' at index 43 in file 'biomesoplenty:optifine/ctm/grass_block_bottom.properties' in pack 'file/BOPPBR-FULL-RE1-v0.1.4.zip'
[17:31:24] [Worker-Main-7/WARN]: Unknown block 'biomesoplenty:cut_orange_sandstone_slab' in 'matchBlocks' element 'biomesoplenty:cut_orange_sandstone_slab' at index 44 in file 'biomesoplenty:optifine/ctm/grass_block_bottom.properties' in pack 'file/BOPPBR-FULL-RE1-v0.1.4.zip'
[17:31:24] [Worker-Main-7/WARN]: Unknown block 'biomesoplenty:chiseled_orange_sandstone' in 'matchBlocks' element 'biomesoplenty:chiseled_orange_sandstone' at index 45 in file 'biomesoplenty:optifine/ctm/grass_block_bottom.properties' in pack 'file/BOPPBR-FULL-RE1-v0.1.4.zip'
[17:31:24] [Worker-Main-7/WARN]: Unknown block 'biomesoplenty:smooth_orange_sandstone' in 'matchBlocks' element 'biomesoplenty:smooth_orange_sandstone' at index 46 in file 'biomesoplenty:optifine/ctm/grass_block_bottom.properties' in pack 'file/BOPPBR-FULL-RE1-v0.1.4.zip'
[17:31:24] [Worker-Main-7/WARN]: Unknown block 'biomesoplenty:smooth_orange_sandstone_slab' in 'matchBlocks' element 'biomesoplenty:smooth_orange_sandstone_slab' at index 47 in file 'biomesoplenty:optifine/ctm/grass_block_bottom.properties' in pack 'file/BOPPBR-FULL-RE1-v0.1.4.zip'
[17:31:24] [Worker-Main-7/WARN]: Unknown block 'biomesoplenty:orange_sandstone_slab' in 'matchBlocks' element 'biomesoplenty:orange_sandstone_slab' at index 48 in file 'biomesoplenty:optifine/ctm/grass_block_bottom.properties' in pack 'file/BOPPBR-FULL-RE1-v0.1.4.zip'
[17:31:24] [Worker-Main-7/WARN]: Unknown block 'biomesoplenty:mossy_black_sand' in 'matchBlocks' element 'biomesoplenty:mossy_black_sand' at index 49 in file 'biomesoplenty:optifine/ctm/grass_block_bottom.properties' in pack 'file/BOPPBR-FULL-RE1-v0.1.4.zip'
[17:31:24] [Worker-Main-7/WARN]: Unknown block 'biomesoplenty:black_sand' in 'matchBlocks' element 'biomesoplenty:black_sand' at index 50 in file 'biomesoplenty:optifine/ctm/grass_block_bottom.properties' in pack 'file/BOPPBR-FULL-RE1-v0.1.4.zip'
[17:31:24] [Worker-Main-7/WARN]: Unknown block 'biomesoplenty:black_sandstone' in 'matchBlocks' element 'biomesoplenty:black_sandstone' at index 51 in file 'biomesoplenty:optifine/ctm/grass_block_bottom.properties' in pack 'file/BOPPBR-FULL-RE1-v0.1.4.zip'
[17:31:24] [Worker-Main-7/WARN]: Unknown block 'biomesoplenty:cut_black_sandstone' in 'matchBlocks' element 'biomesoplenty:cut_black_sandstone' at index 52 in file 'biomesoplenty:optifine/ctm/grass_block_bottom.properties' in pack 'file/BOPPBR-FULL-RE1-v0.1.4.zip'
[17:31:24] [Worker-Main-7/WARN]: Unknown block 'biomesoplenty:cut_black_sandstone_slab' in 'matchBlocks' element 'biomesoplenty:cut_black_sandstone_slab' at index 53 in file 'biomesoplenty:optifine/ctm/grass_block_bottom.properties' in pack 'file/BOPPBR-FULL-RE1-v0.1.4.zip'
[17:31:24] [Worker-Main-7/WARN]: Unknown block 'biomesoplenty:chiseled_black_sandstone' in 'matchBlocks' element 'biomesoplenty:chiseled_black_sandstone' at index 54 in file 'biomesoplenty:optifine/ctm/grass_block_bottom.properties' in pack 'file/BOPPBR-FULL-RE1-v0.1.4.zip'
[17:31:24] [Worker-Main-7/WARN]: Unknown block 'biomesoplenty:smooth_black_sandstone' in 'matchBlocks' element 'biomesoplenty:smooth_black_sandstone' at index 55 in file 'biomesoplenty:optifine/ctm/grass_block_bottom.properties' in pack 'file/BOPPBR-FULL-RE1-v0.1.4.zip'
[17:31:24] [Worker-Main-7/WARN]: Unknown block 'biomesoplenty:smooth_black_sandstone_slab' in 'matchBlocks' element 'biomesoplenty:smooth_black_sandstone_slab' at index 56 in file 'biomesoplenty:optifine/ctm/grass_block_bottom.properties' in pack 'file/BOPPBR-FULL-RE1-v0.1.4.zip'
[17:31:24] [Worker-Main-7/WARN]: Unknown block 'biomesoplenty:black_sandstone_slab' in 'matchBlocks' element 'biomesoplenty:black_sandstone_slab' at index 57 in file 'biomesoplenty:optifine/ctm/grass_block_bottom.properties' in pack 'file/BOPPBR-FULL-RE1-v0.1.4.zip'
[17:31:24] [Worker-Main-7/WARN]: Unknown block 'biomesoplenty:thermal_calcite' in 'matchBlocks' element 'biomesoplenty:thermal_calcite' at index 58 in file 'biomesoplenty:optifine/ctm/grass_block_bottom.properties' in pack 'file/BOPPBR-FULL-RE1-v0.1.4.zip'
[17:31:24] [Worker-Main-7/WARN]: Unknown block 'biomesoplenty:thermal_calcite_vent' in 'matchBlocks' element 'biomesoplenty:thermal_calcite_vent' at index 59 in file 'biomesoplenty:optifine/ctm/grass_block_bottom.properties' in pack 'file/BOPPBR-FULL-RE1-v0.1.4.zip'
[17:31:24] [Worker-Main-7/WARN]: Unknown block 'biomesoplenty:dried_salt' in 'matchBlocks' element 'biomesoplenty:dried_salt' at index 60 in file 'biomesoplenty:optifine/ctm/grass_block_bottom.properties' in pack 'file/BOPPBR-FULL-RE1-v0.1.4.zip'
[17:31:24] [Worker-Main-7/WARN]: Unknown block 'biomesoplenty:flesh' in 'matchBlocks' element 'biomesoplenty:flesh' at index 61 in file 'biomesoplenty:optifine/ctm/grass_block_bottom.properties' in pack 'file/BOPPBR-FULL-RE1-v0.1.4.zip'
[17:31:24] [Worker-Main-7/WARN]: Unknown block 'biomesoplenty:porous_flesh' in 'matchBlocks' element 'biomesoplenty:porous_flesh' at index 62 in file 'biomesoplenty:optifine/ctm/grass_block_bottom.properties' in pack 'file/BOPPBR-FULL-RE1-v0.1.4.zip'
[17:31:24] [Worker-Main-7/WARN]: Unknown block 'biomesoplenty:brimstone' in 'matchBlocks' element 'biomesoplenty:brimstone' at index 63 in file 'biomesoplenty:optifine/ctm/grass_block_bottom.properties' in pack 'file/BOPPBR-FULL-RE1-v0.1.4.zip'
[17:31:24] [Worker-Main-7/WARN]: Unknown block 'biomesoplenty:brimstone_bricks' in 'matchBlocks' element 'biomesoplenty:brimstone_bricks' at index 64 in file 'biomesoplenty:optifine/ctm/grass_block_bottom.properties' in pack 'file/BOPPBR-FULL-RE1-v0.1.4.zip'
[17:31:24] [Worker-Main-7/WARN]: Unknown block 'biomesoplenty:brimstone_brick_slab' in 'matchBlocks' element 'biomesoplenty:brimstone_brick_slab' at index 65 in file 'biomesoplenty:optifine/ctm/grass_block_bottom.properties' in pack 'file/BOPPBR-FULL-RE1-v0.1.4.zip'
[17:31:24] [Worker-Main-7/WARN]: Unknown block 'biomesoplenty:chiseled_brimstone_bricks' in 'matchBlocks' element 'biomesoplenty:chiseled_brimstone_bricks' at index 66 in file 'biomesoplenty:optifine/ctm/grass_block_bottom.properties' in pack 'file/BOPPBR-FULL-RE1-v0.1.4.zip'
[17:31:24] [Worker-Main-7/WARN]: Unknown block 'biomesoplenty:rose_quartz_block' in 'matchBlocks' element 'biomesoplenty:rose_quartz_block' at index 67 in file 'biomesoplenty:optifine/ctm/grass_block_bottom.properties' in pack 'file/BOPPBR-FULL-RE1-v0.1.4.zip'
[17:31:24] [Worker-Main-7/WARN]: Unknown block 'biomesoplenty:algal_end_stone' in 'matchBlocks' element 'biomesoplenty:algal_end_stone' at index 68 in file 'biomesoplenty:optifine/ctm/grass_block_bottom.properties' in pack 'file/BOPPBR-FULL-RE1-v0.1.4.zip'
[17:31:24] [Worker-Main-7/WARN]: Unknown block 'biomesoplenty:unmapped_end_stone' in 'matchBlocks' element 'biomesoplenty:unmapped_end_stone' at index 69 in file 'biomesoplenty:optifine/ctm/grass_block_bottom.properties' in pack 'file/BOPPBR-FULL-RE1-v0.1.4.zip'
[17:31:24] [Worker-Main-7/WARN]: Unknown block 'biomesoplenty:null_end_stone' in 'matchBlocks' element 'biomesoplenty:null_end_stone' at index 70 in file 'biomesoplenty:optifine/ctm/grass_block_bottom.properties' in pack 'file/BOPPBR-FULL-RE1-v0.1.4.zip'
[17:31:24] [Worker-Main-7/WARN]: Unknown block 'biomesoplenty:null_block' in 'matchBlocks' element 'biomesoplenty:null_block' at index 71 in file 'biomesoplenty:optifine/ctm/grass_block_bottom.properties' in pack 'file/BOPPBR-FULL-RE1-v0.1.4.zip'
[17:31:24] [Worker-Main-7/WARN]: Unknown block 'biomesoplenty:anomaly' in 'matchBlocks' element 'biomesoplenty:anomaly' at index 72 in file 'biomesoplenty:optifine/ctm/grass_block_bottom.properties' in pack 'file/BOPPBR-FULL-RE1-v0.1.4.zip'
[17:31:24] [Worker-Main-7/WARN]: Unknown block 'biomesoplenty:toadstool_block' in 'matchBlocks' element 'biomesoplenty:toadstool_block' at index 73 in file 'biomesoplenty:optifine/ctm/grass_block_bottom.properties' in pack 'file/BOPPBR-FULL-RE1-v0.1.4.zip'
[17:31:24] [Worker-Main-7/WARN]: Unknown block 'biomesoplenty:glowshroom_block' in 'matchBlocks' element 'biomesoplenty:glowshroom_block' at index 74 in file 'biomesoplenty:optifine/ctm/grass_block_bottom.properties' in pack 'file/BOPPBR-FULL-RE1-v0.1.4.zip'
[17:31:24] [Worker-Main-7/WARN]: Unknown block 'biomesoplenty:glowing_moss_block' in 'matchBlocks' element 'biomesoplenty:glowing_moss_block' at index 75 in file 'biomesoplenty:optifine/ctm/grass_block_bottom.properties' in pack 'file/BOPPBR-FULL-RE1-v0.1.4.zip'
[17:31:24] [Worker-Main-7/WARN]: Unknown block 'biomesoplenty:origin_grass_block' in 'matchBlocks' element 'biomesoplenty:origin_grass_block' at index 76 in file 'biomesoplenty:optifine/ctm/grass_block_bottom.properties' in pack 'file/BOPPBR-FULL-RE1-v0.1.4.zip'
[17:31:24] [Worker-Main-7/WARN]: Unknown block 'biomesoplenty:white_flower_petal_block' in 'matchBlocks' element 'biomesoplenty:white_flower_petal_block' at index 77 in file 'biomesoplenty:optifine/ctm/grass_block_bottom.properties' in pack 'file/BOPPBR-FULL-RE1-v0.1.4.zip'
[17:31:24] [Worker-Main-7/WARN]: Unknown block 'biomesoplenty:light_gray_flower_petal_block' in 'matchBlocks' element 'biomesoplenty:light_gray_flower_petal_block' at index 78 in file 'biomesoplenty:optifine/ctm/grass_block_bottom.properties' in pack 'file/BOPPBR-FULL-RE1-v0.1.4.zip'
[17:31:24] [Worker-Main-7/WARN]: Unknown block 'biomesoplenty:gray_flower_petal_block' in 'matchBlocks' element 'biomesoplenty:gray_flower_petal_block' at index 79 in file 'biomesoplenty:optifine/ctm/grass_block_bottom.properties' in pack 'file/BOPPBR-FULL-RE1-v0.1.4.zip'
[17:31:24] [Worker-Main-7/WARN]: Unknown block 'biomesoplenty:black_flower_petal_block' in 'matchBlocks' element 'biomesoplenty:black_flower_petal_block' at index 80 in file 'biomesoplenty:optifine/ctm/grass_block_bottom.properties' in pack 'file/BOPPBR-FULL-RE1-v0.1.4.zip'
[17:31:24] [Worker-Main-7/WARN]: Unknown block 'biomesoplenty:brown_flower_petal_block' in 'matchBlocks' element 'biomesoplenty:brown_flower_petal_block' at index 81 in file 'biomesoplenty:optifine/ctm/grass_block_bottom.properties' in pack 'file/BOPPBR-FULL-RE1-v0.1.4.zip'
[17:31:24] [Worker-Main-7/WARN]: Unknown block 'biomesoplenty:red_flower_petal_block' in 'matchBlocks' element 'biomesoplenty:red_flower_petal_block' at index 82 in file 'biomesoplenty:optifine/ctm/grass_block_bottom.properties' in pack 'file/BOPPBR-FULL-RE1-v0.1.4.zip'
[17:31:24] [Worker-Main-7/WARN]: Unknown block 'biomesoplenty:orange_flower_petal_block' in 'matchBlocks' element 'biomesoplenty:orange_flower_petal_block' at index 83 in file 'biomesoplenty:optifine/ctm/grass_block_bottom.properties' in pack 'file/BOPPBR-FULL-RE1-v0.1.4.zip'
[17:31:24] [Worker-Main-7/WARN]: Unknown block 'biomesoplenty:yellow_flower_petal_block' in 'matchBlocks' element 'biomesoplenty:yellow_flower_petal_block' at index 84 in file 'biomesoplenty:optifine/ctm/grass_block_bottom.properties' in pack 'file/BOPPBR-FULL-RE1-v0.1.4.zip'
[17:31:24] [Worker-Main-7/WARN]: Unknown block 'biomesoplenty:lime_flower_petal_block' in 'matchBlocks' element 'biomesoplenty:lime_flower_petal_block' at index 85 in file 'biomesoplenty:optifine/ctm/grass_block_bottom.properties' in pack 'file/BOPPBR-FULL-RE1-v0.1.4.zip'
[17:31:24] [Worker-Main-7/WARN]: Unknown block 'biomesoplenty:green_flower_petal_block' in 'matchBlocks' element 'biomesoplenty:green_flower_petal_block' at index 86 in file 'biomesoplenty:optifine/ctm/grass_block_bottom.properties' in pack 'file/BOPPBR-FULL-RE1-v0.1.4.zip'
[17:31:24] [Worker-Main-7/WARN]: Unknown block 'biomesoplenty:cyan_flower_petal_block' in 'matchBlocks' element 'biomesoplenty:cyan_flower_petal_block' at index 87 in file 'biomesoplenty:optifine/ctm/grass_block_bottom.properties' in pack 'file/BOPPBR-FULL-RE1-v0.1.4.zip'
[17:31:24] [Worker-Main-7/WARN]: Unknown block 'biomesoplenty:light_blue_flower_petal_block' in 'matchBlocks' element 'biomesoplenty:light_blue_flower_petal_block' at index 88 in file 'biomesoplenty:optifine/ctm/grass_block_bottom.properties' in pack 'file/BOPPBR-FULL-RE1-v0.1.4.zip'
[17:31:24] [Worker-Main-7/WARN]: Unknown block 'biomesoplenty:blue_flower_petal_block' in 'matchBlocks' element 'biomesoplenty:blue_flower_petal_block' at index 89 in file 'biomesoplenty:optifine/ctm/grass_block_bottom.properties' in pack 'file/BOPPBR-FULL-RE1-v0.1.4.zip'
[17:31:24] [Worker-Main-7/WARN]: Unknown block 'biomesoplenty:purple_flower_petal_block' in 'matchBlocks' element 'biomesoplenty:purple_flower_petal_block' at index 90 in file 'biomesoplenty:optifine/ctm/grass_block_bottom.properties' in pack 'file/BOPPBR-FULL-RE1-v0.1.4.zip'
[17:31:24] [Worker-Main-7/WARN]: Unknown block 'biomesoplenty:magenta_flower_petal_block' in 'matchBlocks' element 'biomesoplenty:magenta_flower_petal_block' at index 91 in file 'biomesoplenty:optifine/ctm/grass_block_bottom.properties' in pack 'file/BOPPBR-FULL-RE1-v0.1.4.zip'
[17:31:24] [Worker-Main-7/WARN]: Unknown block 'biomesoplenty:pink_flower_petal_block' in 'matchBlocks' element 'biomesoplenty:pink_flower_petal_block' at index 92 in file 'biomesoplenty:optifine/ctm/grass_block_bottom.properties' in pack 'file/BOPPBR-FULL-RE1-v0.1.4.zip'
[17:31:24] [Worker-Main-7/WARN]: Unknown block 'biomesoplenty:flower_stem' in 'matchBlocks' element 'biomesoplenty:flower_stem' at index 93 in file 'biomesoplenty:optifine/ctm/grass_block_bottom.properties' in pack 'file/BOPPBR-FULL-RE1-v0.1.4.zip'
[17:31:24] [Worker-Main-7/WARN]: Unknown block 'biomesoplenty:origin_oak_log' in 'matchBlocks' element 'biomesoplenty:origin_oak_log' at index 94 in file 'biomesoplenty:optifine/ctm/grass_block_bottom.properties' in pack 'file/BOPPBR-FULL-RE1-v0.1.4.zip'
[17:31:24] [Worker-Main-7/WARN]: Unknown block 'biomesoplenty:stripped_origin_oak_log' in 'matchBlocks' element 'biomesoplenty:stripped_origin_oak_log' at index 95 in file 'biomesoplenty:optifine/ctm/grass_block_bottom.properties' in pack 'file/BOPPBR-FULL-RE1-v0.1.4.zip'
[17:31:24] [Worker-Main-7/WARN]: Unknown block 'biomesoplenty:origin_oak_wood' in 'matchBlocks' element 'biomesoplenty:origin_oak_wood' at index 96 in file 'biomesoplenty:optifine/ctm/grass_block_bottom.properties' in pack 'file/BOPPBR-FULL-RE1-v0.1.4.zip'
[17:31:24] [Worker-Main-7/WARN]: Unknown block 'biomesoplenty:stripped_origin_oak_wood' in 'matchBlocks' element 'biomesoplenty:stripped_origin_oak_wood' at index 97 in file 'biomesoplenty:optifine/ctm/grass_block_bottom.properties' in pack 'file/BOPPBR-FULL-RE1-v0.1.4.zip'
[17:31:24] [Worker-Main-7/WARN]: Unknown block 'biomesoplenty:origin_oak_planks' in 'matchBlocks' element 'biomesoplenty:origin_oak_planks' at index 98 in file 'biomesoplenty:optifine/ctm/grass_block_bottom.properties' in pack 'file/BOPPBR-FULL-RE1-v0.1.4.zip'
[17:31:24] [Worker-Main-7/WARN]: Unknown block 'biomesoplenty:origin_oak_slab' in 'matchBlocks' element 'biomesoplenty:origin_oak_slab' at index 99 in file 'biomesoplenty:optifine/ctm/grass_block_bottom.properties' in pack 'file/BOPPBR-FULL-RE1-v0.1.4.zip'
[17:31:24] [Worker-Main-7/WARN]: Unknown block 'biomesoplenty:fir_log' in 'matchBlocks' element 'biomesoplenty:fir_log' at index 100 in file 'biomesoplenty:optifine/ctm/grass_block_bottom.properties' in pack 'file/BOPPBR-FULL-RE1-v0.1.4.zip'
[17:31:24] [Worker-Main-7/WARN]: Unknown block 'biomesoplenty:stripped_fir_log' in 'matchBlocks' element 'biomesoplenty:stripped_fir_log' at index 101 in file 'biomesoplenty:optifine/ctm/grass_block_bottom.properties' in pack 'file/BOPPBR-FULL-RE1-v0.1.4.zip'
[17:31:24] [Worker-Main-7/WARN]: Unknown block 'biomesoplenty:fir_wood' in 'matchBlocks' element 'biomesoplenty:fir_wood' at index 102 in file 'biomesoplenty:optifine/ctm/grass_block_bottom.properties' in pack 'file/BOPPBR-FULL-RE1-v0.1.4.zip'
[17:31:24] [Worker-Main-7/WARN]: Unknown block 'biomesoplenty:stripped_fir_wood' in 'matchBlocks' element 'biomesoplenty:stripped_fir_wood' at index 103 in file 'biomesoplenty:optifine/ctm/grass_block_bottom.properties' in pack 'file/BOPPBR-FULL-RE1-v0.1.4.zip'
[17:31:24] [Worker-Main-7/WARN]: Unknown block 'biomesoplenty:fir_planks' in 'matchBlocks' element 'biomesoplenty:fir_planks' at index 104 in file 'biomesoplenty:optifine/ctm/grass_block_bottom.properties' in pack 'file/BOPPBR-FULL-RE1-v0.1.4.zip'
[17:31:24] [Worker-Main-7/WARN]: Unknown block 'biomesoplenty:fir_slab' in 'matchBlocks' element 'biomesoplenty:fir_slab' at index 105 in file 'biomesoplenty:optifine/ctm/grass_block_bottom.properties' in pack 'file/BOPPBR-FULL-RE1-v0.1.4.zip'
[17:31:24] [Worker-Main-7/WARN]: Unknown block 'biomesoplenty:pine_log' in 'matchBlocks' element 'biomesoplenty:pine_log' at index 106 in file 'biomesoplenty:optifine/ctm/grass_block_bottom.properties' in pack 'file/BOPPBR-FULL-RE1-v0.1.4.zip'
[17:31:24] [Worker-Main-7/WARN]: Unknown block 'biomesoplenty:stripped_pine_log' in 'matchBlocks' element 'biomesoplenty:stripped_pine_log' at index 107 in file 'biomesoplenty:optifine/ctm/grass_block_bottom.properties' in pack 'file/BOPPBR-FULL-RE1-v0.1.4.zip'
[17:31:24] [Worker-Main-7/WARN]: Unknown block 'biomesoplenty:pine_wood' in 'matchBlocks' element 'biomesoplenty:pine_wood' at index 108 in file 'biomesoplenty:optifine/ctm/grass_block_bottom.properties' in pack 'file/BOPPBR-FULL-RE1-v0.1.4.zip'
[17:31:24] [Worker-Main-7/WARN]: Unknown block 'biomesoplenty:stripped_pine_wood' in 'matchBlocks' element 'biomesoplenty:stripped_pine_wood' at index 109 in file 'biomesoplenty:optifine/ctm/grass_block_bottom.properties' in pack 'file/BOPPBR-FULL-RE1-v0.1.4.zip'
[17:31:24] [Worker-Main-7/WARN]: Unknown block 'biomesoplenty:pine_planks' in 'matchBlocks' element 'biomesoplenty:pine_planks' at index 110 in file 'biomesoplenty:optifine/ctm/grass_block_bottom.properties' in pack 'file/BOPPBR-FULL-RE1-v0.1.4.zip'
[17:31:24] [Worker-Main-7/WARN]: Unknown block 'biomesoplenty:pine_slab' in 'matchBlocks' element 'biomesoplenty:pine_slab' at index 111 in file 'biomesoplenty:optifine/ctm/grass_block_bottom.properties' in pack 'file/BOPPBR-FULL-RE1-v0.1.4.zip'
[17:31:24] [Worker-Main-7/WARN]: Unknown block 'biomesoplenty:maple_log' in 'matchBlocks' element 'biomesoplenty:maple_log' at index 112 in file 'biomesoplenty:optifine/ctm/grass_block_bottom.properties' in pack 'file/BOPPBR-FULL-RE1-v0.1.4.zip'
[17:31:24] [Worker-Main-7/WARN]: Unknown block 'biomesoplenty:stripped_maple_log' in 'matchBlocks' element 'biomesoplenty:stripped_maple_log' at index 113 in file 'biomesoplenty:optifine/ctm/grass_block_bottom.properties' in pack 'file/BOPPBR-FULL-RE1-v0.1.4.zip'
[17:31:24] [Worker-Main-7/WARN]: Unknown block 'biomesoplenty:maple_wood' in 'matchBlocks' element 'biomesoplenty:maple_wood' at index 114 in file 'biomesoplenty:optifine/ctm/grass_block_bottom.properties' in pack 'file/BOPPBR-FULL-RE1-v0.1.4.zip'
[17:31:24] [Worker-Main-7/WARN]: Unknown block 'biomesoplenty:stripped_maple_wood' in 'matchBlocks' element 'biomesoplenty:stripped_maple_wood' at index 115 in file 'biomesoplenty:optifine/ctm/grass_block_bottom.properties' in pack 'file/BOPPBR-FULL-RE1-v0.1.4.zip'
[17:31:24] [Worker-Main-7/WARN]: Unknown block 'biomesoplenty:maple_planks' in 'matchBlocks' element 'biomesoplenty:maple_planks' at index 116 in file 'biomesoplenty:optifine/ctm/grass_block_bottom.properties' in pack 'file/BOPPBR-FULL-RE1-v0.1.4.zip'
[17:31:24] [Worker-Main-7/WARN]: Unknown block 'biomesoplenty:maple_slab' in 'matchBlocks' element 'biomesoplenty:maple_slab' at index 117 in file 'biomesoplenty:optifine/ctm/grass_block_bottom.properties' in pack 'file/BOPPBR-FULL-RE1-v0.1.4.zip'
[17:31:24] [Worker-Main-7/WARN]: Unknown block 'biomesoplenty:redwood_log' in 'matchBlocks' element 'biomesoplenty:redwood_log' at index 118 in file 'biomesoplenty:optifine/ctm/grass_block_bottom.properties' in pack 'file/BOPPBR-FULL-RE1-v0.1.4.zip'
[17:31:24] [Worker-Main-7/WARN]: Unknown block 'biomesoplenty:stripped_redwood_log' in 'matchBlocks' element 'biomesoplenty:stripped_redwood_log' at index 119 in file 'biomesoplenty:optifine/ctm/grass_block_bottom.properties' in pack 'file/BOPPBR-FULL-RE1-v0.1.4.zip'
[17:31:24] [Worker-Main-7/WARN]: Unknown block 'biomesoplenty:redwood_wood' in 'matchBlocks' element 'biomesoplenty:redwood_wood' at index 120 in file 'biomesoplenty:optifine/ctm/grass_block_bottom.properties' in pack 'file/BOPPBR-FULL-RE1-v0.1.4.zip'
[17:31:24] [Worker-Main-7/WARN]: Unknown block 'biomesoplenty:stripped_redwood_wood' in 'matchBlocks' element 'biomesoplenty:stripped_redwood_wood' at index 121 in file 'biomesoplenty:optifine/ctm/grass_block_bottom.properties' in pack 'file/BOPPBR-FULL-RE1-v0.1.4.zip'
[17:31:24] [Worker-Main-7/WARN]: Unknown block 'biomesoplenty:redwood_planks' in 'matchBlocks' element 'biomesoplenty:redwood_planks' at index 122 in file 'biomesoplenty:optifine/ctm/grass_block_bottom.properties' in pack 'file/BOPPBR-FULL-RE1-v0.1.4.zip'
[17:31:24] [Worker-Main-7/WARN]: Unknown block 'biomesoplenty:redwood_slab' in 'matchBlocks' element 'biomesoplenty:redwood_slab' at index 123 in file 'biomesoplenty:optifine/ctm/grass_block_bottom.properties' in pack 'file/BOPPBR-FULL-RE1-v0.1.4.zip'
[17:31:24] [Worker-Main-7/WARN]: Unknown block 'biomesoplenty:mahogany_log' in 'matchBlocks' element 'biomesoplenty:mahogany_log' at index 124 in file 'biomesoplenty:optifine/ctm/grass_block_bottom.properties' in pack 'file/BOPPBR-FULL-RE1-v0.1.4.zip'
[17:31:24] [Worker-Main-7/WARN]: Unknown block 'biomesoplenty:stripped_mahogany_log' in 'matchBlocks' element 'biomesoplenty:stripped_mahogany_log' at index 125 in file 'biomesoplenty:optifine/ctm/grass_block_bottom.properties' in pack 'file/BOPPBR-FULL-RE1-v0.1.4.zip'
[17:31:24] [Worker-Main-7/WARN]: Unknown block 'biomesoplenty:mahogany_wood' in 'matchBlocks' element 'biomesoplenty:mahogany_wood' at index 126 in file 'biomesoplenty:optifine/ctm/grass_block_bottom.properties' in pack 'file/BOPPBR-FULL-RE1-v0.1.4.zip'
[17:31:24] [Worker-Main-7/WARN]: Unknown block 'biomesoplenty:stripped_mahogany_wood' in 'matchBlocks' element 'biomesoplenty:stripped_mahogany_wood' at index 127 in file 'biomesoplenty:optifine/ctm/grass_block_bottom.properties' in pack 'file/BOPPBR-FULL-RE1-v0.1.4.zip'
[17:31:24] [Worker-Main-7/WARN]: Unknown block 'biomesoplenty:mahogany_planks' in 'matchBlocks' element 'biomesoplenty:mahogany_planks' at index 128 in file 'biomesoplenty:optifine/ctm/grass_block_bottom.properties' in pack 'file/BOPPBR-FULL-RE1-v0.1.4.zip'
[17:31:24] [Worker-Main-7/WARN]: Unknown block 'biomesoplenty:mahogany_slab' in 'matchBlocks' element 'biomesoplenty:mahogany_slab' at index 129 in file 'biomesoplenty:optifine/ctm/grass_block_bottom.properties' in pack 'file/BOPPBR-FULL-RE1-v0.1.4.zip'
[17:31:24] [Worker-Main-7/WARN]: Unknown block 'biomesoplenty:jacaranda_log' in 'matchBlocks' element 'biomesoplenty:jacaranda_log' at index 130 in file 'biomesoplenty:optifine/ctm/grass_block_bottom.properties' in pack 'file/BOPPBR-FULL-RE1-v0.1.4.zip'
[17:31:24] [Worker-Main-7/WARN]: Unknown block 'biomesoplenty:stripped_jacaranda_log' in 'matchBlocks' element 'biomesoplenty:stripped_jacaranda_log' at index 131 in file 'biomesoplenty:optifine/ctm/grass_block_bottom.properties' in pack 'file/BOPPBR-FULL-RE1-v0.1.4.zip'
[17:31:24] [Worker-Main-7/WARN]: Unknown block 'biomesoplenty:jacaranda_wood' in 'matchBlocks' element 'biomesoplenty:jacaranda_wood' at index 132 in file 'biomesoplenty:optifine/ctm/grass_block_bottom.properties' in pack 'file/BOPPBR-FULL-RE1-v0.1.4.zip'
[17:31:24] [Worker-Main-7/WARN]: Unknown block 'biomesoplenty:stripped_jacaranda_wood' in 'matchBlocks' element 'biomesoplenty:stripped_jacaranda_wood' at index 133 in file 'biomesoplenty:optifine/ctm/grass_block_bottom.properties' in pack 'file/BOPPBR-FULL-RE1-v0.1.4.zip'
[17:31:24] [Worker-Main-7/WARN]: Unknown block 'biomesoplenty:jacaranda_planks' in 'matchBlocks' element 'biomesoplenty:jacaranda_planks' at index 134 in file 'biomesoplenty:optifine/ctm/grass_block_bottom.properties' in pack 'file/BOPPBR-FULL-RE1-v0.1.4.zip'
[17:31:24] [Worker-Main-7/WARN]: Unknown block 'biomesoplenty:jacaranda_slab' in 'matchBlocks' element 'biomesoplenty:jacaranda_slab' at index 135 in file 'biomesoplenty:optifine/ctm/grass_block_bottom.properties' in pack 'file/BOPPBR-FULL-RE1-v0.1.4.zip'
[17:31:24] [Worker-Main-7/WARN]: Unknown block 'biomesoplenty:palm_log' in 'matchBlocks' element 'biomesoplenty:palm_log' at index 136 in file 'biomesoplenty:optifine/ctm/grass_block_bottom.properties' in pack 'file/BOPPBR-FULL-RE1-v0.1.4.zip'
[17:31:24] [Worker-Main-7/WARN]: Unknown block 'biomesoplenty:stripped_palm_log' in 'matchBlocks' element 'biomesoplenty:stripped_palm_log' at index 137 in file 'biomesoplenty:optifine/ctm/grass_block_bottom.properties' in pack 'file/BOPPBR-FULL-RE1-v0.1.4.zip'
[17:31:24] [Worker-Main-7/WARN]: Unknown block 'biomesoplenty:palm_wood' in 'matchBlocks' element 'biomesoplenty:palm_wood' at index 138 in file 'biomesoplenty:optifine/ctm/grass_block_bottom.properties' in pack 'file/BOPPBR-FULL-RE1-v0.1.4.zip'
[17:31:24] [Worker-Main-7/WARN]: Unknown block 'biomesoplenty:stripped_palm_wood' in 'matchBlocks' element 'biomesoplenty:stripped_palm_wood' at index 139 in file 'biomesoplenty:optifine/ctm/grass_block_bottom.properties' in pack 'file/BOPPBR-FULL-RE1-v0.1.4.zip'
[17:31:24] [Worker-Main-7/WARN]: Unknown block 'biomesoplenty:palm_planks' in 'matchBlocks' element 'biomesoplenty:palm_planks' at index 140 in file 'biomesoplenty:optifine/ctm/grass_block_bottom.properties' in pack 'file/BOPPBR-FULL-RE1-v0.1.4.zip'
[17:31:24] [Worker-Main-7/WARN]: Unknown block 'biomesoplenty:palm_slab' in 'matchBlocks' element 'biomesoplenty:palm_slab' at index 141 in file 'biomesoplenty:optifine/ctm/grass_block_bottom.properties' in pack 'file/BOPPBR-FULL-RE1-v0.1.4.zip'
[17:31:24] [Worker-Main-7/WARN]: Unknown block 'biomesoplenty:willow_log' in 'matchBlocks' element 'biomesoplenty:willow_log' at index 142 in file 'biomesoplenty:optifine/ctm/grass_block_bottom.properties' in pack 'file/BOPPBR-FULL-RE1-v0.1.4.zip'
[17:31:24] [Worker-Main-7/WARN]: Unknown block 'biomesoplenty:stripped_willow_log' in 'matchBlocks' element 'biomesoplenty:stripped_willow_log' at index 143 in file 'biomesoplenty:optifine/ctm/grass_block_bottom.properties' in pack 'file/BOPPBR-FULL-RE1-v0.1.4.zip'
[17:31:24] [Worker-Main-7/WARN]: Unknown block 'biomesoplenty:willow_wood' in 'matchBlocks' element 'biomesoplenty:willow_wood' at index 144 in file 'biomesoplenty:optifine/ctm/grass_block_bottom.properties' in pack 'file/BOPPBR-FULL-RE1-v0.1.4.zip'
[17:31:24] [Worker-Main-7/WARN]: Unknown block 'biomesoplenty:stripped_willow_wood' in 'matchBlocks' element 'biomesoplenty:stripped_willow_wood' at index 145 in file 'biomesoplenty:optifine/ctm/grass_block_bottom.properties' in pack 'file/BOPPBR-FULL-RE1-v0.1.4.zip'
[17:31:24] [Worker-Main-7/WARN]: Unknown block 'biomesoplenty:willow_planks' in 'matchBlocks' element 'biomesoplenty:willow_planks' at index 146 in file 'biomesoplenty:optifine/ctm/grass_block_bottom.properties' in pack 'file/BOPPBR-FULL-RE1-v0.1.4.zip'
[17:31:24] [Worker-Main-7/WARN]: Unknown block 'biomesoplenty:willow_slab' in 'matchBlocks' element 'biomesoplenty:willow_slab' at index 147 in file 'biomesoplenty:optifine/ctm/grass_block_bottom.properties' in pack 'file/BOPPBR-FULL-RE1-v0.1.4.zip'
[17:31:24] [Worker-Main-7/WARN]: Unknown block 'biomesoplenty:magic_log' in 'matchBlocks' element 'biomesoplenty:magic_log' at index 148 in file 'biomesoplenty:optifine/ctm/grass_block_bottom.properties' in pack 'file/BOPPBR-FULL-RE1-v0.1.4.zip'
[17:31:24] [Worker-Main-7/WARN]: Unknown block 'biomesoplenty:stripped_magic_log' in 'matchBlocks' element 'biomesoplenty:stripped_magic_log' at index 149 in file 'biomesoplenty:optifine/ctm/grass_block_bottom.properties' in pack 'file/BOPPBR-FULL-RE1-v0.1.4.zip'
[17:31:24] [Worker-Main-7/WARN]: Unknown block 'biomesoplenty:magic_wood' in 'matchBlocks' element 'biomesoplenty:magic_wood' at index 150 in file 'biomesoplenty:optifine/ctm/grass_block_bottom.properties' in pack 'file/BOPPBR-FULL-RE1-v0.1.4.zip'
[17:31:24] [Worker-Main-7/WARN]: Unknown block 'biomesoplenty:stripped_magic_wood' in 'matchBlocks' element 'biomesoplenty:stripped_magic_wood' at index 151 in file 'biomesoplenty:optifine/ctm/grass_block_bottom.properties' in pack 'file/BOPPBR-FULL-RE1-v0.1.4.zip'
[17:31:24] [Worker-Main-7/WARN]: Unknown block 'biomesoplenty:magic_planks' in 'matchBlocks' element 'biomesoplenty:magic_planks' at index 152 in file 'biomesoplenty:optifine/ctm/grass_block_bottom.properties' in pack 'file/BOPPBR-FULL-RE1-v0.1.4.zip'
[17:31:24] [Worker-Main-7/WARN]: Unknown block 'biomesoplenty:magic_slab' in 'matchBlocks' element 'biomesoplenty:magic_slab' at index 153 in file 'biomesoplenty:optifine/ctm/grass_block_bottom.properties' in pack 'file/BOPPBR-FULL-RE1-v0.1.4.zip'
[17:31:24] [Worker-Main-7/WARN]: Unknown block 'biomesoplenty:umbran_log' in 'matchBlocks' element 'biomesoplenty:umbran_log' at index 154 in file 'biomesoplenty:optifine/ctm/grass_block_bottom.properties' in pack 'file/BOPPBR-FULL-RE1-v0.1.4.zip'
[17:31:24] [Worker-Main-7/WARN]: Unknown block 'biomesoplenty:stripped_umbran_log' in 'matchBlocks' element 'biomesoplenty:stripped_umbran_log' at index 155 in file 'biomesoplenty:optifine/ctm/grass_block_bottom.properties' in pack 'file/BOPPBR-FULL-RE1-v0.1.4.zip'
[17:31:24] [Worker-Main-7/WARN]: Unknown block 'biomesoplenty:umbran_wood' in 'matchBlocks' element 'biomesoplenty:umbran_wood' at index 156 in file 'biomesoplenty:optifine/ctm/grass_block_bottom.properties' in pack 'file/BOPPBR-FULL-RE1-v0.1.4.zip'
[17:31:24] [Worker-Main-7/WARN]: Unknown block 'biomesoplenty:stripped_umbran_wood' in 'matchBlocks' element 'biomesoplenty:stripped_umbran_wood' at index 157 in file 'biomesoplenty:optifine/ctm/grass_block_bottom.properties' in pack 'file/BOPPBR-FULL-RE1-v0.1.4.zip'
[17:31:24] [Worker-Main-7/WARN]: Unknown block 'biomesoplenty:umbran_planks' in 'matchBlocks' element 'biomesoplenty:umbran_planks' at index 158 in file 'biomesoplenty:optifine/ctm/grass_block_bottom.properties' in pack 'file/BOPPBR-FULL-RE1-v0.1.4.zip'
[17:31:24] [Worker-Main-7/WARN]: Unknown block 'biomesoplenty:umbran_slab' in 'matchBlocks' element 'biomesoplenty:umbran_slab' at index 159 in file 'biomesoplenty:optifine/ctm/grass_block_bottom.properties' in pack 'file/BOPPBR-FULL-RE1-v0.1.4.zip'
[17:31:24] [Worker-Main-7/WARN]: Unknown block 'biomesoplenty:hellbark_log' in 'matchBlocks' element 'biomesoplenty:hellbark_log' at index 160 in file 'biomesoplenty:optifine/ctm/grass_block_bottom.properties' in pack 'file/BOPPBR-FULL-RE1-v0.1.4.zip'
[17:31:24] [Worker-Main-7/WARN]: Unknown block 'biomesoplenty:stripped_hellbark_log' in 'matchBlocks' element 'biomesoplenty:stripped_hellbark_log' at index 161 in file 'biomesoplenty:optifine/ctm/grass_block_bottom.properties' in pack 'file/BOPPBR-FULL-RE1-v0.1.4.zip'
[17:31:24] [Worker-Main-7/WARN]: Unknown block 'biomesoplenty:hellbark_wood' in 'matchBlocks' element 'biomesoplenty:hellbark_wood' at index 162 in file 'biomesoplenty:optifine/ctm/grass_block_bottom.properties' in pack 'file/BOPPBR-FULL-RE1-v0.1.4.zip'
[17:31:24] [Worker-Main-7/WARN]: Unknown block 'biomesoplenty:stripped_hellbark_wood' in 'matchBlocks' element 'biomesoplenty:stripped_hellbark_wood' at index 163 in file 'biomesoplenty:optifine/ctm/grass_block_bottom.properties' in pack 'file/BOPPBR-FULL-RE1-v0.1.4.zip'
[17:31:24] [Worker-Main-7/WARN]: Unknown block 'biomesoplenty:hellbark_planks' in 'matchBlocks' element 'biomesoplenty:hellbark_planks' at index 164 in file 'biomesoplenty:optifine/ctm/grass_block_bottom.properties' in pack 'file/BOPPBR-FULL-RE1-v0.1.4.zip'
[17:31:24] [Worker-Main-7/WARN]: Unknown block 'biomesoplenty:hellbark_slab' in 'matchBlocks' element 'biomesoplenty:hellbark_slab' at index 165 in file 'biomesoplenty:optifine/ctm/grass_block_bottom.properties' in pack 'file/BOPPBR-FULL-RE1-v0.1.4.zip'
[17:31:24] [Worker-Main-7/WARN]: Unknown block 'biomesoplenty:empyreal_log' in 'matchBlocks' element 'biomesoplenty:empyreal_log' at index 166 in file 'biomesoplenty:optifine/ctm/grass_block_bottom.properties' in pack 'file/BOPPBR-FULL-RE1-v0.1.4.zip'
[17:31:24] [Worker-Main-7/WARN]: Unknown block 'biomesoplenty:stripped_empyreal_log' in 'matchBlocks' element 'biomesoplenty:stripped_empyreal_log' at index 167 in file 'biomesoplenty:optifine/ctm/grass_block_bottom.properties' in pack 'file/BOPPBR-FULL-RE1-v0.1.4.zip'
[17:31:24] [Worker-Main-7/WARN]: Unknown block 'biomesoplenty:empyreal_wood' in 'matchBlocks' element 'biomesoplenty:empyreal_wood' at index 168 in file 'biomesoplenty:optifine/ctm/grass_block_bottom.properties' in pack 'file/BOPPBR-FULL-RE1-v0.1.4.zip'
[17:31:24] [Worker-Main-7/WARN]: Unknown block 'biomesoplenty:stripped_empyreal_wood' in 'matchBlocks' element 'biomesoplenty:stripped_empyreal_wood' at index 169 in file 'biomesoplenty:optifine/ctm/grass_block_bottom.properties' in pack 'file/BOPPBR-FULL-RE1-v0.1.4.zip'
[17:31:24] [Worker-Main-7/WARN]: Unknown block 'biomesoplenty:empyreal_planks' in 'matchBlocks' element 'biomesoplenty:empyreal_planks' at index 170 in file 'biomesoplenty:optifine/ctm/grass_block_bottom.properties' in pack 'file/BOPPBR-FULL-RE1-v0.1.4.zip'
[17:31:24] [Worker-Main-7/WARN]: Unknown block 'biomesoplenty:empyreal_slab' in 'matchBlocks' element 'biomesoplenty:empyreal_slab' at index 171 in file 'biomesoplenty:optifine/ctm/grass_block_bottom.properties' in pack 'file/BOPPBR-FULL-RE1-v0.1.4.zip'
[17:31:24] [Worker-Main-7/WARN]: Unknown block 'biomesoplenty:white_sand' in 'matchBlocks' element 'biomesoplenty:white_sand' at index 36 in file 'biomesoplenty:optifine/ctm/grass_block_side_dirt.properties' in pack 'file/BOPPBR-FULL-RE1-v0.1.4.zip'
[17:31:24] [Worker-Main-7/WARN]: Unknown block 'biomesoplenty:white_sandstone' in 'matchBlocks' element 'biomesoplenty:white_sandstone' at index 37 in file 'biomesoplenty:optifine/ctm/grass_block_side_dirt.properties' in pack 'file/BOPPBR-FULL-RE1-v0.1.4.zip'
[17:31:24] [Worker-Main-7/WARN]: Unknown block 'biomesoplenty:cut_white_sandstone' in 'matchBlocks' element 'biomesoplenty:cut_white_sandstone' at index 38 in file 'biomesoplenty:optifine/ctm/grass_block_side_dirt.properties' in pack 'file/BOPPBR-FULL-RE1-v0.1.4.zip'
[17:31:24] [Worker-Main-7/WARN]: Unknown block 'biomesoplenty:cut_white_sandstone_slab' in 'matchBlocks' element 'biomesoplenty:cut_white_sandstone_slab' at index 39 in file 'biomesoplenty:optifine/ctm/grass_block_side_dirt.properties' in pack 'file/BOPPBR-FULL-RE1-v0.1.4.zip'
[17:31:24] [Worker-Main-7/WARN]: Unknown block 'biomesoplenty:chiseled_white_sandstone' in 'matchBlocks' element 'biomesoplenty:chiseled_white_sandstone' at index 40 in file 'biomesoplenty:optifine/ctm/grass_block_side_dirt.properties' in pack 'file/BOPPBR-FULL-RE1-v0.1.4.zip'
[17:31:24] [Worker-Main-7/WARN]: Unknown block 'biomesoplenty:smooth_white_sandstone' in 'matchBlocks' element 'biomesoplenty:smooth_white_sandstone' at index 41 in file 'biomesoplenty:optifine/ctm/grass_block_side_dirt.properties' in pack 'file/BOPPBR-FULL-RE1-v0.1.4.zip'
[17:31:24] [Worker-Main-7/WARN]: Unknown block 'biomesoplenty:smooth_white_sandstone_slab' in 'matchBlocks' element 'biomesoplenty:smooth_white_sandstone_slab' at index 42 in file 'biomesoplenty:optifine/ctm/grass_block_side_dirt.properties' in pack 'file/BOPPBR-FULL-RE1-v0.1.4.zip'
[17:31:24] [Worker-Main-7/WARN]: Unknown block 'biomesoplenty:white_sandstone_slab' in 'matchBlocks' element 'biomesoplenty:white_sandstone_slab' at index 43 in file 'biomesoplenty:optifine/ctm/grass_block_side_dirt.properties' in pack 'file/BOPPBR-FULL-RE1-v0.1.4.zip'
[17:31:24] [Worker-Main-7/WARN]: Unknown block 'biomesoplenty:orange_sand' in 'matchBlocks' element 'biomesoplenty:orange_sand' at index 44 in file 'biomesoplenty:optifine/ctm/grass_block_side_dirt.properties' in pack 'file/BOPPBR-FULL-RE1-v0.1.4.zip'
[17:31:24] [Worker-Main-7/WARN]: Unknown block 'biomesoplenty:orange_sandstone' in 'matchBlocks' element 'biomesoplenty:orange_sandstone' at index 45 in file 'biomesoplenty:optifine/ctm/grass_block_side_dirt.properties' in pack 'file/BOPPBR-FULL-RE1-v0.1.4.zip'
[17:31:24] [Worker-Main-7/WARN]: Unknown block 'biomesoplenty:cut_orange_sandstone' in 'matchBlocks' element 'biomesoplenty:cut_orange_sandstone' at index 46 in file 'biomesoplenty:optifine/ctm/grass_block_side_dirt.properties' in pack 'file/BOPPBR-FULL-RE1-v0.1.4.zip'
[17:31:24] [Worker-Main-7/WARN]: Unknown block 'biomesoplenty:cut_orange_sandstone_slab' in 'matchBlocks' element 'biomesoplenty:cut_orange_sandstone_slab' at index 47 in file 'biomesoplenty:optifine/ctm/grass_block_side_dirt.properties' in pack 'file/BOPPBR-FULL-RE1-v0.1.4.zip'
[17:31:24] [Worker-Main-7/WARN]: Unknown block 'biomesoplenty:chiseled_orange_sandstone' in 'matchBlocks' element 'biomesoplenty:chiseled_orange_sandstone' at index 48 in file 'biomesoplenty:optifine/ctm/grass_block_side_dirt.properties' in pack 'file/BOPPBR-FULL-RE1-v0.1.4.zip'
[17:31:24] [Worker-Main-7/WARN]: Unknown block 'biomesoplenty:smooth_orange_sandstone' in 'matchBlocks' element 'biomesoplenty:smooth_orange_sandstone' at index 49 in file 'biomesoplenty:optifine/ctm/grass_block_side_dirt.properties' in pack 'file/BOPPBR-FULL-RE1-v0.1.4.zip'
[17:31:24] [Worker-Main-7/WARN]: Unknown block 'biomesoplenty:smooth_orange_sandstone_slab' in 'matchBlocks' element 'biomesoplenty:smooth_orange_sandstone_slab' at index 50 in file 'biomesoplenty:optifine/ctm/grass_block_side_dirt.properties' in pack 'file/BOPPBR-FULL-RE1-v0.1.4.zip'
[17:31:24] [Worker-Main-7/WARN]: Unknown block 'biomesoplenty:orange_sandstone_slab' in 'matchBlocks' element 'biomesoplenty:orange_sandstone_slab' at index 51 in file 'biomesoplenty:optifine/ctm/grass_block_side_dirt.properties' in pack 'file/BOPPBR-FULL-RE1-v0.1.4.zip'
[17:31:24] [Worker-Main-7/WARN]: Unknown block 'biomesoplenty:mossy_black_sand' in 'matchBlocks' element 'biomesoplenty:mossy_black_sand' at index 52 in file 'biomesoplenty:optifine/ctm/grass_block_side_dirt.properties' in pack 'file/BOPPBR-FULL-RE1-v0.1.4.zip'
[17:31:24] [Worker-Main-7/WARN]: Unknown block 'biomesoplenty:black_sand' in 'matchBlocks' element 'biomesoplenty:black_sand' at index 53 in file 'biomesoplenty:optifine/ctm/grass_block_side_dirt.properties' in pack 'file/BOPPBR-FULL-RE1-v0.1.4.zip'
[17:31:24] [Worker-Main-7/WARN]: Unknown block 'biomesoplenty:black_sandstone' in 'matchBlocks' element 'biomesoplenty:black_sandstone' at index 54 in file 'biomesoplenty:optifine/ctm/grass_block_side_dirt.properties' in pack 'file/BOPPBR-FULL-RE1-v0.1.4.zip'
[17:31:24] [Worker-Main-7/WARN]: Unknown block 'biomesoplenty:cut_black_sandstone' in 'matchBlocks' element 'biomesoplenty:cut_black_sandstone' at index 55 in file 'biomesoplenty:optifine/ctm/grass_block_side_dirt.properties' in pack 'file/BOPPBR-FULL-RE1-v0.1.4.zip'
[17:31:24] [Worker-Main-7/WARN]: Unknown block 'biomesoplenty:cut_black_sandstone_slab' in 'matchBlocks' element 'biomesoplenty:cut_black_sandstone_slab' at index 56 in file 'biomesoplenty:optifine/ctm/grass_block_side_dirt.properties' in pack 'file/BOPPBR-FULL-RE1-v0.1.4.zip'
[17:31:24] [Worker-Main-7/WARN]: Unknown block 'biomesoplenty:chiseled_black_sandstone' in 'matchBlocks' element 'biomesoplenty:chiseled_black_sandstone' at index 57 in file 'biomesoplenty:optifine/ctm/grass_block_side_dirt.properties' in pack 'file/BOPPBR-FULL-RE1-v0.1.4.zip'
[17:31:24] [Worker-Main-7/WARN]: Unknown block 'biomesoplenty:smooth_black_sandstone' in 'matchBlocks' element 'biomesoplenty:smooth_black_sandstone' at index 58 in file 'biomesoplenty:optifine/ctm/grass_block_side_dirt.properties' in pack 'file/BOPPBR-FULL-RE1-v0.1.4.zip'
[17:31:24] [Worker-Main-7/WARN]: Unknown block 'biomesoplenty:smooth_black_sandstone_slab' in 'matchBlocks' element 'biomesoplenty:smooth_black_sandstone_slab' at index 59 in file 'biomesoplenty:optifine/ctm/grass_block_side_dirt.properties' in pack 'file/BOPPBR-FULL-RE1-v0.1.4.zip'
[17:31:24] [Worker-Main-7/WARN]: Unknown block 'biomesoplenty:black_sandstone_slab' in 'matchBlocks' element 'biomesoplenty:black_sandstone_slab' at index 60 in file 'biomesoplenty:optifine/ctm/grass_block_side_dirt.properties' in pack 'file/BOPPBR-FULL-RE1-v0.1.4.zip'
[17:31:24] [Worker-Main-7/WARN]: Unknown block 'biomesoplenty:thermal_calcite' in 'matchBlocks' element 'biomesoplenty:thermal_calcite' at index 61 in file 'biomesoplenty:optifine/ctm/grass_block_side_dirt.properties' in pack 'file/BOPPBR-FULL-RE1-v0.1.4.zip'
[17:31:24] [Worker-Main-7/WARN]: Unknown block 'biomesoplenty:thermal_calcite_vent' in 'matchBlocks' element 'biomesoplenty:thermal_calcite_vent' at index 62 in file 'biomesoplenty:optifine/ctm/grass_block_side_dirt.properties' in pack 'file/BOPPBR-FULL-RE1-v0.1.4.zip'
[17:31:24] [Worker-Main-7/WARN]: Unknown block 'biomesoplenty:dried_salt' in 'matchBlocks' element 'biomesoplenty:dried_salt' at index 63 in file 'biomesoplenty:optifine/ctm/grass_block_side_dirt.properties' in pack 'file/BOPPBR-FULL-RE1-v0.1.4.zip'
[17:31:24] [Worker-Main-7/WARN]: Unknown block 'biomesoplenty:flesh' in 'matchBlocks' element 'biomesoplenty:flesh' at index 64 in file 'biomesoplenty:optifine/ctm/grass_block_side_dirt.properties' in pack 'file/BOPPBR-FULL-RE1-v0.1.4.zip'
[17:31:24] [Worker-Main-7/WARN]: Unknown block 'biomesoplenty:porous_flesh' in 'matchBlocks' element 'biomesoplenty:porous_flesh' at index 65 in file 'biomesoplenty:optifine/ctm/grass_block_side_dirt.properties' in pack 'file/BOPPBR-FULL-RE1-v0.1.4.zip'
[17:31:24] [Worker-Main-7/WARN]: Unknown block 'biomesoplenty:brimstone' in 'matchBlocks' element 'biomesoplenty:brimstone' at index 66 in file 'biomesoplenty:optifine/ctm/grass_block_side_dirt.properties' in pack 'file/BOPPBR-FULL-RE1-v0.1.4.zip'
[17:31:24] [Worker-Main-7/WARN]: Unknown block 'biomesoplenty:brimstone_bricks' in 'matchBlocks' element 'biomesoplenty:brimstone_bricks' at index 67 in file 'biomesoplenty:optifine/ctm/grass_block_side_dirt.properties' in pack 'file/BOPPBR-FULL-RE1-v0.1.4.zip'
[17:31:24] [Worker-Main-7/WARN]: Unknown block 'biomesoplenty:brimstone_brick_slab' in 'matchBlocks' element 'biomesoplenty:brimstone_brick_slab' at index 68 in file 'biomesoplenty:optifine/ctm/grass_block_side_dirt.properties' in pack 'file/BOPPBR-FULL-RE1-v0.1.4.zip'
[17:31:24] [Worker-Main-7/WARN]: Unknown block 'biomesoplenty:chiseled_brimstone_bricks' in 'matchBlocks' element 'biomesoplenty:chiseled_brimstone_bricks' at index 69 in file 'biomesoplenty:optifine/ctm/grass_block_side_dirt.properties' in pack 'file/BOPPBR-FULL-RE1-v0.1.4.zip'
[17:31:24] [Worker-Main-7/WARN]: Unknown block 'biomesoplenty:rose_quartz_block' in 'matchBlocks' element 'biomesoplenty:rose_quartz_block' at index 70 in file 'biomesoplenty:optifine/ctm/grass_block_side_dirt.properties' in pack 'file/BOPPBR-FULL-RE1-v0.1.4.zip'
[17:31:24] [Worker-Main-7/WARN]: Unknown block 'biomesoplenty:algal_end_stone' in 'matchBlocks' element 'biomesoplenty:algal_end_stone' at index 71 in file 'biomesoplenty:optifine/ctm/grass_block_side_dirt.properties' in pack 'file/BOPPBR-FULL-RE1-v0.1.4.zip'
[17:31:24] [Worker-Main-7/WARN]: Unknown block 'biomesoplenty:unmapped_end_stone' in 'matchBlocks' element 'biomesoplenty:unmapped_end_stone' at index 72 in file 'biomesoplenty:optifine/ctm/grass_block_side_dirt.properties' in pack 'file/BOPPBR-FULL-RE1-v0.1.4.zip'
[17:31:24] [Worker-Main-7/WARN]: Unknown block 'biomesoplenty:null_end_stone' in 'matchBlocks' element 'biomesoplenty:null_end_stone' at index 73 in file 'biomesoplenty:optifine/ctm/grass_block_side_dirt.properties' in pack 'file/BOPPBR-FULL-RE1-v0.1.4.zip'
[17:31:24] [Worker-Main-7/WARN]: Unknown block 'biomesoplenty:null_block' in 'matchBlocks' element 'biomesoplenty:null_block' at index 74 in file 'biomesoplenty:optifine/ctm/grass_block_side_dirt.properties' in pack 'file/BOPPBR-FULL-RE1-v0.1.4.zip'
[17:31:24] [Worker-Main-7/WARN]: Unknown block 'biomesoplenty:anomaly' in 'matchBlocks' element 'biomesoplenty:anomaly' at index 75 in file 'biomesoplenty:optifine/ctm/grass_block_side_dirt.properties' in pack 'file/BOPPBR-FULL-RE1-v0.1.4.zip'
[17:31:24] [Worker-Main-7/WARN]: Unknown block 'biomesoplenty:toadstool_block' in 'matchBlocks' element 'biomesoplenty:toadstool_block' at index 76 in file 'biomesoplenty:optifine/ctm/grass_block_side_dirt.properties' in pack 'file/BOPPBR-FULL-RE1-v0.1.4.zip'
[17:31:24] [Worker-Main-7/WARN]: Unknown block 'biomesoplenty:glowshroom_block' in 'matchBlocks' element 'biomesoplenty:glowshroom_block' at index 77 in file 'biomesoplenty:optifine/ctm/grass_block_side_dirt.properties' in pack 'file/BOPPBR-FULL-RE1-v0.1.4.zip'
[17:31:24] [Worker-Main-7/WARN]: Unknown block 'biomesoplenty:glowing_moss_block' in 'matchBlocks' element 'biomesoplenty:glowing_moss_block' at index 78 in file 'biomesoplenty:optifine/ctm/grass_block_side_dirt.properties' in pack 'file/BOPPBR-FULL-RE1-v0.1.4.zip'
[17:31:24] [Worker-Main-7/WARN]: Unknown block 'biomesoplenty:origin_grass_block' in 'matchBlocks' element 'biomesoplenty:origin_grass_block' at index 79 in file 'biomesoplenty:optifine/ctm/grass_block_side_dirt.properties' in pack 'file/BOPPBR-FULL-RE1-v0.1.4.zip'
[17:31:24] [Worker-Main-7/WARN]: Unknown block 'biomesoplenty:white_flower_petal_block' in 'matchBlocks' element 'biomesoplenty:white_flower_petal_block' at index 80 in file 'biomesoplenty:optifine/ctm/grass_block_side_dirt.properties' in pack 'file/BOPPBR-FULL-RE1-v0.1.4.zip'
[17:31:24] [Worker-Main-7/WARN]: Unknown block 'biomesoplenty:light_gray_flower_petal_block' in 'matchBlocks' element 'biomesoplenty:light_gray_flower_petal_block' at index 81 in file 'biomesoplenty:optifine/ctm/grass_block_side_dirt.properties' in pack 'file/BOPPBR-FULL-RE1-v0.1.4.zip'
[17:31:24] [Worker-Main-7/WARN]: Unknown block 'biomesoplenty:gray_flower_petal_block' in 'matchBlocks' element 'biomesoplenty:gray_flower_petal_block' at index 82 in file 'biomesoplenty:optifine/ctm/grass_block_side_dirt.properties' in pack 'file/BOPPBR-FULL-RE1-v0.1.4.zip'
[17:31:24] [Worker-Main-7/WARN]: Unknown block 'biomesoplenty:black_flower_petal_block' in 'matchBlocks' element 'biomesoplenty:black_flower_petal_block' at index 83 in file 'biomesoplenty:optifine/ctm/grass_block_side_dirt.properties' in pack 'file/BOPPBR-FULL-RE1-v0.1.4.zip'
[17:31:24] [Worker-Main-7/WARN]: Unknown block 'biomesoplenty:brown_flower_petal_block' in 'matchBlocks' element 'biomesoplenty:brown_flower_petal_block' at index 84 in file 'biomesoplenty:optifine/ctm/grass_block_side_dirt.properties' in pack 'file/BOPPBR-FULL-RE1-v0.1.4.zip'
[17:31:24] [Worker-Main-7/WARN]: Unknown block 'biomesoplenty:red_flower_petal_block' in 'matchBlocks' element 'biomesoplenty:red_flower_petal_block' at index 85 in file 'biomesoplenty:optifine/ctm/grass_block_side_dirt.properties' in pack 'file/BOPPBR-FULL-RE1-v0.1.4.zip'
[17:31:24] [Worker-Main-7/WARN]: Unknown block 'biomesoplenty:orange_flower_petal_block' in 'matchBlocks' element 'biomesoplenty:orange_flower_petal_block' at index 86 in file 'biomesoplenty:optifine/ctm/grass_block_side_dirt.properties' in pack 'file/BOPPBR-FULL-RE1-v0.1.4.zip'
[17:31:24] [Worker-Main-7/WARN]: Unknown block 'biomesoplenty:yellow_flower_petal_block' in 'matchBlocks' element 'biomesoplenty:yellow_flower_petal_block' at index 87 in file 'biomesoplenty:optifine/ctm/grass_block_side_dirt.properties' in pack 'file/BOPPBR-FULL-RE1-v0.1.4.zip'
[17:31:24] [Worker-Main-7/WARN]: Unknown block 'biomesoplenty:lime_flower_petal_block' in 'matchBlocks' element 'biomesoplenty:lime_flower_petal_block' at index 88 in file 'biomesoplenty:optifine/ctm/grass_block_side_dirt.properties' in pack 'file/BOPPBR-FULL-RE1-v0.1.4.zip'
[17:31:24] [Worker-Main-7/WARN]: Unknown block 'biomesoplenty:green_flower_petal_block' in 'matchBlocks' element 'biomesoplenty:green_flower_petal_block' at index 89 in file 'biomesoplenty:optifine/ctm/grass_block_side_dirt.properties' in pack 'file/BOPPBR-FULL-RE1-v0.1.4.zip'
[17:31:24] [Worker-Main-7/WARN]: Unknown block 'biomesoplenty:cyan_flower_petal_block' in 'matchBlocks' element 'biomesoplenty:cyan_flower_petal_block' at index 90 in file 'biomesoplenty:optifine/ctm/grass_block_side_dirt.properties' in pack 'file/BOPPBR-FULL-RE1-v0.1.4.zip'
[17:31:24] [Worker-Main-7/WARN]: Unknown block 'biomesoplenty:light_blue_flower_petal_block' in 'matchBlocks' element 'biomesoplenty:light_blue_flower_petal_block' at index 91 in file 'biomesoplenty:optifine/ctm/grass_block_side_dirt.properties' in pack 'file/BOPPBR-FULL-RE1-v0.1.4.zip'
[17:31:24] [Worker-Main-7/WARN]: Unknown block 'biomesoplenty:blue_flower_petal_block' in 'matchBlocks' element 'biomesoplenty:blue_flower_petal_block' at index 92 in file 'biomesoplenty:optifine/ctm/grass_block_side_dirt.properties' in pack 'file/BOPPBR-FULL-RE1-v0.1.4.zip'
[17:31:24] [Worker-Main-7/WARN]: Unknown block 'biomesoplenty:purple_flower_petal_block' in 'matchBlocks' element 'biomesoplenty:purple_flower_petal_block' at index 93 in file 'biomesoplenty:optifine/ctm/grass_block_side_dirt.properties' in pack 'file/BOPPBR-FULL-RE1-v0.1.4.zip'
[17:31:24] [Worker-Main-7/WARN]: Unknown block 'biomesoplenty:magenta_flower_petal_block' in 'matchBlocks' element 'biomesoplenty:magenta_flower_petal_block' at index 94 in file 'biomesoplenty:optifine/ctm/grass_block_side_dirt.properties' in pack 'file/BOPPBR-FULL-RE1-v0.1.4.zip'
[17:31:24] [Worker-Main-7/WARN]: Unknown block 'biomesoplenty:pink_flower_petal_block' in 'matchBlocks' element 'biomesoplenty:pink_flower_petal_block' at index 95 in file 'biomesoplenty:optifine/ctm/grass_block_side_dirt.properties' in pack 'file/BOPPBR-FULL-RE1-v0.1.4.zip'
[17:31:24] [Worker-Main-7/WARN]: Unknown block 'biomesoplenty:flower_stem' in 'matchBlocks' element 'biomesoplenty:flower_stem' at index 96 in file 'biomesoplenty:optifine/ctm/grass_block_side_dirt.properties' in pack 'file/BOPPBR-FULL-RE1-v0.1.4.zip'
[17:31:24] [Worker-Main-7/WARN]: Unknown block 'biomesoplenty:origin_oak_log' in 'matchBlocks' element 'biomesoplenty:origin_oak_log' at index 97 in file 'biomesoplenty:optifine/ctm/grass_block_side_dirt.properties' in pack 'file/BOPPBR-FULL-RE1-v0.1.4.zip'
[17:31:24] [Worker-Main-7/WARN]: Unknown block 'biomesoplenty:stripped_origin_oak_log' in 'matchBlocks' element 'biomesoplenty:stripped_origin_oak_log' at index 98 in file 'biomesoplenty:optifine/ctm/grass_block_side_dirt.properties' in pack 'file/BOPPBR-FULL-RE1-v0.1.4.zip'
[17:31:24] [Worker-Main-7/WARN]: Unknown block 'biomesoplenty:origin_oak_wood' in 'matchBlocks' element 'biomesoplenty:origin_oak_wood' at index 99 in file 'biomesoplenty:optifine/ctm/grass_block_side_dirt.properties' in pack 'file/BOPPBR-FULL-RE1-v0.1.4.zip'
[17:31:24] [Worker-Main-7/WARN]: Unknown block 'biomesoplenty:stripped_origin_oak_wood' in 'matchBlocks' element 'biomesoplenty:stripped_origin_oak_wood' at index 100 in file 'biomesoplenty:optifine/ctm/grass_block_side_dirt.properties' in pack 'file/BOPPBR-FULL-RE1-v0.1.4.zip'
[17:31:24] [Worker-Main-7/WARN]: Unknown block 'biomesoplenty:origin_oak_planks' in 'matchBlocks' element 'biomesoplenty:origin_oak_planks' at index 101 in file 'biomesoplenty:optifine/ctm/grass_block_side_dirt.properties' in pack 'file/BOPPBR-FULL-RE1-v0.1.4.zip'
[17:31:24] [Worker-Main-7/WARN]: Unknown block 'biomesoplenty:origin_oak_slab' in 'matchBlocks' element 'biomesoplenty:origin_oak_slab' at index 102 in file 'biomesoplenty:optifine/ctm/grass_block_side_dirt.properties' in pack 'file/BOPPBR-FULL-RE1-v0.1.4.zip'
[17:31:24] [Worker-Main-7/WARN]: Unknown block 'biomesoplenty:fir_log' in 'matchBlocks' element 'biomesoplenty:fir_log' at index 103 in file 'biomesoplenty:optifine/ctm/grass_block_side_dirt.properties' in pack 'file/BOPPBR-FULL-RE1-v0.1.4.zip'
[17:31:24] [Worker-Main-7/WARN]: Unknown block 'biomesoplenty:stripped_fir_log' in 'matchBlocks' element 'biomesoplenty:stripped_fir_log' at index 104 in file 'biomesoplenty:optifine/ctm/grass_block_side_dirt.properties' in pack 'file/BOPPBR-FULL-RE1-v0.1.4.zip'
[17:31:24] [Worker-Main-7/WARN]: Unknown block 'biomesoplenty:fir_wood' in 'matchBlocks' element 'biomesoplenty:fir_wood' at index 105 in file 'biomesoplenty:optifine/ctm/grass_block_side_dirt.properties' in pack 'file/BOPPBR-FULL-RE1-v0.1.4.zip'
[17:31:24] [Worker-Main-7/WARN]: Unknown block 'biomesoplenty:stripped_fir_wood' in 'matchBlocks' element 'biomesoplenty:stripped_fir_wood' at index 106 in file 'biomesoplenty:optifine/ctm/grass_block_side_dirt.properties' in pack 'file/BOPPBR-FULL-RE1-v0.1.4.zip'
[17:31:24] [Worker-Main-7/WARN]: Unknown block 'biomesoplenty:fir_planks' in 'matchBlocks' element 'biomesoplenty:fir_planks' at index 107 in file 'biomesoplenty:optifine/ctm/grass_block_side_dirt.properties' in pack 'file/BOPPBR-FULL-RE1-v0.1.4.zip'
[17:31:24] [Worker-Main-7/WARN]: Unknown block 'biomesoplenty:fir_slab' in 'matchBlocks' element 'biomesoplenty:fir_slab' at index 108 in file 'biomesoplenty:optifine/ctm/grass_block_side_dirt.properties' in pack 'file/BOPPBR-FULL-RE1-v0.1.4.zip'
[17:31:24] [Worker-Main-7/WARN]: Unknown block 'biomesoplenty:pine_log' in 'matchBlocks' element 'biomesoplenty:pine_log' at index 109 in file 'biomesoplenty:optifine/ctm/grass_block_side_dirt.properties' in pack 'file/BOPPBR-FULL-RE1-v0.1.4.zip'
[17:31:24] [Worker-Main-7/WARN]: Unknown block 'biomesoplenty:stripped_pine_log' in 'matchBlocks' element 'biomesoplenty:stripped_pine_log' at index 110 in file 'biomesoplenty:optifine/ctm/grass_block_side_dirt.properties' in pack 'file/BOPPBR-FULL-RE1-v0.1.4.zip'
[17:31:24] [Worker-Main-7/WARN]: Unknown block 'biomesoplenty:pine_wood' in 'matchBlocks' element 'biomesoplenty:pine_wood' at index 111 in file 'biomesoplenty:optifine/ctm/grass_block_side_dirt.properties' in pack 'file/BOPPBR-FULL-RE1-v0.1.4.zip'
[17:31:24] [Worker-Main-7/WARN]: Unknown block 'biomesoplenty:stripped_pine_wood' in 'matchBlocks' element 'biomesoplenty:stripped_pine_wood' at index 112 in file 'biomesoplenty:optifine/ctm/grass_block_side_dirt.properties' in pack 'file/BOPPBR-FULL-RE1-v0.1.4.zip'
[17:31:24] [Worker-Main-7/WARN]: Unknown block 'biomesoplenty:pine_planks' in 'matchBlocks' element 'biomesoplenty:pine_planks' at index 113 in file 'biomesoplenty:optifine/ctm/grass_block_side_dirt.properties' in pack 'file/BOPPBR-FULL-RE1-v0.1.4.zip'
[17:31:24] [Worker-Main-7/WARN]: Unknown block 'biomesoplenty:pine_slab' in 'matchBlocks' element 'biomesoplenty:pine_slab' at index 114 in file 'biomesoplenty:optifine/ctm/grass_block_side_dirt.properties' in pack 'file/BOPPBR-FULL-RE1-v0.1.4.zip'
[17:31:24] [Worker-Main-7/WARN]: Unknown block 'biomesoplenty:maple_log' in 'matchBlocks' element 'biomesoplenty:maple_log' at index 115 in file 'biomesoplenty:optifine/ctm/grass_block_side_dirt.properties' in pack 'file/BOPPBR-FULL-RE1-v0.1.4.zip'
[17:31:24] [Worker-Main-7/WARN]: Unknown block 'biomesoplenty:stripped_maple_log' in 'matchBlocks' element 'biomesoplenty:stripped_maple_log' at index 116 in file 'biomesoplenty:optifine/ctm/grass_block_side_dirt.properties' in pack 'file/BOPPBR-FULL-RE1-v0.1.4.zip'
[17:31:24] [Worker-Main-7/WARN]: Unknown block 'biomesoplenty:maple_wood' in 'matchBlocks' element 'biomesoplenty:maple_wood' at index 117 in file 'biomesoplenty:optifine/ctm/grass_block_side_dirt.properties' in pack 'file/BOPPBR-FULL-RE1-v0.1.4.zip'
[17:31:24] [Worker-Main-7/WARN]: Unknown block 'biomesoplenty:stripped_maple_wood' in 'matchBlocks' element 'biomesoplenty:stripped_maple_wood' at index 118 in file 'biomesoplenty:optifine/ctm/grass_block_side_dirt.properties' in pack 'file/BOPPBR-FULL-RE1-v0.1.4.zip'
[17:31:24] [Worker-Main-7/WARN]: Unknown block 'biomesoplenty:maple_planks' in 'matchBlocks' element 'biomesoplenty:maple_planks' at index 119 in file 'biomesoplenty:optifine/ctm/grass_block_side_dirt.properties' in pack 'file/BOPPBR-FULL-RE1-v0.1.4.zip'
[17:31:24] [Worker-Main-7/WARN]: Unknown block 'biomesoplenty:maple_slab' in 'matchBlocks' element 'biomesoplenty:maple_slab' at index 120 in file 'biomesoplenty:optifine/ctm/grass_block_side_dirt.properties' in pack 'file/BOPPBR-FULL-RE1-v0.1.4.zip'
[17:31:24] [Worker-Main-7/WARN]: Unknown block 'biomesoplenty:redwood_log' in 'matchBlocks' element 'biomesoplenty:redwood_log' at index 121 in file 'biomesoplenty:optifine/ctm/grass_block_side_dirt.properties' in pack 'file/BOPPBR-FULL-RE1-v0.1.4.zip'
[17:31:24] [Worker-Main-7/WARN]: Unknown block 'biomesoplenty:stripped_redwood_log' in 'matchBlocks' element 'biomesoplenty:stripped_redwood_log' at index 122 in file 'biomesoplenty:optifine/ctm/grass_block_side_dirt.properties' in pack 'file/BOPPBR-FULL-RE1-v0.1.4.zip'
[17:31:24] [Worker-Main-7/WARN]: Unknown block 'biomesoplenty:redwood_wood' in 'matchBlocks' element 'biomesoplenty:redwood_wood' at index 123 in file 'biomesoplenty:optifine/ctm/grass_block_side_dirt.properties' in pack 'file/BOPPBR-FULL-RE1-v0.1.4.zip'
[17:31:24] [Worker-Main-7/WARN]: Unknown block 'biomesoplenty:stripped_redwood_wood' in 'matchBlocks' element 'biomesoplenty:stripped_redwood_wood' at index 124 in file 'biomesoplenty:optifine/ctm/grass_block_side_dirt.properties' in pack 'file/BOPPBR-FULL-RE1-v0.1.4.zip'
[17:31:24] [Worker-Main-7/WARN]: Unknown block 'biomesoplenty:redwood_planks' in 'matchBlocks' element 'biomesoplenty:redwood_planks' at index 125 in file 'biomesoplenty:optifine/ctm/grass_block_side_dirt.properties' in pack 'file/BOPPBR-FULL-RE1-v0.1.4.zip'
[17:31:24] [Worker-Main-7/WARN]: Unknown block 'biomesoplenty:redwood_slab' in 'matchBlocks' element 'biomesoplenty:redwood_slab' at index 126 in file 'biomesoplenty:optifine/ctm/grass_block_side_dirt.properties' in pack 'file/BOPPBR-FULL-RE1-v0.1.4.zip'
[17:31:24] [Worker-Main-7/WARN]: Unknown block 'biomesoplenty:mahogany_log' in 'matchBlocks' element 'biomesoplenty:mahogany_log' at index 127 in file 'biomesoplenty:optifine/ctm/grass_block_side_dirt.properties' in pack 'file/BOPPBR-FULL-RE1-v0.1.4.zip'
[17:31:24] [Worker-Main-7/WARN]: Unknown block 'biomesoplenty:stripped_mahogany_log' in 'matchBlocks' element 'biomesoplenty:stripped_mahogany_log' at index 128 in file 'biomesoplenty:optifine/ctm/grass_block_side_dirt.properties' in pack 'file/BOPPBR-FULL-RE1-v0.1.4.zip'
[17:31:24] [Worker-Main-7/WARN]: Unknown block 'biomesoplenty:mahogany_wood' in 'matchBlocks' element 'biomesoplenty:mahogany_wood' at index 129 in file 'biomesoplenty:optifine/ctm/grass_block_side_dirt.properties' in pack 'file/BOPPBR-FULL-RE1-v0.1.4.zip'
[17:31:24] [Worker-Main-7/WARN]: Unknown block 'biomesoplenty:stripped_mahogany_wood' in 'matchBlocks' element 'biomesoplenty:stripped_mahogany_wood' at index 130 in file 'biomesoplenty:optifine/ctm/grass_block_side_dirt.properties' in pack 'file/BOPPBR-FULL-RE1-v0.1.4.zip'
[17:31:24] [Worker-Main-7/WARN]: Unknown block 'biomesoplenty:mahogany_planks' in 'matchBlocks' element 'biomesoplenty:mahogany_planks' at index 131 in file 'biomesoplenty:optifine/ctm/grass_block_side_dirt.properties' in pack 'file/BOPPBR-FULL-RE1-v0.1.4.zip'
[17:31:24] [Worker-Main-7/WARN]: Unknown block 'biomesoplenty:mahogany_slab' in 'matchBlocks' element 'biomesoplenty:mahogany_slab' at index 132 in file 'biomesoplenty:optifine/ctm/grass_block_side_dirt.properties' in pack 'file/BOPPBR-FULL-RE1-v0.1.4.zip'
[17:31:24] [Worker-Main-7/WARN]: Unknown block 'biomesoplenty:jacaranda_log' in 'matchBlocks' element 'biomesoplenty:jacaranda_log' at index 133 in file 'biomesoplenty:optifine/ctm/grass_block_side_dirt.properties' in pack 'file/BOPPBR-FULL-RE1-v0.1.4.zip'
[17:31:24] [Worker-Main-7/WARN]: Unknown block 'biomesoplenty:stripped_jacaranda_log' in 'matchBlocks' element 'biomesoplenty:stripped_jacaranda_log' at index 134 in file 'biomesoplenty:optifine/ctm/grass_block_side_dirt.properties' in pack 'file/BOPPBR-FULL-RE1-v0.1.4.zip'
[17:31:24] [Worker-Main-7/WARN]: Unknown block 'biomesoplenty:jacaranda_wood' in 'matchBlocks' element 'biomesoplenty:jacaranda_wood' at index 135 in file 'biomesoplenty:optifine/ctm/grass_block_side_dirt.properties' in pack 'file/BOPPBR-FULL-RE1-v0.1.4.zip'
[17:31:24] [Worker-Main-7/WARN]: Unknown block 'biomesoplenty:stripped_jacaranda_wood' in 'matchBlocks' element 'biomesoplenty:stripped_jacaranda_wood' at index 136 in file 'biomesoplenty:optifine/ctm/grass_block_side_dirt.properties' in pack 'file/BOPPBR-FULL-RE1-v0.1.4.zip'
[17:31:24] [Worker-Main-7/WARN]: Unknown block 'biomesoplenty:jacaranda_planks' in 'matchBlocks' element 'biomesoplenty:jacaranda_planks' at index 137 in file 'biomesoplenty:optifine/ctm/grass_block_side_dirt.properties' in pack 'file/BOPPBR-FULL-RE1-v0.1.4.zip'
[17:31:24] [Worker-Main-7/WARN]: Unknown block 'biomesoplenty:jacaranda_slab' in 'matchBlocks' element 'biomesoplenty:jacaranda_slab' at index 138 in file 'biomesoplenty:optifine/ctm/grass_block_side_dirt.properties' in pack 'file/BOPPBR-FULL-RE1-v0.1.4.zip'
[17:31:24] [Worker-Main-7/WARN]: Unknown block 'biomesoplenty:palm_log' in 'matchBlocks' element 'biomesoplenty:palm_log' at index 139 in file 'biomesoplenty:optifine/ctm/grass_block_side_dirt.properties' in pack 'file/BOPPBR-FULL-RE1-v0.1.4.zip'
[17:31:24] [Worker-Main-7/WARN]: Unknown block 'biomesoplenty:stripped_palm_log' in 'matchBlocks' element 'biomesoplenty:stripped_palm_log' at index 140 in file 'biomesoplenty:optifine/ctm/grass_block_side_dirt.properties' in pack 'file/BOPPBR-FULL-RE1-v0.1.4.zip'
[17:31:24] [Worker-Main-7/WARN]: Unknown block 'biomesoplenty:palm_wood' in 'matchBlocks' element 'biomesoplenty:palm_wood' at index 141 in file 'biomesoplenty:optifine/ctm/grass_block_side_dirt.properties' in pack 'file/BOPPBR-FULL-RE1-v0.1.4.zip'
[17:31:24] [Worker-Main-7/WARN]: Unknown block 'biomesoplenty:stripped_palm_wood' in 'matchBlocks' element 'biomesoplenty:stripped_palm_wood' at index 142 in file 'biomesoplenty:optifine/ctm/grass_block_side_dirt.properties' in pack 'file/BOPPBR-FULL-RE1-v0.1.4.zip'
[17:31:24] [Worker-Main-7/WARN]: Unknown block 'biomesoplenty:palm_planks' in 'matchBlocks' element 'biomesoplenty:palm_planks' at index 143 in file 'biomesoplenty:optifine/ctm/grass_block_side_dirt.properties' in pack 'file/BOPPBR-FULL-RE1-v0.1.4.zip'
[17:31:24] [Worker-Main-7/WARN]: Unknown block 'biomesoplenty:palm_slab' in 'matchBlocks' element 'biomesoplenty:palm_slab' at index 144 in file 'biomesoplenty:optifine/ctm/grass_block_side_dirt.properties' in pack 'file/BOPPBR-FULL-RE1-v0.1.4.zip'
[17:31:24] [Worker-Main-7/WARN]: Unknown block 'biomesoplenty:willow_log' in 'matchBlocks' element 'biomesoplenty:willow_log' at index 145 in file 'biomesoplenty:optifine/ctm/grass_block_side_dirt.properties' in pack 'file/BOPPBR-FULL-RE1-v0.1.4.zip'
[17:31:24] [Worker-Main-7/WARN]: Unknown block 'biomesoplenty:stripped_willow_log' in 'matchBlocks' element 'biomesoplenty:stripped_willow_log' at index 146 in file 'biomesoplenty:optifine/ctm/grass_block_side_dirt.properties' in pack 'file/BOPPBR-FULL-RE1-v0.1.4.zip'
[17:31:24] [Worker-Main-7/WARN]: Unknown block 'biomesoplenty:willow_wood' in 'matchBlocks' element 'biomesoplenty:willow_wood' at index 147 in file 'biomesoplenty:optifine/ctm/grass_block_side_dirt.properties' in pack 'file/BOPPBR-FULL-RE1-v0.1.4.zip'
[17:31:24] [Worker-Main-7/WARN]: Unknown block 'biomesoplenty:stripped_willow_wood' in 'matchBlocks' element 'biomesoplenty:stripped_willow_wood' at index 148 in file 'biomesoplenty:optifine/ctm/grass_block_side_dirt.properties' in pack 'file/BOPPBR-FULL-RE1-v0.1.4.zip'
[17:31:24] [Worker-Main-7/WARN]: Unknown block 'biomesoplenty:willow_planks' in 'matchBlocks' element 'biomesoplenty:willow_planks' at index 149 in file 'biomesoplenty:optifine/ctm/grass_block_side_dirt.properties' in pack 'file/BOPPBR-FULL-RE1-v0.1.4.zip'
[17:31:24] [Worker-Main-7/WARN]: Unknown block 'biomesoplenty:willow_slab' in 'matchBlocks' element 'biomesoplenty:willow_slab' at index 150 in file 'biomesoplenty:optifine/ctm/grass_block_side_dirt.properties' in pack 'file/BOPPBR-FULL-RE1-v0.1.4.zip'
[17:31:24] [Worker-Main-7/WARN]: Unknown block 'biomesoplenty:magic_log' in 'matchBlocks' element 'biomesoplenty:magic_log' at index 151 in file 'biomesoplenty:optifine/ctm/grass_block_side_dirt.properties' in pack 'file/BOPPBR-FULL-RE1-v0.1.4.zip'
[17:31:24] [Worker-Main-7/WARN]: Unknown block 'biomesoplenty:stripped_magic_log' in 'matchBlocks' element 'biomesoplenty:stripped_magic_log' at index 152 in file 'biomesoplenty:optifine/ctm/grass_block_side_dirt.properties' in pack 'file/BOPPBR-FULL-RE1-v0.1.4.zip'
[17:31:24] [Worker-Main-7/WARN]: Unknown block 'biomesoplenty:magic_wood' in 'matchBlocks' element 'biomesoplenty:magic_wood' at index 153 in file 'biomesoplenty:optifine/ctm/grass_block_side_dirt.properties' in pack 'file/BOPPBR-FULL-RE1-v0.1.4.zip'
[17:31:24] [Worker-Main-7/WARN]: Unknown block 'biomesoplenty:stripped_magic_wood' in 'matchBlocks' element 'biomesoplenty:stripped_magic_wood' at index 154 in file 'biomesoplenty:optifine/ctm/grass_block_side_dirt.properties' in pack 'file/BOPPBR-FULL-RE1-v0.1.4.zip'
[17:31:24] [Worker-Main-7/WARN]: Unknown block 'biomesoplenty:magic_planks' in 'matchBlocks' element 'biomesoplenty:magic_planks' at index 155 in file 'biomesoplenty:optifine/ctm/grass_block_side_dirt.properties' in pack 'file/BOPPBR-FULL-RE1-v0.1.4.zip'
[17:31:24] [Worker-Main-7/WARN]: Unknown block 'biomesoplenty:magic_slab' in 'matchBlocks' element 'biomesoplenty:magic_slab' at index 156 in file 'biomesoplenty:optifine/ctm/grass_block_side_dirt.properties' in pack 'file/BOPPBR-FULL-RE1-v0.1.4.zip'
[17:31:24] [Worker-Main-7/WARN]: Unknown block 'biomesoplenty:umbran_log' in 'matchBlocks' element 'biomesoplenty:umbran_log' at index 157 in file 'biomesoplenty:optifine/ctm/grass_block_side_dirt.properties' in pack 'file/BOPPBR-FULL-RE1-v0.1.4.zip'
[17:31:24] [Worker-Main-7/WARN]: Unknown block 'biomesoplenty:stripped_umbran_log' in 'matchBlocks' element 'biomesoplenty:stripped_umbran_log' at index 158 in file 'biomesoplenty:optifine/ctm/grass_block_side_dirt.properties' in pack 'file/BOPPBR-FULL-RE1-v0.1.4.zip'
[17:31:24] [Worker-Main-7/WARN]: Unknown block 'biomesoplenty:umbran_wood' in 'matchBlocks' element 'biomesoplenty:umbran_wood' at index 159 in file 'biomesoplenty:optifine/ctm/grass_block_side_dirt.properties' in pack 'file/BOPPBR-FULL-RE1-v0.1.4.zip'
[17:31:24] [Worker-Main-7/WARN]: Unknown block 'biomesoplenty:stripped_umbran_wood' in 'matchBlocks' element 'biomesoplenty:stripped_umbran_wood' at index 160 in file 'biomesoplenty:optifine/ctm/grass_block_side_dirt.properties' in pack 'file/BOPPBR-FULL-RE1-v0.1.4.zip'
[17:31:24] [Worker-Main-7/WARN]: Unknown block 'biomesoplenty:umbran_planks' in 'matchBlocks' element 'biomesoplenty:umbran_planks' at index 161 in file 'biomesoplenty:optifine/ctm/grass_block_side_dirt.properties' in pack 'file/BOPPBR-FULL-RE1-v0.1.4.zip'
[17:31:24] [Worker-Main-7/WARN]: Unknown block 'biomesoplenty:umbran_slab' in 'matchBlocks' element 'biomesoplenty:umbran_slab' at index 162 in file 'biomesoplenty:optifine/ctm/grass_block_side_dirt.properties' in pack 'file/BOPPBR-FULL-RE1-v0.1.4.zip'
[17:31:24] [Worker-Main-7/WARN]: Unknown block 'biomesoplenty:hellbark_log' in 'matchBlocks' element 'biomesoplenty:hellbark_log' at index 163 in file 'biomesoplenty:optifine/ctm/grass_block_side_dirt.properties' in pack 'file/BOPPBR-FULL-RE1-v0.1.4.zip'
[17:31:24] [Worker-Main-7/WARN]: Unknown block 'biomesoplenty:stripped_hellbark_log' in 'matchBlocks' element 'biomesoplenty:stripped_hellbark_log' at index 164 in file 'biomesoplenty:optifine/ctm/grass_block_side_dirt.properties' in pack 'file/BOPPBR-FULL-RE1-v0.1.4.zip'
[17:31:24] [Worker-Main-7/WARN]: Unknown block 'biomesoplenty:hellbark_wood' in 'matchBlocks' element 'biomesoplenty:hellbark_wood' at index 165 in file 'biomesoplenty:optifine/ctm/grass_block_side_dirt.properties' in pack 'file/BOPPBR-FULL-RE1-v0.1.4.zip'
[17:31:24] [Worker-Main-7/WARN]: Unknown block 'biomesoplenty:stripped_hellbark_wood' in 'matchBlocks' element 'biomesoplenty:stripped_hellbark_wood' at index 166 in file 'biomesoplenty:optifine/ctm/grass_block_side_dirt.properties' in pack 'file/BOPPBR-FULL-RE1-v0.1.4.zip'
[17:31:24] [Worker-Main-7/WARN]: Unknown block 'biomesoplenty:hellbark_planks' in 'matchBlocks' element 'biomesoplenty:hellbark_planks' at index 167 in file 'biomesoplenty:optifine/ctm/grass_block_side_dirt.properties' in pack 'file/BOPPBR-FULL-RE1-v0.1.4.zip'
[17:31:24] [Worker-Main-7/WARN]: Unknown block 'biomesoplenty:hellbark_slab' in 'matchBlocks' element 'biomesoplenty:hellbark_slab' at index 168 in file 'biomesoplenty:optifine/ctm/grass_block_side_dirt.properties' in pack 'file/BOPPBR-FULL-RE1-v0.1.4.zip'
[17:31:24] [Worker-Main-7/WARN]: Unknown block 'biomesoplenty:empyreal_log' in 'matchBlocks' element 'biomesoplenty:empyreal_log' at index 169 in file 'biomesoplenty:optifine/ctm/grass_block_side_dirt.properties' in pack 'file/BOPPBR-FULL-RE1-v0.1.4.zip'
[17:31:24] [Worker-Main-7/WARN]: Unknown block 'biomesoplenty:stripped_empyreal_log' in 'matchBlocks' element 'biomesoplenty:stripped_empyreal_log' at index 170 in file 'biomesoplenty:optifine/ctm/grass_block_side_dirt.properties' in pack 'file/BOPPBR-FULL-RE1-v0.1.4.zip'
[17:31:24] [Worker-Main-7/WARN]: Unknown block 'biomesoplenty:empyreal_wood' in 'matchBlocks' element 'biomesoplenty:empyreal_wood' at index 171 in file 'biomesoplenty:optifine/ctm/grass_block_side_dirt.properties' in pack 'file/BOPPBR-FULL-RE1-v0.1.4.zip'
[17:31:24] [Worker-Main-7/WARN]: Unknown block 'biomesoplenty:stripped_empyreal_wood' in 'matchBlocks' element 'biomesoplenty:stripped_empyreal_wood' at index 172 in file 'biomesoplenty:optifine/ctm/grass_block_side_dirt.properties' in pack 'file/BOPPBR-FULL-RE1-v0.1.4.zip'
[17:31:24] [Worker-Main-7/WARN]: Unknown block 'biomesoplenty:empyreal_planks' in 'matchBlocks' element 'biomesoplenty:empyreal_planks' at index 173 in file 'biomesoplenty:optifine/ctm/grass_block_side_dirt.properties' in pack 'file/BOPPBR-FULL-RE1-v0.1.4.zip'
[17:31:24] [Worker-Main-7/WARN]: Unknown block 'biomesoplenty:empyreal_slab' in 'matchBlocks' element 'biomesoplenty:empyreal_slab' at index 174 in file 'biomesoplenty:optifine/ctm/grass_block_side_dirt.properties' in pack 'file/BOPPBR-FULL-RE1-v0.1.4.zip'
[17:31:24] [Worker-Main-7/WARN]: Unknown block 'biomesoplenty:white_sand' in 'matchBlocks' element 'biomesoplenty:white_sand' at index 39 in file 'biomesoplenty:optifine/ctm/grass_block_side_grass.properties' in pack 'file/BOPPBR-FULL-RE1-v0.1.4.zip'
[17:31:24] [Worker-Main-7/WARN]: Unknown block 'biomesoplenty:white_sandstone' in 'matchBlocks' element 'biomesoplenty:white_sandstone' at index 40 in file 'biomesoplenty:optifine/ctm/grass_block_side_grass.properties' in pack 'file/BOPPBR-FULL-RE1-v0.1.4.zip'
[17:31:24] [Worker-Main-7/WARN]: Unknown block 'biomesoplenty:cut_white_sandstone' in 'matchBlocks' element 'biomesoplenty:cut_white_sandstone' at index 41 in file 'biomesoplenty:optifine/ctm/grass_block_side_grass.properties' in pack 'file/BOPPBR-FULL-RE1-v0.1.4.zip'
[17:31:24] [Worker-Main-7/WARN]: Unknown block 'biomesoplenty:cut_white_sandstone_slab' in 'matchBlocks' element 'biomesoplenty:cut_white_sandstone_slab' at index 42 in file 'biomesoplenty:optifine/ctm/grass_block_side_grass.properties' in pack 'file/BOPPBR-FULL-RE1-v0.1.4.zip'
[17:31:24] [Worker-Main-7/WARN]: Unknown block 'biomesoplenty:chiseled_white_sandstone' in 'matchBlocks' element 'biomesoplenty:chiseled_white_sandstone' at index 43 in file 'biomesoplenty:optifine/ctm/grass_block_side_grass.properties' in pack 'file/BOPPBR-FULL-RE1-v0.1.4.zip'
[17:31:24] [Worker-Main-7/WARN]: Unknown block 'biomesoplenty:smooth_white_sandstone' in 'matchBlocks' element 'biomesoplenty:smooth_white_sandstone' at index 44 in file 'biomesoplenty:optifine/ctm/grass_block_side_grass.properties' in pack 'file/BOPPBR-FULL-RE1-v0.1.4.zip'
[17:31:24] [Worker-Main-7/WARN]: Unknown block 'biomesoplenty:smooth_white_sandstone_slab' in 'matchBlocks' element 'biomesoplenty:smooth_white_sandstone_slab' at index 45 in file 'biomesoplenty:optifine/ctm/grass_block_side_grass.properties' in pack 'file/BOPPBR-FULL-RE1-v0.1.4.zip'
[17:31:24] [Worker-Main-7/WARN]: Unknown block 'biomesoplenty:white_sandstone_slab' in 'matchBlocks' element 'biomesoplenty:white_sandstone_slab' at index 46 in file 'biomesoplenty:optifine/ctm/grass_block_side_grass.properties' in pack 'file/BOPPBR-FULL-RE1-v0.1.4.zip'
[17:31:24] [Worker-Main-7/WARN]: Unknown block 'biomesoplenty:orange_sand' in 'matchBlocks' element 'biomesoplenty:orange_sand' at index 47 in file 'biomesoplenty:optifine/ctm/grass_block_side_grass.properties' in pack 'file/BOPPBR-FULL-RE1-v0.1.4.zip'
[17:31:24] [Worker-Main-7/WARN]: Unknown block 'biomesoplenty:orange_sandstone' in 'matchBlocks' element 'biomesoplenty:orange_sandstone' at index 48 in file 'biomesoplenty:optifine/ctm/grass_block_side_grass.properties' in pack 'file/BOPPBR-FULL-RE1-v0.1.4.zip'
[17:31:24] [Worker-Main-7/WARN]: Unknown block 'biomesoplenty:cut_orange_sandstone' in 'matchBlocks' element 'biomesoplenty:cut_orange_sandstone' at index 49 in file 'biomesoplenty:optifine/ctm/grass_block_side_grass.properties' in pack 'file/BOPPBR-FULL-RE1-v0.1.4.zip'
[17:31:24] [Worker-Main-7/WARN]: Unknown block 'biomesoplenty:cut_orange_sandstone_slab' in 'matchBlocks' element 'biomesoplenty:cut_orange_sandstone_slab' at index 50 in file 'biomesoplenty:optifine/ctm/grass_block_side_grass.properties' in pack 'file/BOPPBR-FULL-RE1-v0.1.4.zip'
[17:31:24] [Worker-Main-7/WARN]: Unknown block 'biomesoplenty:chiseled_orange_sandstone' in 'matchBlocks' element 'biomesoplenty:chiseled_orange_sandstone' at index 51 in file 'biomesoplenty:optifine/ctm/grass_block_side_grass.properties' in pack 'file/BOPPBR-FULL-RE1-v0.1.4.zip'
[17:31:24] [Worker-Main-7/WARN]: Unknown block 'biomesoplenty:smooth_orange_sandstone' in 'matchBlocks' element 'biomesoplenty:smooth_orange_sandstone' at index 52 in file 'biomesoplenty:optifine/ctm/grass_block_side_grass.properties' in pack 'file/BOPPBR-FULL-RE1-v0.1.4.zip'
[17:31:24] [Worker-Main-7/WARN]: Unknown block 'biomesoplenty:smooth_orange_sandstone_slab' in 'matchBlocks' element 'biomesoplenty:smooth_orange_sandstone_slab' at index 53 in file 'biomesoplenty:optifine/ctm/grass_block_side_grass.properties' in pack 'file/BOPPBR-FULL-RE1-v0.1.4.zip'
[17:31:24] [Worker-Main-7/WARN]: Unknown block 'biomesoplenty:orange_sandstone_slab' in 'matchBlocks' element 'biomesoplenty:orange_sandstone_slab' at index 54 in file 'biomesoplenty:optifine/ctm/grass_block_side_grass.properties' in pack 'file/BOPPBR-FULL-RE1-v0.1.4.zip'
[17:31:24] [Worker-Main-7/WARN]: Unknown block 'biomesoplenty:mossy_black_sand' in 'matchBlocks' element 'biomesoplenty:mossy_black_sand' at index 55 in file 'biomesoplenty:optifine/ctm/grass_block_side_grass.properties' in pack 'file/BOPPBR-FULL-RE1-v0.1.4.zip'
[17:31:24] [Worker-Main-7/WARN]: Unknown block 'biomesoplenty:black_sand' in 'matchBlocks' element 'biomesoplenty:black_sand' at index 56 in file 'biomesoplenty:optifine/ctm/grass_block_side_grass.properties' in pack 'file/BOPPBR-FULL-RE1-v0.1.4.zip'
[17:31:24] [Worker-Main-7/WARN]: Unknown block 'biomesoplenty:black_sandstone' in 'matchBlocks' element 'biomesoplenty:black_sandstone' at index 57 in file 'biomesoplenty:optifine/ctm/grass_block_side_grass.properties' in pack 'file/BOPPBR-FULL-RE1-v0.1.4.zip'
[17:31:24] [Worker-Main-7/WARN]: Unknown block 'biomesoplenty:cut_black_sandstone' in 'matchBlocks' element 'biomesoplenty:cut_black_sandstone' at index 58 in file 'biomesoplenty:optifine/ctm/grass_block_side_grass.properties' in pack 'file/BOPPBR-FULL-RE1-v0.1.4.zip'
[17:31:24] [Worker-Main-7/WARN]: Unknown block 'biomesoplenty:cut_black_sandstone_slab' in 'matchBlocks' element 'biomesoplenty:cut_black_sandstone_slab' at index 59 in file 'biomesoplenty:optifine/ctm/grass_block_side_grass.properties' in pack 'file/BOPPBR-FULL-RE1-v0.1.4.zip'
[17:31:24] [Worker-Main-7/WARN]: Unknown block 'biomesoplenty:chiseled_black_sandstone' in 'matchBlocks' element 'biomesoplenty:chiseled_black_sandstone' at index 60 in file 'biomesoplenty:optifine/ctm/grass_block_side_grass.properties' in pack 'file/BOPPBR-FULL-RE1-v0.1.4.zip'
[17:31:24] [Worker-Main-7/WARN]: Unknown block 'biomesoplenty:smooth_black_sandstone' in 'matchBlocks' element 'biomesoplenty:smooth_black_sandstone' at index 61 in file 'biomesoplenty:optifine/ctm/grass_block_side_grass.properties' in pack 'file/BOPPBR-FULL-RE1-v0.1.4.zip'
[17:31:24] [Worker-Main-7/WARN]: Unknown block 'biomesoplenty:smooth_black_sandstone_slab' in 'matchBlocks' element 'biomesoplenty:smooth_black_sandstone_slab' at index 62 in file 'biomesoplenty:optifine/ctm/grass_block_side_grass.properties' in pack 'file/BOPPBR-FULL-RE1-v0.1.4.zip'
[17:31:24] [Worker-Main-7/WARN]: Unknown block 'biomesoplenty:black_sandstone_slab' in 'matchBlocks' element 'biomesoplenty:black_sandstone_slab' at index 63 in file 'biomesoplenty:optifine/ctm/grass_block_side_grass.properties' in pack 'file/BOPPBR-FULL-RE1-v0.1.4.zip'
[17:31:24] [Worker-Main-7/WARN]: Unknown block 'biomesoplenty:thermal_calcite' in 'matchBlocks' element 'biomesoplenty:thermal_calcite' at index 64 in file 'biomesoplenty:optifine/ctm/grass_block_side_grass.properties' in pack 'file/BOPPBR-FULL-RE1-v0.1.4.zip'
[17:31:24] [Worker-Main-7/WARN]: Unknown block 'biomesoplenty:thermal_calcite_vent' in 'matchBlocks' element 'biomesoplenty:thermal_calcite_vent' at index 65 in file 'biomesoplenty:optifine/ctm/grass_block_side_grass.properties' in pack 'file/BOPPBR-FULL-RE1-v0.1.4.zip'
[17:31:24] [Worker-Main-7/WARN]: Unknown block 'biomesoplenty:dried_salt' in 'matchBlocks' element 'biomesoplenty:dried_salt' at index 66 in file 'biomesoplenty:optifine/ctm/grass_block_side_grass.properties' in pack 'file/BOPPBR-FULL-RE1-v0.1.4.zip'
[17:31:24] [Worker-Main-7/WARN]: Unknown block 'biomesoplenty:flesh' in 'matchBlocks' element 'biomesoplenty:flesh' at index 67 in file 'biomesoplenty:optifine/ctm/grass_block_side_grass.properties' in pack 'file/BOPPBR-FULL-RE1-v0.1.4.zip'
[17:31:24] [Worker-Main-7/WARN]: Unknown block 'biomesoplenty:porous_flesh' in 'matchBlocks' element 'biomesoplenty:porous_flesh' at index 68 in file 'biomesoplenty:optifine/ctm/grass_block_side_grass.properties' in pack 'file/BOPPBR-FULL-RE1-v0.1.4.zip'
[17:31:24] [Worker-Main-7/WARN]: Unknown block 'biomesoplenty:brimstone' in 'matchBlocks' element 'biomesoplenty:brimstone' at index 69 in file 'biomesoplenty:optifine/ctm/grass_block_side_grass.properties' in pack 'file/BOPPBR-FULL-RE1-v0.1.4.zip'
[17:31:24] [Worker-Main-7/WARN]: Unknown block 'biomesoplenty:brimstone_bricks' in 'matchBlocks' element 'biomesoplenty:brimstone_bricks' at index 70 in file 'biomesoplenty:optifine/ctm/grass_block_side_grass.properties' in pack 'file/BOPPBR-FULL-RE1-v0.1.4.zip'
[17:31:24] [Worker-Main-7/WARN]: Unknown block 'biomesoplenty:brimstone_brick_slab' in 'matchBlocks' element 'biomesoplenty:brimstone_brick_slab' at index 71 in file 'biomesoplenty:optifine/ctm/grass_block_side_grass.properties' in pack 'file/BOPPBR-FULL-RE1-v0.1.4.zip'
[17:31:24] [Worker-Main-7/WARN]: Unknown block 'biomesoplenty:chiseled_brimstone_bricks' in 'matchBlocks' element 'biomesoplenty:chiseled_brimstone_bricks' at index 72 in file 'biomesoplenty:optifine/ctm/grass_block_side_grass.properties' in pack 'file/BOPPBR-FULL-RE1-v0.1.4.zip'
[17:31:24] [Worker-Main-7/WARN]: Unknown block 'biomesoplenty:rose_quartz_block' in 'matchBlocks' element 'biomesoplenty:rose_quartz_block' at index 73 in file 'biomesoplenty:optifine/ctm/grass_block_side_grass.properties' in pack 'file/BOPPBR-FULL-RE1-v0.1.4.zip'
[17:31:24] [Worker-Main-7/WARN]: Unknown block 'biomesoplenty:algal_end_stone' in 'matchBlocks' element 'biomesoplenty:algal_end_stone' at index 74 in file 'biomesoplenty:optifine/ctm/grass_block_side_grass.properties' in pack 'file/BOPPBR-FULL-RE1-v0.1.4.zip'
[17:31:24] [Worker-Main-7/WARN]: Unknown block 'biomesoplenty:unmapped_end_stone' in 'matchBlocks' element 'biomesoplenty:unmapped_end_stone' at index 75 in file 'biomesoplenty:optifine/ctm/grass_block_side_grass.properties' in pack 'file/BOPPBR-FULL-RE1-v0.1.4.zip'
[17:31:24] [Worker-Main-7/WARN]: Unknown block 'biomesoplenty:null_end_stone' in 'matchBlocks' element 'biomesoplenty:null_end_stone' at index 76 in file 'biomesoplenty:optifine/ctm/grass_block_side_grass.properties' in pack 'file/BOPPBR-FULL-RE1-v0.1.4.zip'
[17:31:24] [Worker-Main-7/WARN]: Unknown block 'biomesoplenty:null_block' in 'matchBlocks' element 'biomesoplenty:null_block' at index 77 in file 'biomesoplenty:optifine/ctm/grass_block_side_grass.properties' in pack 'file/BOPPBR-FULL-RE1-v0.1.4.zip'
[17:31:24] [Worker-Main-7/WARN]: Unknown block 'biomesoplenty:anomaly' in 'matchBlocks' element 'biomesoplenty:anomaly' at index 78 in file 'biomesoplenty:optifine/ctm/grass_block_side_grass.properties' in pack 'file/BOPPBR-FULL-RE1-v0.1.4.zip'
[17:31:24] [Worker-Main-7/WARN]: Unknown block 'biomesoplenty:toadstool_block' in 'matchBlocks' element 'biomesoplenty:toadstool_block' at index 79 in file 'biomesoplenty:optifine/ctm/grass_block_side_grass.properties' in pack 'file/BOPPBR-FULL-RE1-v0.1.4.zip'
[17:31:24] [Worker-Main-7/WARN]: Unknown block 'biomesoplenty:glowshroom_block' in 'matchBlocks' element 'biomesoplenty:glowshroom_block' at index 80 in file 'biomesoplenty:optifine/ctm/grass_block_side_grass.properties' in pack 'file/BOPPBR-FULL-RE1-v0.1.4.zip'
[17:31:24] [Worker-Main-7/WARN]: Unknown block 'biomesoplenty:glowing_moss_block' in 'matchBlocks' element 'biomesoplenty:glowing_moss_block' at index 81 in file 'biomesoplenty:optifine/ctm/grass_block_side_grass.properties' in pack 'file/BOPPBR-FULL-RE1-v0.1.4.zip'
[17:31:24] [Worker-Main-7/WARN]: Unknown block 'biomesoplenty:origin_grass_block' in 'matchBlocks' element 'biomesoplenty:origin_grass_block' at index 82 in file 'biomesoplenty:optifine/ctm/grass_block_side_grass.properties' in pack 'file/BOPPBR-FULL-RE1-v0.1.4.zip'
[17:31:24] [Worker-Main-7/WARN]: Unknown block 'biomesoplenty:white_flower_petal_block' in 'matchBlocks' element 'biomesoplenty:white_flower_petal_block' at index 83 in file 'biomesoplenty:optifine/ctm/grass_block_side_grass.properties' in pack 'file/BOPPBR-FULL-RE1-v0.1.4.zip'
[17:31:24] [Worker-Main-7/WARN]: Unknown block 'biomesoplenty:light_gray_flower_petal_block' in 'matchBlocks' element 'biomesoplenty:light_gray_flower_petal_block' at index 84 in file 'biomesoplenty:optifine/ctm/grass_block_side_grass.properties' in pack 'file/BOPPBR-FULL-RE1-v0.1.4.zip'
[17:31:24] [Worker-Main-7/WARN]: Unknown block 'biomesoplenty:gray_flower_petal_block' in 'matchBlocks' element 'biomesoplenty:gray_flower_petal_block' at index 85 in file 'biomesoplenty:optifine/ctm/grass_block_side_grass.properties' in pack 'file/BOPPBR-FULL-RE1-v0.1.4.zip'
[17:31:24] [Worker-Main-7/WARN]: Unknown block 'biomesoplenty:black_flower_petal_block' in 'matchBlocks' element 'biomesoplenty:black_flower_petal_block' at index 86 in file 'biomesoplenty:optifine/ctm/grass_block_side_grass.properties' in pack 'file/BOPPBR-FULL-RE1-v0.1.4.zip'
[17:31:24] [Worker-Main-7/WARN]: Unknown block 'biomesoplenty:brown_flower_petal_block' in 'matchBlocks' element 'biomesoplenty:brown_flower_petal_block' at index 87 in file 'biomesoplenty:optifine/ctm/grass_block_side_grass.properties' in pack 'file/BOPPBR-FULL-RE1-v0.1.4.zip'
[17:31:24] [Worker-Main-7/WARN]: Unknown block 'biomesoplenty:red_flower_petal_block' in 'matchBlocks' element 'biomesoplenty:red_flower_petal_block' at index 88 in file 'biomesoplenty:optifine/ctm/grass_block_side_grass.properties' in pack 'file/BOPPBR-FULL-RE1-v0.1.4.zip'
[17:31:24] [Worker-Main-7/WARN]: Unknown block 'biomesoplenty:orange_flower_petal_block' in 'matchBlocks' element 'biomesoplenty:orange_flower_petal_block' at index 89 in file 'biomesoplenty:optifine/ctm/grass_block_side_grass.properties' in pack 'file/BOPPBR-FULL-RE1-v0.1.4.zip'
[17:31:24] [Worker-Main-7/WARN]: Unknown block 'biomesoplenty:yellow_flower_petal_block' in 'matchBlocks' element 'biomesoplenty:yellow_flower_petal_block' at index 90 in file 'biomesoplenty:optifine/ctm/grass_block_side_grass.properties' in pack 'file/BOPPBR-FULL-RE1-v0.1.4.zip'
[17:31:24] [Worker-Main-7/WARN]: Unknown block 'biomesoplenty:lime_flower_petal_block' in 'matchBlocks' element 'biomesoplenty:lime_flower_petal_block' at index 91 in file 'biomesoplenty:optifine/ctm/grass_block_side_grass.properties' in pack 'file/BOPPBR-FULL-RE1-v0.1.4.zip'
[17:31:24] [Worker-Main-7/WARN]: Unknown block 'biomesoplenty:green_flower_petal_block' in 'matchBlocks' element 'biomesoplenty:green_flower_petal_block' at index 92 in file 'biomesoplenty:optifine/ctm/grass_block_side_grass.properties' in pack 'file/BOPPBR-FULL-RE1-v0.1.4.zip'
[17:31:24] [Worker-Main-7/WARN]: Unknown block 'biomesoplenty:cyan_flower_petal_block' in 'matchBlocks' element 'biomesoplenty:cyan_flower_petal_block' at index 93 in file 'biomesoplenty:optifine/ctm/grass_block_side_grass.properties' in pack 'file/BOPPBR-FULL-RE1-v0.1.4.zip'
[17:31:24] [Worker-Main-7/WARN]: Unknown block 'biomesoplenty:light_blue_flower_petal_block' in 'matchBlocks' element 'biomesoplenty:light_blue_flower_petal_block' at index 94 in file 'biomesoplenty:optifine/ctm/grass_block_side_grass.properties' in pack 'file/BOPPBR-FULL-RE1-v0.1.4.zip'
[17:31:24] [Worker-Main-7/WARN]: Unknown block 'biomesoplenty:blue_flower_petal_block' in 'matchBlocks' element 'biomesoplenty:blue_flower_petal_block' at index 95 in file 'biomesoplenty:optifine/ctm/grass_block_side_grass.properties' in pack 'file/BOPPBR-FULL-RE1-v0.1.4.zip'
[17:31:24] [Worker-Main-7/WARN]: Unknown block 'biomesoplenty:purple_flower_petal_block' in 'matchBlocks' element 'biomesoplenty:purple_flower_petal_block' at index 96 in file 'biomesoplenty:optifine/ctm/grass_block_side_grass.properties' in pack 'file/BOPPBR-FULL-RE1-v0.1.4.zip'
[17:31:24] [Worker-Main-7/WARN]: Unknown block 'biomesoplenty:magenta_flower_petal_block' in 'matchBlocks' element 'biomesoplenty:magenta_flower_petal_block' at index 97 in file 'biomesoplenty:optifine/ctm/grass_block_side_grass.properties' in pack 'file/BOPPBR-FULL-RE1-v0.1.4.zip'
[17:31:24] [Worker-Main-7/WARN]: Unknown block 'biomesoplenty:pink_flower_petal_block' in 'matchBlocks' element 'biomesoplenty:pink_flower_petal_block' at index 98 in file 'biomesoplenty:optifine/ctm/grass_block_side_grass.properties' in pack 'file/BOPPBR-FULL-RE1-v0.1.4.zip'
[17:31:24] [Worker-Main-7/WARN]: Unknown block 'biomesoplenty:flower_stem' in 'matchBlocks' element 'biomesoplenty:flower_stem' at index 99 in file 'biomesoplenty:optifine/ctm/grass_block_side_grass.properties' in pack 'file/BOPPBR-FULL-RE1-v0.1.4.zip'
[17:31:24] [Worker-Main-7/WARN]: Unknown block 'biomesoplenty:origin_oak_log' in 'matchBlocks' element 'biomesoplenty:origin_oak_log' at index 100 in file 'biomesoplenty:optifine/ctm/grass_block_side_grass.properties' in pack 'file/BOPPBR-FULL-RE1-v0.1.4.zip'
[17:31:24] [Worker-Main-7/WARN]: Unknown block 'biomesoplenty:stripped_origin_oak_log' in 'matchBlocks' element 'biomesoplenty:stripped_origin_oak_log' at index 101 in file 'biomesoplenty:optifine/ctm/grass_block_side_grass.properties' in pack 'file/BOPPBR-FULL-RE1-v0.1.4.zip'
[17:31:24] [Worker-Main-7/WARN]: Unknown block 'biomesoplenty:origin_oak_wood' in 'matchBlocks' element 'biomesoplenty:origin_oak_wood' at index 102 in file 'biomesoplenty:optifine/ctm/grass_block_side_grass.properties' in pack 'file/BOPPBR-FULL-RE1-v0.1.4.zip'
[17:31:24] [Worker-Main-7/WARN]: Unknown block 'biomesoplenty:stripped_origin_oak_wood' in 'matchBlocks' element 'biomesoplenty:stripped_origin_oak_wood' at index 103 in file 'biomesoplenty:optifine/ctm/grass_block_side_grass.properties' in pack 'file/BOPPBR-FULL-RE1-v0.1.4.zip'
[17:31:24] [Worker-Main-7/WARN]: Unknown block 'biomesoplenty:origin_oak_planks' in 'matchBlocks' element 'biomesoplenty:origin_oak_planks' at index 104 in file 'biomesoplenty:optifine/ctm/grass_block_side_grass.properties' in pack 'file/BOPPBR-FULL-RE1-v0.1.4.zip'
[17:31:24] [Worker-Main-7/WARN]: Unknown block 'biomesoplenty:origin_oak_slab' in 'matchBlocks' element 'biomesoplenty:origin_oak_slab' at index 105 in file 'biomesoplenty:optifine/ctm/grass_block_side_grass.properties' in pack 'file/BOPPBR-FULL-RE1-v0.1.4.zip'
[17:31:24] [Worker-Main-7/WARN]: Unknown block 'biomesoplenty:fir_log' in 'matchBlocks' element 'biomesoplenty:fir_log' at index 106 in file 'biomesoplenty:optifine/ctm/grass_block_side_grass.properties' in pack 'file/BOPPBR-FULL-RE1-v0.1.4.zip'
[17:31:24] [Worker-Main-7/WARN]: Unknown block 'biomesoplenty:stripped_fir_log' in 'matchBlocks' element 'biomesoplenty:stripped_fir_log' at index 107 in file 'biomesoplenty:optifine/ctm/grass_block_side_grass.properties' in pack 'file/BOPPBR-FULL-RE1-v0.1.4.zip'
[17:31:24] [Worker-Main-7/WARN]: Unknown block 'biomesoplenty:fir_wood' in 'matchBlocks' element 'biomesoplenty:fir_wood' at index 108 in file 'biomesoplenty:optifine/ctm/grass_block_side_grass.properties' in pack 'file/BOPPBR-FULL-RE1-v0.1.4.zip'
[17:31:24] [Worker-Main-7/WARN]: Unknown block 'biomesoplenty:stripped_fir_wood' in 'matchBlocks' element 'biomesoplenty:stripped_fir_wood' at index 109 in file 'biomesoplenty:optifine/ctm/grass_block_side_grass.properties' in pack 'file/BOPPBR-FULL-RE1-v0.1.4.zip'
[17:31:24] [Worker-Main-7/WARN]: Unknown block 'biomesoplenty:fir_planks' in 'matchBlocks' element 'biomesoplenty:fir_planks' at index 110 in file 'biomesoplenty:optifine/ctm/grass_block_side_grass.properties' in pack 'file/BOPPBR-FULL-RE1-v0.1.4.zip'
[17:31:24] [Worker-Main-7/WARN]: Unknown block 'biomesoplenty:fir_slab' in 'matchBlocks' element 'biomesoplenty:fir_slab' at index 111 in file 'biomesoplenty:optifine/ctm/grass_block_side_grass.properties' in pack 'file/BOPPBR-FULL-RE1-v0.1.4.zip'
[17:31:24] [Worker-Main-7/WARN]: Unknown block 'biomesoplenty:pine_log' in 'matchBlocks' element 'biomesoplenty:pine_log' at index 112 in file 'biomesoplenty:optifine/ctm/grass_block_side_grass.properties' in pack 'file/BOPPBR-FULL-RE1-v0.1.4.zip'
[17:31:24] [Worker-Main-7/WARN]: Unknown block 'biomesoplenty:stripped_pine_log' in 'matchBlocks' element 'biomesoplenty:stripped_pine_log' at index 113 in file 'biomesoplenty:optifine/ctm/grass_block_side_grass.properties' in pack 'file/BOPPBR-FULL-RE1-v0.1.4.zip'
[17:31:24] [Worker-Main-7/WARN]: Unknown block 'biomesoplenty:pine_wood' in 'matchBlocks' element 'biomesoplenty:pine_wood' at index 114 in file 'biomesoplenty:optifine/ctm/grass_block_side_grass.properties' in pack 'file/BOPPBR-FULL-RE1-v0.1.4.zip'
[17:31:24] [Worker-Main-7/WARN]: Unknown block 'biomesoplenty:stripped_pine_wood' in 'matchBlocks' element 'biomesoplenty:stripped_pine_wood' at index 115 in file 'biomesoplenty:optifine/ctm/grass_block_side_grass.properties' in pack 'file/BOPPBR-FULL-RE1-v0.1.4.zip'
[17:31:24] [Worker-Main-7/WARN]: Unknown block 'biomesoplenty:pine_planks' in 'matchBlocks' element 'biomesoplenty:pine_planks' at index 116 in file 'biomesoplenty:optifine/ctm/grass_block_side_grass.properties' in pack 'file/BOPPBR-FULL-RE1-v0.1.4.zip'
[17:31:24] [Worker-Main-7/WARN]: Unknown block 'biomesoplenty:pine_slab' in 'matchBlocks' element 'biomesoplenty:pine_slab' at index 117 in file 'biomesoplenty:optifine/ctm/grass_block_side_grass.properties' in pack 'file/BOPPBR-FULL-RE1-v0.1.4.zip'
[17:31:24] [Worker-Main-7/WARN]: Unknown block 'biomesoplenty:maple_log' in 'matchBlocks' element 'biomesoplenty:maple_log' at index 118 in file 'biomesoplenty:optifine/ctm/grass_block_side_grass.properties' in pack 'file/BOPPBR-FULL-RE1-v0.1.4.zip'
[17:31:24] [Worker-Main-7/WARN]: Unknown block 'biomesoplenty:stripped_maple_log' in 'matchBlocks' element 'biomesoplenty:stripped_maple_log' at index 119 in file 'biomesoplenty:optifine/ctm/grass_block_side_grass.properties' in pack 'file/BOPPBR-FULL-RE1-v0.1.4.zip'
[17:31:24] [Worker-Main-7/WARN]: Unknown block 'biomesoplenty:maple_wood' in 'matchBlocks' element 'biomesoplenty:maple_wood' at index 120 in file 'biomesoplenty:optifine/ctm/grass_block_side_grass.properties' in pack 'file/BOPPBR-FULL-RE1-v0.1.4.zip'
[17:31:24] [Worker-Main-7/WARN]: Unknown block 'biomesoplenty:stripped_maple_wood' in 'matchBlocks' element 'biomesoplenty:stripped_maple_wood' at index 121 in file 'biomesoplenty:optifine/ctm/grass_block_side_grass.properties' in pack 'file/BOPPBR-FULL-RE1-v0.1.4.zip'
[17:31:24] [Worker-Main-7/WARN]: Unknown block 'biomesoplenty:maple_planks' in 'matchBlocks' element 'biomesoplenty:maple_planks' at index 122 in file 'biomesoplenty:optifine/ctm/grass_block_side_grass.properties' in pack 'file/BOPPBR-FULL-RE1-v0.1.4.zip'
[17:31:24] [Worker-Main-7/WARN]: Unknown block 'biomesoplenty:maple_slab' in 'matchBlocks' element 'biomesoplenty:maple_slab' at index 123 in file 'biomesoplenty:optifine/ctm/grass_block_side_grass.properties' in pack 'file/BOPPBR-FULL-RE1-v0.1.4.zip'
[17:31:24] [Worker-Main-7/WARN]: Unknown block 'biomesoplenty:redwood_log' in 'matchBlocks' element 'biomesoplenty:redwood_log' at index 124 in file 'biomesoplenty:optifine/ctm/grass_block_side_grass.properties' in pack 'file/BOPPBR-FULL-RE1-v0.1.4.zip'
[17:31:24] [Worker-Main-7/WARN]: Unknown block 'biomesoplenty:stripped_redwood_log' in 'matchBlocks' element 'biomesoplenty:stripped_redwood_log' at index 125 in file 'biomesoplenty:optifine/ctm/grass_block_side_grass.properties' in pack 'file/BOPPBR-FULL-RE1-v0.1.4.zip'
[17:31:24] [Worker-Main-7/WARN]: Unknown block 'biomesoplenty:redwood_wood' in 'matchBlocks' element 'biomesoplenty:redwood_wood' at index 126 in file 'biomesoplenty:optifine/ctm/grass_block_side_grass.properties' in pack 'file/BOPPBR-FULL-RE1-v0.1.4.zip'
[17:31:24] [Worker-Main-7/WARN]: Unknown block 'biomesoplenty:stripped_redwood_wood' in 'matchBlocks' element 'biomesoplenty:stripped_redwood_wood' at index 127 in file 'biomesoplenty:optifine/ctm/grass_block_side_grass.properties' in pack 'file/BOPPBR-FULL-RE1-v0.1.4.zip'
[17:31:24] [Worker-Main-7/WARN]: Unknown block 'biomesoplenty:redwood_planks' in 'matchBlocks' element 'biomesoplenty:redwood_planks' at index 128 in file 'biomesoplenty:optifine/ctm/grass_block_side_grass.properties' in pack 'file/BOPPBR-FULL-RE1-v0.1.4.zip'
[17:31:24] [Worker-Main-7/WARN]: Unknown block 'biomesoplenty:redwood_slab' in 'matchBlocks' element 'biomesoplenty:redwood_slab' at index 129 in file 'biomesoplenty:optifine/ctm/grass_block_side_grass.properties' in pack 'file/BOPPBR-FULL-RE1-v0.1.4.zip'
[17:31:24] [Worker-Main-7/WARN]: Unknown block 'biomesoplenty:mahogany_log' in 'matchBlocks' element 'biomesoplenty:mahogany_log' at index 130 in file 'biomesoplenty:optifine/ctm/grass_block_side_grass.properties' in pack 'file/BOPPBR-FULL-RE1-v0.1.4.zip'
[17:31:24] [Worker-Main-7/WARN]: Unknown block 'biomesoplenty:stripped_mahogany_log' in 'matchBlocks' element 'biomesoplenty:stripped_mahogany_log' at index 131 in file 'biomesoplenty:optifine/ctm/grass_block_side_grass.properties' in pack 'file/BOPPBR-FULL-RE1-v0.1.4.zip'
[17:31:24] [Worker-Main-7/WARN]: Unknown block 'biomesoplenty:mahogany_wood' in 'matchBlocks' element 'biomesoplenty:mahogany_wood' at index 132 in file 'biomesoplenty:optifine/ctm/grass_block_side_grass.properties' in pack 'file/BOPPBR-FULL-RE1-v0.1.4.zip'
[17:31:24] [Worker-Main-7/WARN]: Unknown block 'biomesoplenty:stripped_mahogany_wood' in 'matchBlocks' element 'biomesoplenty:stripped_mahogany_wood' at index 133 in file 'biomesoplenty:optifine/ctm/grass_block_side_grass.properties' in pack 'file/BOPPBR-FULL-RE1-v0.1.4.zip'
[17:31:24] [Worker-Main-7/WARN]: Unknown block 'biomesoplenty:mahogany_planks' in 'matchBlocks' element 'biomesoplenty:mahogany_planks' at index 134 in file 'biomesoplenty:optifine/ctm/grass_block_side_grass.properties' in pack 'file/BOPPBR-FULL-RE1-v0.1.4.zip'
[17:31:24] [Worker-Main-7/WARN]: Unknown block 'biomesoplenty:mahogany_slab' in 'matchBlocks' element 'biomesoplenty:mahogany_slab' at index 135 in file 'biomesoplenty:optifine/ctm/grass_block_side_grass.properties' in pack 'file/BOPPBR-FULL-RE1-v0.1.4.zip'
[17:31:24] [Worker-Main-7/WARN]: Unknown block 'biomesoplenty:jacaranda_log' in 'matchBlocks' element 'biomesoplenty:jacaranda_log' at index 136 in file 'biomesoplenty:optifine/ctm/grass_block_side_grass.properties' in pack 'file/BOPPBR-FULL-RE1-v0.1.4.zip'
[17:31:24] [Worker-Main-7/WARN]: Unknown block 'biomesoplenty:stripped_jacaranda_log' in 'matchBlocks' element 'biomesoplenty:stripped_jacaranda_log' at index 137 in file 'biomesoplenty:optifine/ctm/grass_block_side_grass.properties' in pack 'file/BOPPBR-FULL-RE1-v0.1.4.zip'
[17:31:24] [Worker-Main-7/WARN]: Unknown block 'biomesoplenty:jacaranda_wood' in 'matchBlocks' element 'biomesoplenty:jacaranda_wood' at index 138 in file 'biomesoplenty:optifine/ctm/grass_block_side_grass.properties' in pack 'file/BOPPBR-FULL-RE1-v0.1.4.zip'
[17:31:24] [Worker-Main-7/WARN]: Unknown block 'biomesoplenty:stripped_jacaranda_wood' in 'matchBlocks' element 'biomesoplenty:stripped_jacaranda_wood' at index 139 in file 'biomesoplenty:optifine/ctm/grass_block_side_grass.properties' in pack 'file/BOPPBR-FULL-RE1-v0.1.4.zip'
[17:31:24] [Worker-Main-7/WARN]: Unknown block 'biomesoplenty:jacaranda_planks' in 'matchBlocks' element 'biomesoplenty:jacaranda_planks' at index 140 in file 'biomesoplenty:optifine/ctm/grass_block_side_grass.properties' in pack 'file/BOPPBR-FULL-RE1-v0.1.4.zip'
[17:31:24] [Worker-Main-7/WARN]: Unknown block 'biomesoplenty:jacaranda_slab' in 'matchBlocks' element 'biomesoplenty:jacaranda_slab' at index 141 in file 'biomesoplenty:optifine/ctm/grass_block_side_grass.properties' in pack 'file/BOPPBR-FULL-RE1-v0.1.4.zip'
[17:31:24] [Worker-Main-7/WARN]: Unknown block 'biomesoplenty:palm_log' in 'matchBlocks' element 'biomesoplenty:palm_log' at index 142 in file 'biomesoplenty:optifine/ctm/grass_block_side_grass.properties' in pack 'file/BOPPBR-FULL-RE1-v0.1.4.zip'
[17:31:24] [Worker-Main-7/WARN]: Unknown block 'biomesoplenty:stripped_palm_log' in 'matchBlocks' element 'biomesoplenty:stripped_palm_log' at index 143 in file 'biomesoplenty:optifine/ctm/grass_block_side_grass.properties' in pack 'file/BOPPBR-FULL-RE1-v0.1.4.zip'
[17:31:24] [Worker-Main-7/WARN]: Unknown block 'biomesoplenty:palm_wood' in 'matchBlocks' element 'biomesoplenty:palm_wood' at index 144 in file 'biomesoplenty:optifine/ctm/grass_block_side_grass.properties' in pack 'file/BOPPBR-FULL-RE1-v0.1.4.zip'
[17:31:24] [Worker-Main-7/WARN]: Unknown block 'biomesoplenty:stripped_palm_wood' in 'matchBlocks' element 'biomesoplenty:stripped_palm_wood' at index 145 in file 'biomesoplenty:optifine/ctm/grass_block_side_grass.properties' in pack 'file/BOPPBR-FULL-RE1-v0.1.4.zip'
[17:31:24] [Worker-Main-7/WARN]: Unknown block 'biomesoplenty:palm_planks' in 'matchBlocks' element 'biomesoplenty:palm_planks' at index 146 in file 'biomesoplenty:optifine/ctm/grass_block_side_grass.properties' in pack 'file/BOPPBR-FULL-RE1-v0.1.4.zip'
[17:31:24] [Worker-Main-7/WARN]: Unknown block 'biomesoplenty:palm_slab' in 'matchBlocks' element 'biomesoplenty:palm_slab' at index 147 in file 'biomesoplenty:optifine/ctm/grass_block_side_grass.properties' in pack 'file/BOPPBR-FULL-RE1-v0.1.4.zip'
[17:31:24] [Worker-Main-7/WARN]: Unknown block 'biomesoplenty:willow_log' in 'matchBlocks' element 'biomesoplenty:willow_log' at index 148 in file 'biomesoplenty:optifine/ctm/grass_block_side_grass.properties' in pack 'file/BOPPBR-FULL-RE1-v0.1.4.zip'
[17:31:24] [Worker-Main-7/WARN]: Unknown block 'biomesoplenty:stripped_willow_log' in 'matchBlocks' element 'biomesoplenty:stripped_willow_log' at index 149 in file 'biomesoplenty:optifine/ctm/grass_block_side_grass.properties' in pack 'file/BOPPBR-FULL-RE1-v0.1.4.zip'
[17:31:24] [Worker-Main-7/WARN]: Unknown block 'biomesoplenty:willow_wood' in 'matchBlocks' element 'biomesoplenty:willow_wood' at index 150 in file 'biomesoplenty:optifine/ctm/grass_block_side_grass.properties' in pack 'file/BOPPBR-FULL-RE1-v0.1.4.zip'
[17:31:24] [Worker-Main-7/WARN]: Unknown block 'biomesoplenty:stripped_willow_wood' in 'matchBlocks' element 'biomesoplenty:stripped_willow_wood' at index 151 in file 'biomesoplenty:optifine/ctm/grass_block_side_grass.properties' in pack 'file/BOPPBR-FULL-RE1-v0.1.4.zip'
[17:31:24] [Worker-Main-7/WARN]: Unknown block 'biomesoplenty:willow_planks' in 'matchBlocks' element 'biomesoplenty:willow_planks' at index 152 in file 'biomesoplenty:optifine/ctm/grass_block_side_grass.properties' in pack 'file/BOPPBR-FULL-RE1-v0.1.4.zip'
[17:31:24] [Worker-Main-7/WARN]: Unknown block 'biomesoplenty:willow_slab' in 'matchBlocks' element 'biomesoplenty:willow_slab' at index 153 in file 'biomesoplenty:optifine/ctm/grass_block_side_grass.properties' in pack 'file/BOPPBR-FULL-RE1-v0.1.4.zip'
[17:31:24] [Worker-Main-7/WARN]: Unknown block 'biomesoplenty:magic_log' in 'matchBlocks' element 'biomesoplenty:magic_log' at index 154 in file 'biomesoplenty:optifine/ctm/grass_block_side_grass.properties' in pack 'file/BOPPBR-FULL-RE1-v0.1.4.zip'
[17:31:24] [Worker-Main-7/WARN]: Unknown block 'biomesoplenty:stripped_magic_log' in 'matchBlocks' element 'biomesoplenty:stripped_magic_log' at index 155 in file 'biomesoplenty:optifine/ctm/grass_block_side_grass.properties' in pack 'file/BOPPBR-FULL-RE1-v0.1.4.zip'
[17:31:24] [Worker-Main-7/WARN]: Unknown block 'biomesoplenty:magic_wood' in 'matchBlocks' element 'biomesoplenty:magic_wood' at index 156 in file 'biomesoplenty:optifine/ctm/grass_block_side_grass.properties' in pack 'file/BOPPBR-FULL-RE1-v0.1.4.zip'
[17:31:24] [Worker-Main-7/WARN]: Unknown block 'biomesoplenty:stripped_magic_wood' in 'matchBlocks' element 'biomesoplenty:stripped_magic_wood' at index 157 in file 'biomesoplenty:optifine/ctm/grass_block_side_grass.properties' in pack 'file/BOPPBR-FULL-RE1-v0.1.4.zip'
[17:31:24] [Worker-Main-7/WARN]: Unknown block 'biomesoplenty:magic_planks' in 'matchBlocks' element 'biomesoplenty:magic_planks' at index 158 in file 'biomesoplenty:optifine/ctm/grass_block_side_grass.properties' in pack 'file/BOPPBR-FULL-RE1-v0.1.4.zip'
[17:31:24] [Worker-Main-7/WARN]: Unknown block 'biomesoplenty:magic_slab' in 'matchBlocks' element 'biomesoplenty:magic_slab' at index 159 in file 'biomesoplenty:optifine/ctm/grass_block_side_grass.properties' in pack 'file/BOPPBR-FULL-RE1-v0.1.4.zip'
[17:31:24] [Worker-Main-7/WARN]: Unknown block 'biomesoplenty:umbran_log' in 'matchBlocks' element 'biomesoplenty:umbran_log' at index 160 in file 'biomesoplenty:optifine/ctm/grass_block_side_grass.properties' in pack 'file/BOPPBR-FULL-RE1-v0.1.4.zip'
[17:31:24] [Worker-Main-7/WARN]: Unknown block 'biomesoplenty:stripped_umbran_log' in 'matchBlocks' element 'biomesoplenty:stripped_umbran_log' at index 161 in file 'biomesoplenty:optifine/ctm/grass_block_side_grass.properties' in pack 'file/BOPPBR-FULL-RE1-v0.1.4.zip'
[17:31:24] [Worker-Main-7/WARN]: Unknown block 'biomesoplenty:umbran_wood' in 'matchBlocks' element 'biomesoplenty:umbran_wood' at index 162 in file 'biomesoplenty:optifine/ctm/grass_block_side_grass.properties' in pack 'file/BOPPBR-FULL-RE1-v0.1.4.zip'
[17:31:24] [Worker-Main-7/WARN]: Unknown block 'biomesoplenty:stripped_umbran_wood' in 'matchBlocks' element 'biomesoplenty:stripped_umbran_wood' at index 163 in file 'biomesoplenty:optifine/ctm/grass_block_side_grass.properties' in pack 'file/BOPPBR-FULL-RE1-v0.1.4.zip'
[17:31:24] [Worker-Main-7/WARN]: Unknown block 'biomesoplenty:umbran_planks' in 'matchBlocks' element 'biomesoplenty:umbran_planks' at index 164 in file 'biomesoplenty:optifine/ctm/grass_block_side_grass.properties' in pack 'file/BOPPBR-FULL-RE1-v0.1.4.zip'
[17:31:24] [Worker-Main-7/WARN]: Unknown block 'biomesoplenty:umbran_slab' in 'matchBlocks' element 'biomesoplenty:umbran_slab' at index 165 in file 'biomesoplenty:optifine/ctm/grass_block_side_grass.properties' in pack 'file/BOPPBR-FULL-RE1-v0.1.4.zip'
[17:31:24] [Worker-Main-7/WARN]: Unknown block 'biomesoplenty:hellbark_log' in 'matchBlocks' element 'biomesoplenty:hellbark_log' at index 166 in file 'biomesoplenty:optifine/ctm/grass_block_side_grass.properties' in pack 'file/BOPPBR-FULL-RE1-v0.1.4.zip'
[17:31:24] [Worker-Main-7/WARN]: Unknown block 'biomesoplenty:stripped_hellbark_log' in 'matchBlocks' element 'biomesoplenty:stripped_hellbark_log' at index 167 in file 'biomesoplenty:optifine/ctm/grass_block_side_grass.properties' in pack 'file/BOPPBR-FULL-RE1-v0.1.4.zip'
[17:31:24] [Worker-Main-7/WARN]: Unknown block 'biomesoplenty:hellbark_wood' in 'matchBlocks' element 'biomesoplenty:hellbark_wood' at index 168 in file 'biomesoplenty:optifine/ctm/grass_block_side_grass.properties' in pack 'file/BOPPBR-FULL-RE1-v0.1.4.zip'
[17:31:24] [Worker-Main-7/WARN]: Unknown block 'biomesoplenty:stripped_hellbark_wood' in 'matchBlocks' element 'biomesoplenty:stripped_hellbark_wood' at index 169 in file 'biomesoplenty:optifine/ctm/grass_block_side_grass.properties' in pack 'file/BOPPBR-FULL-RE1-v0.1.4.zip'
[17:31:24] [Worker-Main-7/WARN]: Unknown block 'biomesoplenty:hellbark_planks' in 'matchBlocks' element 'biomesoplenty:hellbark_planks' at index 170 in file 'biomesoplenty:optifine/ctm/grass_block_side_grass.properties' in pack 'file/BOPPBR-FULL-RE1-v0.1.4.zip'
[17:31:24] [Worker-Main-7/WARN]: Unknown block 'biomesoplenty:hellbark_slab' in 'matchBlocks' element 'biomesoplenty:hellbark_slab' at index 171 in file 'biomesoplenty:optifine/ctm/grass_block_side_grass.properties' in pack 'file/BOPPBR-FULL-RE1-v0.1.4.zip'
[17:31:24] [Worker-Main-7/WARN]: Unknown block 'biomesoplenty:empyreal_log' in 'matchBlocks' element 'biomesoplenty:empyreal_log' at index 172 in file 'biomesoplenty:optifine/ctm/grass_block_side_grass.properties' in pack 'file/BOPPBR-FULL-RE1-v0.1.4.zip'
[17:31:24] [Worker-Main-7/WARN]: Unknown block 'biomesoplenty:stripped_empyreal_log' in 'matchBlocks' element 'biomesoplenty:stripped_empyreal_log' at index 173 in file 'biomesoplenty:optifine/ctm/grass_block_side_grass.properties' in pack 'file/BOPPBR-FULL-RE1-v0.1.4.zip'
[17:31:24] [Worker-Main-7/WARN]: Unknown block 'biomesoplenty:empyreal_wood' in 'matchBlocks' element 'biomesoplenty:empyreal_wood' at index 174 in file 'biomesoplenty:optifine/ctm/grass_block_side_grass.properties' in pack 'file/BOPPBR-FULL-RE1-v0.1.4.zip'
[17:31:24] [Worker-Main-7/WARN]: Unknown block 'biomesoplenty:stripped_empyreal_wood' in 'matchBlocks' element 'biomesoplenty:stripped_empyreal_wood' at index 175 in file 'biomesoplenty:optifine/ctm/grass_block_side_grass.properties' in pack 'file/BOPPBR-FULL-RE1-v0.1.4.zip'
[17:31:24] [Worker-Main-7/WARN]: Unknown block 'biomesoplenty:empyreal_planks' in 'matchBlocks' element 'biomesoplenty:empyreal_planks' at index 176 in file 'biomesoplenty:optifine/ctm/grass_block_side_grass.properties' in pack 'file/BOPPBR-FULL-RE1-v0.1.4.zip'
[17:31:24] [Worker-Main-7/WARN]: Unknown block 'biomesoplenty:empyreal_slab' in 'matchBlocks' element 'biomesoplenty:empyreal_slab' at index 177 in file 'biomesoplenty:optifine/ctm/grass_block_side_grass.properties' in pack 'file/BOPPBR-FULL-RE1-v0.1.4.zip'
[17:31:24] [Worker-Main-7/WARN]: Unknown block 'biomesoplenty:white_sand' in 'matchBlocks' element 'biomesoplenty:white_sand' at index 40 in file 'biomesoplenty:optifine/ctm/grass_block_side_snow.properties' in pack 'file/BOPPBR-FULL-RE1-v0.1.4.zip'
[17:31:24] [Worker-Main-7/WARN]: Unknown block 'biomesoplenty:white_sandstone' in 'matchBlocks' element 'biomesoplenty:white_sandstone' at index 41 in file 'biomesoplenty:optifine/ctm/grass_block_side_snow.properties' in pack 'file/BOPPBR-FULL-RE1-v0.1.4.zip'
[17:31:24] [Worker-Main-7/WARN]: Unknown block 'biomesoplenty:cut_white_sandstone' in 'matchBlocks' element 'biomesoplenty:cut_white_sandstone' at index 42 in file 'biomesoplenty:optifine/ctm/grass_block_side_snow.properties' in pack 'file/BOPPBR-FULL-RE1-v0.1.4.zip'
[17:31:24] [Worker-Main-7/WARN]: Unknown block 'biomesoplenty:cut_white_sandstone_slab' in 'matchBlocks' element 'biomesoplenty:cut_white_sandstone_slab' at index 43 in file 'biomesoplenty:optifine/ctm/grass_block_side_snow.properties' in pack 'file/BOPPBR-FULL-RE1-v0.1.4.zip'
[17:31:24] [Worker-Main-7/WARN]: Unknown block 'biomesoplenty:chiseled_white_sandstone' in 'matchBlocks' element 'biomesoplenty:chiseled_white_sandstone' at index 44 in file 'biomesoplenty:optifine/ctm/grass_block_side_snow.properties' in pack 'file/BOPPBR-FULL-RE1-v0.1.4.zip'
[17:31:24] [Worker-Main-7/WARN]: Unknown block 'biomesoplenty:smooth_white_sandstone' in 'matchBlocks' element 'biomesoplenty:smooth_white_sandstone' at index 45 in file 'biomesoplenty:optifine/ctm/grass_block_side_snow.properties' in pack 'file/BOPPBR-FULL-RE1-v0.1.4.zip'
[17:31:24] [Worker-Main-7/WARN]: Unknown block 'biomesoplenty:smooth_white_sandstone_slab' in 'matchBlocks' element 'biomesoplenty:smooth_white_sandstone_slab' at index 46 in file 'biomesoplenty:optifine/ctm/grass_block_side_snow.properties' in pack 'file/BOPPBR-FULL-RE1-v0.1.4.zip'
[17:31:24] [Worker-Main-7/WARN]: Unknown block 'biomesoplenty:white_sandstone_slab' in 'matchBlocks' element 'biomesoplenty:white_sandstone_slab' at index 47 in file 'biomesoplenty:optifine/ctm/grass_block_side_snow.properties' in pack 'file/BOPPBR-FULL-RE1-v0.1.4.zip'
[17:31:24] [Worker-Main-7/WARN]: Unknown block 'biomesoplenty:orange_sand' in 'matchBlocks' element 'biomesoplenty:orange_sand' at index 48 in file 'biomesoplenty:optifine/ctm/grass_block_side_snow.properties' in pack 'file/BOPPBR-FULL-RE1-v0.1.4.zip'
[17:31:24] [Worker-Main-7/WARN]: Unknown block 'biomesoplenty:orange_sandstone' in 'matchBlocks' element 'biomesoplenty:orange_sandstone' at index 49 in file 'biomesoplenty:optifine/ctm/grass_block_side_snow.properties' in pack 'file/BOPPBR-FULL-RE1-v0.1.4.zip'
[17:31:24] [Worker-Main-7/WARN]: Unknown block 'biomesoplenty:cut_orange_sandstone' in 'matchBlocks' element 'biomesoplenty:cut_orange_sandstone' at index 50 in file 'biomesoplenty:optifine/ctm/grass_block_side_snow.properties' in pack 'file/BOPPBR-FULL-RE1-v0.1.4.zip'
[17:31:24] [Worker-Main-7/WARN]: Unknown block 'biomesoplenty:cut_orange_sandstone_slab' in 'matchBlocks' element 'biomesoplenty:cut_orange_sandstone_slab' at index 51 in file 'biomesoplenty:optifine/ctm/grass_block_side_snow.properties' in pack 'file/BOPPBR-FULL-RE1-v0.1.4.zip'
[17:31:24] [Worker-Main-7/WARN]: Unknown block 'biomesoplenty:chiseled_orange_sandstone' in 'matchBlocks' element 'biomesoplenty:chiseled_orange_sandstone' at index 52 in file 'biomesoplenty:optifine/ctm/grass_block_side_snow.properties' in pack 'file/BOPPBR-FULL-RE1-v0.1.4.zip'
[17:31:24] [Worker-Main-7/WARN]: Unknown block 'biomesoplenty:smooth_orange_sandstone' in 'matchBlocks' element 'biomesoplenty:smooth_orange_sandstone' at index 53 in file 'biomesoplenty:optifine/ctm/grass_block_side_snow.properties' in pack 'file/BOPPBR-FULL-RE1-v0.1.4.zip'
[17:31:24] [Worker-Main-7/WARN]: Unknown block 'biomesoplenty:smooth_orange_sandstone_slab' in 'matchBlocks' element 'biomesoplenty:smooth_orange_sandstone_slab' at index 54 in file 'biomesoplenty:optifine/ctm/grass_block_side_snow.properties' in pack 'file/BOPPBR-FULL-RE1-v0.1.4.zip'
[17:31:24] [Worker-Main-7/WARN]: Unknown block 'biomesoplenty:orange_sandstone_slab' in 'matchBlocks' element 'biomesoplenty:orange_sandstone_slab' at index 55 in file 'biomesoplenty:optifine/ctm/grass_block_side_snow.properties' in pack 'file/BOPPBR-FULL-RE1-v0.1.4.zip'
[17:31:24] [Worker-Main-7/WARN]: Unknown block 'biomesoplenty:mossy_black_sand' in 'matchBlocks' element 'biomesoplenty:mossy_black_sand' at index 56 in file 'biomesoplenty:optifine/ctm/grass_block_side_snow.properties' in pack 'file/BOPPBR-FULL-RE1-v0.1.4.zip'
[17:31:24] [Worker-Main-7/WARN]: Unknown block 'biomesoplenty:black_sand' in 'matchBlocks' element 'biomesoplenty:black_sand' at index 57 in file 'biomesoplenty:optifine/ctm/grass_block_side_snow.properties' in pack 'file/BOPPBR-FULL-RE1-v0.1.4.zip'
[17:31:24] [Worker-Main-7/WARN]: Unknown block 'biomesoplenty:black_sandstone' in 'matchBlocks' element 'biomesoplenty:black_sandstone' at index 58 in file 'biomesoplenty:optifine/ctm/grass_block_side_snow.properties' in pack 'file/BOPPBR-FULL-RE1-v0.1.4.zip'
[17:31:24] [Worker-Main-7/WARN]: Unknown block 'biomesoplenty:cut_black_sandstone' in 'matchBlocks' element 'biomesoplenty:cut_black_sandstone' at index 59 in file 'biomesoplenty:optifine/ctm/grass_block_side_snow.properties' in pack 'file/BOPPBR-FULL-RE1-v0.1.4.zip'
[17:31:24] [Worker-Main-7/WARN]: Unknown block 'biomesoplenty:cut_black_sandstone_slab' in 'matchBlocks' element 'biomesoplenty:cut_black_sandstone_slab' at index 60 in file 'biomesoplenty:optifine/ctm/grass_block_side_snow.properties' in pack 'file/BOPPBR-FULL-RE1-v0.1.4.zip'
[17:31:24] [Worker-Main-7/WARN]: Unknown block 'biomesoplenty:chiseled_black_sandstone' in 'matchBlocks' element 'biomesoplenty:chiseled_black_sandstone' at index 61 in file 'biomesoplenty:optifine/ctm/grass_block_side_snow.properties' in pack 'file/BOPPBR-FULL-RE1-v0.1.4.zip'
[17:31:24] [Worker-Main-7/WARN]: Unknown block 'biomesoplenty:smooth_black_sandstone' in 'matchBlocks' element 'biomesoplenty:smooth_black_sandstone' at index 62 in file 'biomesoplenty:optifine/ctm/grass_block_side_snow.properties' in pack 'file/BOPPBR-FULL-RE1-v0.1.4.zip'
[17:31:24] [Worker-Main-7/WARN]: Unknown block 'biomesoplenty:smooth_black_sandstone_slab' in 'matchBlocks' element 'biomesoplenty:smooth_black_sandstone_slab' at index 63 in file 'biomesoplenty:optifine/ctm/grass_block_side_snow.properties' in pack 'file/BOPPBR-FULL-RE1-v0.1.4.zip'
[17:31:24] [Worker-Main-7/WARN]: Unknown block 'biomesoplenty:black_sandstone_slab' in 'matchBlocks' element 'biomesoplenty:black_sandstone_slab' at index 64 in file 'biomesoplenty:optifine/ctm/grass_block_side_snow.properties' in pack 'file/BOPPBR-FULL-RE1-v0.1.4.zip'
[17:31:24] [Worker-Main-7/WARN]: Unknown block 'biomesoplenty:thermal_calcite' in 'matchBlocks' element 'biomesoplenty:thermal_calcite' at index 65 in file 'biomesoplenty:optifine/ctm/grass_block_side_snow.properties' in pack 'file/BOPPBR-FULL-RE1-v0.1.4.zip'
[17:31:24] [Worker-Main-7/WARN]: Unknown block 'biomesoplenty:thermal_calcite_vent' in 'matchBlocks' element 'biomesoplenty:thermal_calcite_vent' at index 66 in file 'biomesoplenty:optifine/ctm/grass_block_side_snow.properties' in pack 'file/BOPPBR-FULL-RE1-v0.1.4.zip'
[17:31:24] [Worker-Main-7/WARN]: Unknown block 'biomesoplenty:dried_salt' in 'matchBlocks' element 'biomesoplenty:dried_salt' at index 67 in file 'biomesoplenty:optifine/ctm/grass_block_side_snow.properties' in pack 'file/BOPPBR-FULL-RE1-v0.1.4.zip'
[17:31:24] [Worker-Main-7/WARN]: Unknown block 'biomesoplenty:flesh' in 'matchBlocks' element 'biomesoplenty:flesh' at index 68 in file 'biomesoplenty:optifine/ctm/grass_block_side_snow.properties' in pack 'file/BOPPBR-FULL-RE1-v0.1.4.zip'
[17:31:24] [Worker-Main-7/WARN]: Unknown block 'biomesoplenty:porous_flesh' in 'matchBlocks' element 'biomesoplenty:porous_flesh' at index 69 in file 'biomesoplenty:optifine/ctm/grass_block_side_snow.properties' in pack 'file/BOPPBR-FULL-RE1-v0.1.4.zip'
[17:31:24] [Worker-Main-7/WARN]: Unknown block 'biomesoplenty:brimstone' in 'matchBlocks' element 'biomesoplenty:brimstone' at index 70 in file 'biomesoplenty:optifine/ctm/grass_block_side_snow.properties' in pack 'file/BOPPBR-FULL-RE1-v0.1.4.zip'
[17:31:24] [Worker-Main-7/WARN]: Unknown block 'biomesoplenty:brimstone_bricks' in 'matchBlocks' element 'biomesoplenty:brimstone_bricks' at index 71 in file 'biomesoplenty:optifine/ctm/grass_block_side_snow.properties' in pack 'file/BOPPBR-FULL-RE1-v0.1.4.zip'
[17:31:24] [Worker-Main-7/WARN]: Unknown block 'biomesoplenty:brimstone_brick_slab' in 'matchBlocks' element 'biomesoplenty:brimstone_brick_slab' at index 72 in file 'biomesoplenty:optifine/ctm/grass_block_side_snow.properties' in pack 'file/BOPPBR-FULL-RE1-v0.1.4.zip'
[17:31:24] [Worker-Main-7/WARN]: Unknown block 'biomesoplenty:chiseled_brimstone_bricks' in 'matchBlocks' element 'biomesoplenty:chiseled_brimstone_bricks' at index 73 in file 'biomesoplenty:optifine/ctm/grass_block_side_snow.properties' in pack 'file/BOPPBR-FULL-RE1-v0.1.4.zip'
[17:31:24] [Worker-Main-7/WARN]: Unknown block 'biomesoplenty:rose_quartz_block' in 'matchBlocks' element 'biomesoplenty:rose_quartz_block' at index 74 in file 'biomesoplenty:optifine/ctm/grass_block_side_snow.properties' in pack 'file/BOPPBR-FULL-RE1-v0.1.4.zip'
[17:31:24] [Worker-Main-7/WARN]: Unknown block 'biomesoplenty:algal_end_stone' in 'matchBlocks' element 'biomesoplenty:algal_end_stone' at index 75 in file 'biomesoplenty:optifine/ctm/grass_block_side_snow.properties' in pack 'file/BOPPBR-FULL-RE1-v0.1.4.zip'
[17:31:24] [Worker-Main-7/WARN]: Unknown block 'biomesoplenty:unmapped_end_stone' in 'matchBlocks' element 'biomesoplenty:unmapped_end_stone' at index 76 in file 'biomesoplenty:optifine/ctm/grass_block_side_snow.properties' in pack 'file/BOPPBR-FULL-RE1-v0.1.4.zip'
[17:31:24] [Worker-Main-7/WARN]: Unknown block 'biomesoplenty:null_end_stone' in 'matchBlocks' element 'biomesoplenty:null_end_stone' at index 77 in file 'biomesoplenty:optifine/ctm/grass_block_side_snow.properties' in pack 'file/BOPPBR-FULL-RE1-v0.1.4.zip'
[17:31:24] [Worker-Main-7/WARN]: Unknown block 'biomesoplenty:null_block' in 'matchBlocks' element 'biomesoplenty:null_block' at index 78 in file 'biomesoplenty:optifine/ctm/grass_block_side_snow.properties' in pack 'file/BOPPBR-FULL-RE1-v0.1.4.zip'
[17:31:24] [Worker-Main-7/WARN]: Unknown block 'biomesoplenty:anomaly' in 'matchBlocks' element 'biomesoplenty:anomaly' at index 79 in file 'biomesoplenty:optifine/ctm/grass_block_side_snow.properties' in pack 'file/BOPPBR-FULL-RE1-v0.1.4.zip'
[17:31:24] [Worker-Main-7/WARN]: Unknown block 'biomesoplenty:toadstool_block' in 'matchBlocks' element 'biomesoplenty:toadstool_block' at index 80 in file 'biomesoplenty:optifine/ctm/grass_block_side_snow.properties' in pack 'file/BOPPBR-FULL-RE1-v0.1.4.zip'
[17:31:24] [Worker-Main-7/WARN]: Unknown block 'biomesoplenty:glowshroom_block' in 'matchBlocks' element 'biomesoplenty:glowshroom_block' at index 81 in file 'biomesoplenty:optifine/ctm/grass_block_side_snow.properties' in pack 'file/BOPPBR-FULL-RE1-v0.1.4.zip'
[17:31:24] [Worker-Main-7/WARN]: Unknown block 'biomesoplenty:glowing_moss_block' in 'matchBlocks' element 'biomesoplenty:glowing_moss_block' at index 82 in file 'biomesoplenty:optifine/ctm/grass_block_side_snow.properties' in pack 'file/BOPPBR-FULL-RE1-v0.1.4.zip'
[17:31:24] [Worker-Main-7/WARN]: Unknown block 'biomesoplenty:origin_grass_block' in 'matchBlocks' element 'biomesoplenty:origin_grass_block' at index 83 in file 'biomesoplenty:optifine/ctm/grass_block_side_snow.properties' in pack 'file/BOPPBR-FULL-RE1-v0.1.4.zip'
[17:31:24] [Worker-Main-7/WARN]: Unknown block 'biomesoplenty:white_flower_petal_block' in 'matchBlocks' element 'biomesoplenty:white_flower_petal_block' at index 84 in file 'biomesoplenty:optifine/ctm/grass_block_side_snow.properties' in pack 'file/BOPPBR-FULL-RE1-v0.1.4.zip'
[17:31:24] [Worker-Main-7/WARN]: Unknown block 'biomesoplenty:light_gray_flower_petal_block' in 'matchBlocks' element 'biomesoplenty:light_gray_flower_petal_block' at index 85 in file 'biomesoplenty:optifine/ctm/grass_block_side_snow.properties' in pack 'file/BOPPBR-FULL-RE1-v0.1.4.zip'
[17:31:24] [Worker-Main-7/WARN]: Unknown block 'biomesoplenty:gray_flower_petal_block' in 'matchBlocks' element 'biomesoplenty:gray_flower_petal_block' at index 86 in file 'biomesoplenty:optifine/ctm/grass_block_side_snow.properties' in pack 'file/BOPPBR-FULL-RE1-v0.1.4.zip'
[17:31:24] [Worker-Main-7/WARN]: Unknown block 'biomesoplenty:black_flower_petal_block' in 'matchBlocks' element 'biomesoplenty:black_flower_petal_block' at index 87 in file 'biomesoplenty:optifine/ctm/grass_block_side_snow.properties' in pack 'file/BOPPBR-FULL-RE1-v0.1.4.zip'
[17:31:24] [Worker-Main-7/WARN]: Unknown block 'biomesoplenty:brown_flower_petal_block' in 'matchBlocks' element 'biomesoplenty:brown_flower_petal_block' at index 88 in file 'biomesoplenty:optifine/ctm/grass_block_side_snow.properties' in pack 'file/BOPPBR-FULL-RE1-v0.1.4.zip'
[17:31:24] [Worker-Main-7/WARN]: Unknown block 'biomesoplenty:red_flower_petal_block' in 'matchBlocks' element 'biomesoplenty:red_flower_petal_block' at index 89 in file 'biomesoplenty:optifine/ctm/grass_block_side_snow.properties' in pack 'file/BOPPBR-FULL-RE1-v0.1.4.zip'
[17:31:24] [Worker-Main-7/WARN]: Unknown block 'biomesoplenty:orange_flower_petal_block' in 'matchBlocks' element 'biomesoplenty:orange_flower_petal_block' at index 90 in file 'biomesoplenty:optifine/ctm/grass_block_side_snow.properties' in pack 'file/BOPPBR-FULL-RE1-v0.1.4.zip'
[17:31:24] [Worker-Main-7/WARN]: Unknown block 'biomesoplenty:yellow_flower_petal_block' in 'matchBlocks' element 'biomesoplenty:yellow_flower_petal_block' at index 91 in file 'biomesoplenty:optifine/ctm/grass_block_side_snow.properties' in pack 'file/BOPPBR-FULL-RE1-v0.1.4.zip'
[17:31:24] [Worker-Main-7/WARN]: Unknown block 'biomesoplenty:lime_flower_petal_block' in 'matchBlocks' element 'biomesoplenty:lime_flower_petal_block' at index 92 in file 'biomesoplenty:optifine/ctm/grass_block_side_snow.properties' in pack 'file/BOPPBR-FULL-RE1-v0.1.4.zip'
[17:31:24] [Worker-Main-7/WARN]: Unknown block 'biomesoplenty:green_flower_petal_block' in 'matchBlocks' element 'biomesoplenty:green_flower_petal_block' at index 93 in file 'biomesoplenty:optifine/ctm/grass_block_side_snow.properties' in pack 'file/BOPPBR-FULL-RE1-v0.1.4.zip'
[17:31:24] [Worker-Main-7/WARN]: Unknown block 'biomesoplenty:cyan_flower_petal_block' in 'matchBlocks' element 'biomesoplenty:cyan_flower_petal_block' at index 94 in file 'biomesoplenty:optifine/ctm/grass_block_side_snow.properties' in pack 'file/BOPPBR-FULL-RE1-v0.1.4.zip'
[17:31:24] [Worker-Main-7/WARN]: Unknown block 'biomesoplenty:light_blue_flower_petal_block' in 'matchBlocks' element 'biomesoplenty:light_blue_flower_petal_block' at index 95 in file 'biomesoplenty:optifine/ctm/grass_block_side_snow.properties' in pack 'file/BOPPBR-FULL-RE1-v0.1.4.zip'
[17:31:24] [Worker-Main-7/WARN]: Unknown block 'biomesoplenty:blue_flower_petal_block' in 'matchBlocks' element 'biomesoplenty:blue_flower_petal_block' at index 96 in file 'biomesoplenty:optifine/ctm/grass_block_side_snow.properties' in pack 'file/BOPPBR-FULL-RE1-v0.1.4.zip'
[17:31:24] [Worker-Main-7/WARN]: Unknown block 'biomesoplenty:purple_flower_petal_block' in 'matchBlocks' element 'biomesoplenty:purple_flower_petal_block' at index 97 in file 'biomesoplenty:optifine/ctm/grass_block_side_snow.properties' in pack 'file/BOPPBR-FULL-RE1-v0.1.4.zip'
[17:31:24] [Worker-Main-7/WARN]: Unknown block 'biomesoplenty:magenta_flower_petal_block' in 'matchBlocks' element 'biomesoplenty:magenta_flower_petal_block' at index 98 in file 'biomesoplenty:optifine/ctm/grass_block_side_snow.properties' in pack 'file/BOPPBR-FULL-RE1-v0.1.4.zip'
[17:31:24] [Worker-Main-7/WARN]: Unknown block 'biomesoplenty:pink_flower_petal_block' in 'matchBlocks' element 'biomesoplenty:pink_flower_petal_block' at index 99 in file 'biomesoplenty:optifine/ctm/grass_block_side_snow.properties' in pack 'file/BOPPBR-FULL-RE1-v0.1.4.zip'
[17:31:24] [Worker-Main-7/WARN]: Unknown block 'biomesoplenty:flower_stem' in 'matchBlocks' element 'biomesoplenty:flower_stem' at index 100 in file 'biomesoplenty:optifine/ctm/grass_block_side_snow.properties' in pack 'file/BOPPBR-FULL-RE1-v0.1.4.zip'
[17:31:24] [Worker-Main-7/WARN]: Unknown block 'biomesoplenty:origin_oak_log' in 'matchBlocks' element 'biomesoplenty:origin_oak_log' at index 101 in file 'biomesoplenty:optifine/ctm/grass_block_side_snow.properties' in pack 'file/BOPPBR-FULL-RE1-v0.1.4.zip'
[17:31:24] [Worker-Main-7/WARN]: Unknown block 'biomesoplenty:stripped_origin_oak_log' in 'matchBlocks' element 'biomesoplenty:stripped_origin_oak_log' at index 102 in file 'biomesoplenty:optifine/ctm/grass_block_side_snow.properties' in pack 'file/BOPPBR-FULL-RE1-v0.1.4.zip'
[17:31:24] [Worker-Main-7/WARN]: Unknown block 'biomesoplenty:origin_oak_wood' in 'matchBlocks' element 'biomesoplenty:origin_oak_wood' at index 103 in file 'biomesoplenty:optifine/ctm/grass_block_side_snow.properties' in pack 'file/BOPPBR-FULL-RE1-v0.1.4.zip'
[17:31:24] [Worker-Main-7/WARN]: Unknown block 'biomesoplenty:stripped_origin_oak_wood' in 'matchBlocks' element 'biomesoplenty:stripped_origin_oak_wood' at index 104 in file 'biomesoplenty:optifine/ctm/grass_block_side_snow.properties' in pack 'file/BOPPBR-FULL-RE1-v0.1.4.zip'
[17:31:24] [Worker-Main-7/WARN]: Unknown block 'biomesoplenty:origin_oak_planks' in 'matchBlocks' element 'biomesoplenty:origin_oak_planks' at index 105 in file 'biomesoplenty:optifine/ctm/grass_block_side_snow.properties' in pack 'file/BOPPBR-FULL-RE1-v0.1.4.zip'
[17:31:24] [Worker-Main-7/WARN]: Unknown block 'biomesoplenty:origin_oak_slab' in 'matchBlocks' element 'biomesoplenty:origin_oak_slab' at index 106 in file 'biomesoplenty:optifine/ctm/grass_block_side_snow.properties' in pack 'file/BOPPBR-FULL-RE1-v0.1.4.zip'
[17:31:24] [Worker-Main-7/WARN]: Unknown block 'biomesoplenty:fir_log' in 'matchBlocks' element 'biomesoplenty:fir_log' at index 107 in file 'biomesoplenty:optifine/ctm/grass_block_side_snow.properties' in pack 'file/BOPPBR-FULL-RE1-v0.1.4.zip'
[17:31:24] [Worker-Main-7/WARN]: Unknown block 'biomesoplenty:stripped_fir_log' in 'matchBlocks' element 'biomesoplenty:stripped_fir_log' at index 108 in file 'biomesoplenty:optifine/ctm/grass_block_side_snow.properties' in pack 'file/BOPPBR-FULL-RE1-v0.1.4.zip'
[17:31:24] [Worker-Main-7/WARN]: Unknown block 'biomesoplenty:fir_wood' in 'matchBlocks' element 'biomesoplenty:fir_wood' at index 109 in file 'biomesoplenty:optifine/ctm/grass_block_side_snow.properties' in pack 'file/BOPPBR-FULL-RE1-v0.1.4.zip'
[17:31:24] [Worker-Main-7/WARN]: Unknown block 'biomesoplenty:stripped_fir_wood' in 'matchBlocks' element 'biomesoplenty:stripped_fir_wood' at index 110 in file 'biomesoplenty:optifine/ctm/grass_block_side_snow.properties' in pack 'file/BOPPBR-FULL-RE1-v0.1.4.zip'
[17:31:24] [Worker-Main-7/WARN]: Unknown block 'biomesoplenty:fir_planks' in 'matchBlocks' element 'biomesoplenty:fir_planks' at index 111 in file 'biomesoplenty:optifine/ctm/grass_block_side_snow.properties' in pack 'file/BOPPBR-FULL-RE1-v0.1.4.zip'
[17:31:24] [Worker-Main-7/WARN]: Unknown block 'biomesoplenty:fir_slab' in 'matchBlocks' element 'biomesoplenty:fir_slab' at index 112 in file 'biomesoplenty:optifine/ctm/grass_block_side_snow.properties' in pack 'file/BOPPBR-FULL-RE1-v0.1.4.zip'
[17:31:24] [Worker-Main-7/WARN]: Unknown block 'biomesoplenty:pine_log' in 'matchBlocks' element 'biomesoplenty:pine_log' at index 113 in file 'biomesoplenty:optifine/ctm/grass_block_side_snow.properties' in pack 'file/BOPPBR-FULL-RE1-v0.1.4.zip'
[17:31:24] [Worker-Main-7/WARN]: Unknown block 'biomesoplenty:stripped_pine_log' in 'matchBlocks' element 'biomesoplenty:stripped_pine_log' at index 114 in file 'biomesoplenty:optifine/ctm/grass_block_side_snow.properties' in pack 'file/BOPPBR-FULL-RE1-v0.1.4.zip'
[17:31:24] [Worker-Main-7/WARN]: Unknown block 'biomesoplenty:pine_wood' in 'matchBlocks' element 'biomesoplenty:pine_wood' at index 115 in file 'biomesoplenty:optifine/ctm/grass_block_side_snow.properties' in pack 'file/BOPPBR-FULL-RE1-v0.1.4.zip'
[17:31:24] [Worker-Main-7/WARN]: Unknown block 'biomesoplenty:stripped_pine_wood' in 'matchBlocks' element 'biomesoplenty:stripped_pine_wood' at index 116 in file 'biomesoplenty:optifine/ctm/grass_block_side_snow.properties' in pack 'file/BOPPBR-FULL-RE1-v0.1.4.zip'
[17:31:24] [Worker-Main-7/WARN]: Unknown block 'biomesoplenty:pine_planks' in 'matchBlocks' element 'biomesoplenty:pine_planks' at index 117 in file 'biomesoplenty:optifine/ctm/grass_block_side_snow.properties' in pack 'file/BOPPBR-FULL-RE1-v0.1.4.zip'
[17:31:24] [Worker-Main-7/WARN]: Unknown block 'biomesoplenty:pine_slab' in 'matchBlocks' element 'biomesoplenty:pine_slab' at index 118 in file 'biomesoplenty:optifine/ctm/grass_block_side_snow.properties' in pack 'file/BOPPBR-FULL-RE1-v0.1.4.zip'
[17:31:24] [Worker-Main-7/WARN]: Unknown block 'biomesoplenty:maple_log' in 'matchBlocks' element 'biomesoplenty:maple_log' at index 119 in file 'biomesoplenty:optifine/ctm/grass_block_side_snow.properties' in pack 'file/BOPPBR-FULL-RE1-v0.1.4.zip'
[17:31:24] [Worker-Main-7/WARN]: Unknown block 'biomesoplenty:stripped_maple_log' in 'matchBlocks' element 'biomesoplenty:stripped_maple_log' at index 120 in file 'biomesoplenty:optifine/ctm/grass_block_side_snow.properties' in pack 'file/BOPPBR-FULL-RE1-v0.1.4.zip'
[17:31:24] [Worker-Main-7/WARN]: Unknown block 'biomesoplenty:maple_wood' in 'matchBlocks' element 'biomesoplenty:maple_wood' at index 121 in file 'biomesoplenty:optifine/ctm/grass_block_side_snow.properties' in pack 'file/BOPPBR-FULL-RE1-v0.1.4.zip'
[17:31:24] [Worker-Main-7/WARN]: Unknown block 'biomesoplenty:stripped_maple_wood' in 'matchBlocks' element 'biomesoplenty:stripped_maple_wood' at index 122 in file 'biomesoplenty:optifine/ctm/grass_block_side_snow.properties' in pack 'file/BOPPBR-FULL-RE1-v0.1.4.zip'
[17:31:24] [Worker-Main-7/WARN]: Unknown block 'biomesoplenty:maple_planks' in 'matchBlocks' element 'biomesoplenty:maple_planks' at index 123 in file 'biomesoplenty:optifine/ctm/grass_block_side_snow.properties' in pack 'file/BOPPBR-FULL-RE1-v0.1.4.zip'
[17:31:24] [Worker-Main-7/WARN]: Unknown block 'biomesoplenty:maple_slab' in 'matchBlocks' element 'biomesoplenty:maple_slab' at index 124 in file 'biomesoplenty:optifine/ctm/grass_block_side_snow.properties' in pack 'file/BOPPBR-FULL-RE1-v0.1.4.zip'
[17:31:24] [Worker-Main-7/WARN]: Unknown block 'biomesoplenty:redwood_log' in 'matchBlocks' element 'biomesoplenty:redwood_log' at index 125 in file 'biomesoplenty:optifine/ctm/grass_block_side_snow.properties' in pack 'file/BOPPBR-FULL-RE1-v0.1.4.zip'
[17:31:24] [Worker-Main-7/WARN]: Unknown block 'biomesoplenty:stripped_redwood_log' in 'matchBlocks' element 'biomesoplenty:stripped_redwood_log' at index 126 in file 'biomesoplenty:optifine/ctm/grass_block_side_snow.properties' in pack 'file/BOPPBR-FULL-RE1-v0.1.4.zip'
[17:31:24] [Worker-Main-7/WARN]: Unknown block 'biomesoplenty:redwood_wood' in 'matchBlocks' element 'biomesoplenty:redwood_wood' at index 127 in file 'biomesoplenty:optifine/ctm/grass_block_side_snow.properties' in pack 'file/BOPPBR-FULL-RE1-v0.1.4.zip'
[17:31:24] [Worker-Main-7/WARN]: Unknown block 'biomesoplenty:stripped_redwood_wood' in 'matchBlocks' element 'biomesoplenty:stripped_redwood_wood' at index 128 in file 'biomesoplenty:optifine/ctm/grass_block_side_snow.properties' in pack 'file/BOPPBR-FULL-RE1-v0.1.4.zip'
[17:31:24] [Worker-Main-7/WARN]: Unknown block 'biomesoplenty:redwood_planks' in 'matchBlocks' element 'biomesoplenty:redwood_planks' at index 129 in file 'biomesoplenty:optifine/ctm/grass_block_side_snow.properties' in pack 'file/BOPPBR-FULL-RE1-v0.1.4.zip'
[17:31:24] [Worker-Main-7/WARN]: Unknown block 'biomesoplenty:redwood_slab' in 'matchBlocks' element 'biomesoplenty:redwood_slab' at index 130 in file 'biomesoplenty:optifine/ctm/grass_block_side_snow.properties' in pack 'file/BOPPBR-FULL-RE1-v0.1.4.zip'
[17:31:24] [Worker-Main-7/WARN]: Unknown block 'biomesoplenty:mahogany_log' in 'matchBlocks' element 'biomesoplenty:mahogany_log' at index 131 in file 'biomesoplenty:optifine/ctm/grass_block_side_snow.properties' in pack 'file/BOPPBR-FULL-RE1-v0.1.4.zip'
[17:31:24] [Worker-Main-7/WARN]: Unknown block 'biomesoplenty:stripped_mahogany_log' in 'matchBlocks' element 'biomesoplenty:stripped_mahogany_log' at index 132 in file 'biomesoplenty:optifine/ctm/grass_block_side_snow.properties' in pack 'file/BOPPBR-FULL-RE1-v0.1.4.zip'
[17:31:24] [Worker-Main-7/WARN]: Unknown block 'biomesoplenty:mahogany_wood' in 'matchBlocks' element 'biomesoplenty:mahogany_wood' at index 133 in file 'biomesoplenty:optifine/ctm/grass_block_side_snow.properties' in pack 'file/BOPPBR-FULL-RE1-v0.1.4.zip'
[17:31:24] [Worker-Main-7/WARN]: Unknown block 'biomesoplenty:stripped_mahogany_wood' in 'matchBlocks' element 'biomesoplenty:stripped_mahogany_wood' at index 134 in file 'biomesoplenty:optifine/ctm/grass_block_side_snow.properties' in pack 'file/BOPPBR-FULL-RE1-v0.1.4.zip'
[17:31:24] [Worker-Main-7/WARN]: Unknown block 'biomesoplenty:mahogany_planks' in 'matchBlocks' element 'biomesoplenty:mahogany_planks' at index 135 in file 'biomesoplenty:optifine/ctm/grass_block_side_snow.properties' in pack 'file/BOPPBR-FULL-RE1-v0.1.4.zip'
[17:31:24] [Worker-Main-7/WARN]: Unknown block 'biomesoplenty:mahogany_slab' in 'matchBlocks' element 'biomesoplenty:mahogany_slab' at index 136 in file 'biomesoplenty:optifine/ctm/grass_block_side_snow.properties' in pack 'file/BOPPBR-FULL-RE1-v0.1.4.zip'
[17:31:24] [Worker-Main-7/WARN]: Unknown block 'biomesoplenty:jacaranda_log' in 'matchBlocks' element 'biomesoplenty:jacaranda_log' at index 137 in file 'biomesoplenty:optifine/ctm/grass_block_side_snow.properties' in pack 'file/BOPPBR-FULL-RE1-v0.1.4.zip'
[17:31:24] [Worker-Main-7/WARN]: Unknown block 'biomesoplenty:stripped_jacaranda_log' in 'matchBlocks' element 'biomesoplenty:stripped_jacaranda_log' at index 138 in file 'biomesoplenty:optifine/ctm/grass_block_side_snow.properties' in pack 'file/BOPPBR-FULL-RE1-v0.1.4.zip'
[17:31:24] [Worker-Main-7/WARN]: Unknown block 'biomesoplenty:jacaranda_wood' in 'matchBlocks' element 'biomesoplenty:jacaranda_wood' at index 139 in file 'biomesoplenty:optifine/ctm/grass_block_side_snow.properties' in pack 'file/BOPPBR-FULL-RE1-v0.1.4.zip'
[17:31:24] [Worker-Main-7/WARN]: Unknown block 'biomesoplenty:stripped_jacaranda_wood' in 'matchBlocks' element 'biomesoplenty:stripped_jacaranda_wood' at index 140 in file 'biomesoplenty:optifine/ctm/grass_block_side_snow.properties' in pack 'file/BOPPBR-FULL-RE1-v0.1.4.zip'
[17:31:24] [Worker-Main-7/WARN]: Unknown block 'biomesoplenty:jacaranda_planks' in 'matchBlocks' element 'biomesoplenty:jacaranda_planks' at index 141 in file 'biomesoplenty:optifine/ctm/grass_block_side_snow.properties' in pack 'file/BOPPBR-FULL-RE1-v0.1.4.zip'
[17:31:24] [Worker-Main-7/WARN]: Unknown block 'biomesoplenty:jacaranda_slab' in 'matchBlocks' element 'biomesoplenty:jacaranda_slab' at index 142 in file 'biomesoplenty:optifine/ctm/grass_block_side_snow.properties' in pack 'file/BOPPBR-FULL-RE1-v0.1.4.zip'
[17:31:24] [Worker-Main-7/WARN]: Unknown block 'biomesoplenty:palm_log' in 'matchBlocks' element 'biomesoplenty:palm_log' at index 143 in file 'biomesoplenty:optifine/ctm/grass_block_side_snow.properties' in pack 'file/BOPPBR-FULL-RE1-v0.1.4.zip'
[17:31:24] [Worker-Main-7/WARN]: Unknown block 'biomesoplenty:stripped_palm_log' in 'matchBlocks' element 'biomesoplenty:stripped_palm_log' at index 144 in file 'biomesoplenty:optifine/ctm/grass_block_side_snow.properties' in pack 'file/BOPPBR-FULL-RE1-v0.1.4.zip'
[17:31:24] [Worker-Main-7/WARN]: Unknown block 'biomesoplenty:palm_wood' in 'matchBlocks' element 'biomesoplenty:palm_wood' at index 145 in file 'biomesoplenty:optifine/ctm/grass_block_side_snow.properties' in pack 'file/BOPPBR-FULL-RE1-v0.1.4.zip'
[17:31:24] [Worker-Main-7/WARN]: Unknown block 'biomesoplenty:stripped_palm_wood' in 'matchBlocks' element 'biomesoplenty:stripped_palm_wood' at index 146 in file 'biomesoplenty:optifine/ctm/grass_block_side_snow.properties' in pack 'file/BOPPBR-FULL-RE1-v0.1.4.zip'
[17:31:24] [Worker-Main-7/WARN]: Unknown block 'biomesoplenty:palm_planks' in 'matchBlocks' element 'biomesoplenty:palm_planks' at index 147 in file 'biomesoplenty:optifine/ctm/grass_block_side_snow.properties' in pack 'file/BOPPBR-FULL-RE1-v0.1.4.zip'
[17:31:24] [Worker-Main-7/WARN]: Unknown block 'biomesoplenty:palm_slab' in 'matchBlocks' element 'biomesoplenty:palm_slab' at index 148 in file 'biomesoplenty:optifine/ctm/grass_block_side_snow.properties' in pack 'file/BOPPBR-FULL-RE1-v0.1.4.zip'
[17:31:24] [Worker-Main-7/WARN]: Unknown block 'biomesoplenty:willow_log' in 'matchBlocks' element 'biomesoplenty:willow_log' at index 149 in file 'biomesoplenty:optifine/ctm/grass_block_side_snow.properties' in pack 'file/BOPPBR-FULL-RE1-v0.1.4.zip'
[17:31:24] [Worker-Main-7/WARN]: Unknown block 'biomesoplenty:stripped_willow_log' in 'matchBlocks' element 'biomesoplenty:stripped_willow_log' at index 150 in file 'biomesoplenty:optifine/ctm/grass_block_side_snow.properties' in pack 'file/BOPPBR-FULL-RE1-v0.1.4.zip'
[17:31:24] [Worker-Main-7/WARN]: Unknown block 'biomesoplenty:willow_wood' in 'matchBlocks' element 'biomesoplenty:willow_wood' at index 151 in file 'biomesoplenty:optifine/ctm/grass_block_side_snow.properties' in pack 'file/BOPPBR-FULL-RE1-v0.1.4.zip'
[17:31:24] [Worker-Main-7/WARN]: Unknown block 'biomesoplenty:stripped_willow_wood' in 'matchBlocks' element 'biomesoplenty:stripped_willow_wood' at index 152 in file 'biomesoplenty:optifine/ctm/grass_block_side_snow.properties' in pack 'file/BOPPBR-FULL-RE1-v0.1.4.zip'
[17:31:24] [Worker-Main-7/WARN]: Unknown block 'biomesoplenty:willow_planks' in 'matchBlocks' element 'biomesoplenty:willow_planks' at index 153 in file 'biomesoplenty:optifine/ctm/grass_block_side_snow.properties' in pack 'file/BOPPBR-FULL-RE1-v0.1.4.zip'
[17:31:24] [Worker-Main-7/WARN]: Unknown block 'biomesoplenty:willow_slab' in 'matchBlocks' element 'biomesoplenty:willow_slab' at index 154 in file 'biomesoplenty:optifine/ctm/grass_block_side_snow.properties' in pack 'file/BOPPBR-FULL-RE1-v0.1.4.zip'
[17:31:24] [Worker-Main-7/WARN]: Unknown block 'biomesoplenty:magic_log' in 'matchBlocks' element 'biomesoplenty:magic_log' at index 155 in file 'biomesoplenty:optifine/ctm/grass_block_side_snow.properties' in pack 'file/BOPPBR-FULL-RE1-v0.1.4.zip'
[17:31:24] [Worker-Main-7/WARN]: Unknown block 'biomesoplenty:stripped_magic_log' in 'matchBlocks' element 'biomesoplenty:stripped_magic_log' at index 156 in file 'biomesoplenty:optifine/ctm/grass_block_side_snow.properties' in pack 'file/BOPPBR-FULL-RE1-v0.1.4.zip'
[17:31:24] [Worker-Main-7/WARN]: Unknown block 'biomesoplenty:magic_wood' in 'matchBlocks' element 'biomesoplenty:magic_wood' at index 157 in file 'biomesoplenty:optifine/ctm/grass_block_side_snow.properties' in pack 'file/BOPPBR-FULL-RE1-v0.1.4.zip'
[17:31:24] [Worker-Main-7/WARN]: Unknown block 'biomesoplenty:stripped_magic_wood' in 'matchBlocks' element 'biomesoplenty:stripped_magic_wood' at index 158 in file 'biomesoplenty:optifine/ctm/grass_block_side_snow.properties' in pack 'file/BOPPBR-FULL-RE1-v0.1.4.zip'
[17:31:24] [Worker-Main-7/WARN]: Unknown block 'biomesoplenty:magic_planks' in 'matchBlocks' element 'biomesoplenty:magic_planks' at index 159 in file 'biomesoplenty:optifine/ctm/grass_block_side_snow.properties' in pack 'file/BOPPBR-FULL-RE1-v0.1.4.zip'
[17:31:24] [Worker-Main-7/WARN]: Unknown block 'biomesoplenty:magic_slab' in 'matchBlocks' element 'biomesoplenty:magic_slab' at index 160 in file 'biomesoplenty:optifine/ctm/grass_block_side_snow.properties' in pack 'file/BOPPBR-FULL-RE1-v0.1.4.zip'
[17:31:24] [Worker-Main-7/WARN]: Unknown block 'biomesoplenty:umbran_log' in 'matchBlocks' element 'biomesoplenty:umbran_log' at index 161 in file 'biomesoplenty:optifine/ctm/grass_block_side_snow.properties' in pack 'file/BOPPBR-FULL-RE1-v0.1.4.zip'
[17:31:24] [Worker-Main-7/WARN]: Unknown block 'biomesoplenty:stripped_umbran_log' in 'matchBlocks' element 'biomesoplenty:stripped_umbran_log' at index 162 in file 'biomesoplenty:optifine/ctm/grass_block_side_snow.properties' in pack 'file/BOPPBR-FULL-RE1-v0.1.4.zip'
[17:31:24] [Worker-Main-7/WARN]: Unknown block 'biomesoplenty:umbran_wood' in 'matchBlocks' element 'biomesoplenty:umbran_wood' at index 163 in file 'biomesoplenty:optifine/ctm/grass_block_side_snow.properties' in pack 'file/BOPPBR-FULL-RE1-v0.1.4.zip'
[17:31:24] [Worker-Main-7/WARN]: Unknown block 'biomesoplenty:stripped_umbran_wood' in 'matchBlocks' element 'biomesoplenty:stripped_umbran_wood' at index 164 in file 'biomesoplenty:optifine/ctm/grass_block_side_snow.properties' in pack 'file/BOPPBR-FULL-RE1-v0.1.4.zip'
[17:31:24] [Worker-Main-7/WARN]: Unknown block 'biomesoplenty:umbran_planks' in 'matchBlocks' element 'biomesoplenty:umbran_planks' at index 165 in file 'biomesoplenty:optifine/ctm/grass_block_side_snow.properties' in pack 'file/BOPPBR-FULL-RE1-v0.1.4.zip'
[17:31:24] [Worker-Main-7/WARN]: Unknown block 'biomesoplenty:umbran_slab' in 'matchBlocks' element 'biomesoplenty:umbran_slab' at index 166 in file 'biomesoplenty:optifine/ctm/grass_block_side_snow.properties' in pack 'file/BOPPBR-FULL-RE1-v0.1.4.zip'
[17:31:24] [Worker-Main-7/WARN]: Unknown block 'biomesoplenty:hellbark_log' in 'matchBlocks' element 'biomesoplenty:hellbark_log' at index 167 in file 'biomesoplenty:optifine/ctm/grass_block_side_snow.properties' in pack 'file/BOPPBR-FULL-RE1-v0.1.4.zip'
[17:31:24] [Worker-Main-7/WARN]: Unknown block 'biomesoplenty:stripped_hellbark_log' in 'matchBlocks' element 'biomesoplenty:stripped_hellbark_log' at index 168 in file 'biomesoplenty:optifine/ctm/grass_block_side_snow.properties' in pack 'file/BOPPBR-FULL-RE1-v0.1.4.zip'
[17:31:24] [Worker-Main-7/WARN]: Unknown block 'biomesoplenty:hellbark_wood' in 'matchBlocks' element 'biomesoplenty:hellbark_wood' at index 169 in file 'biomesoplenty:optifine/ctm/grass_block_side_snow.properties' in pack 'file/BOPPBR-FULL-RE1-v0.1.4.zip'
[17:31:24] [Worker-Main-7/WARN]: Unknown block 'biomesoplenty:stripped_hellbark_wood' in 'matchBlocks' element 'biomesoplenty:stripped_hellbark_wood' at index 170 in file 'biomesoplenty:optifine/ctm/grass_block_side_snow.properties' in pack 'file/BOPPBR-FULL-RE1-v0.1.4.zip'
[17:31:24] [Worker-Main-7/WARN]: Unknown block 'biomesoplenty:hellbark_planks' in 'matchBlocks' element 'biomesoplenty:hellbark_planks' at index 171 in file 'biomesoplenty:optifine/ctm/grass_block_side_snow.properties' in pack 'file/BOPPBR-FULL-RE1-v0.1.4.zip'
[17:31:24] [Worker-Main-7/WARN]: Unknown block 'biomesoplenty:hellbark_slab' in 'matchBlocks' element 'biomesoplenty:hellbark_slab' at index 172 in file 'biomesoplenty:optifine/ctm/grass_block_side_snow.properties' in pack 'file/BOPPBR-FULL-RE1-v0.1.4.zip'
[17:31:24] [Worker-Main-7/WARN]: Unknown block 'biomesoplenty:empyreal_log' in 'matchBlocks' element 'biomesoplenty:empyreal_log' at index 173 in file 'biomesoplenty:optifine/ctm/grass_block_side_snow.properties' in pack 'file/BOPPBR-FULL-RE1-v0.1.4.zip'
[17:31:24] [Worker-Main-7/WARN]: Unknown block 'biomesoplenty:stripped_empyreal_log' in 'matchBlocks' element 'biomesoplenty:stripped_empyreal_log' at index 174 in file 'biomesoplenty:optifine/ctm/grass_block_side_snow.properties' in pack 'file/BOPPBR-FULL-RE1-v0.1.4.zip'
[17:31:24] [Worker-Main-7/WARN]: Unknown block 'biomesoplenty:empyreal_wood' in 'matchBlocks' element 'biomesoplenty:empyreal_wood' at index 175 in file 'biomesoplenty:optifine/ctm/grass_block_side_snow.properties' in pack 'file/BOPPBR-FULL-RE1-v0.1.4.zip'
[17:31:24] [Worker-Main-7/WARN]: Unknown block 'biomesoplenty:stripped_empyreal_wood' in 'matchBlocks' element 'biomesoplenty:stripped_empyreal_wood' at index 176 in file 'biomesoplenty:optifine/ctm/grass_block_side_snow.properties' in pack 'file/BOPPBR-FULL-RE1-v0.1.4.zip'
[17:31:24] [Worker-Main-7/WARN]: Unknown block 'biomesoplenty:empyreal_planks' in 'matchBlocks' element 'biomesoplenty:empyreal_planks' at index 177 in file 'biomesoplenty:optifine/ctm/grass_block_side_snow.properties' in pack 'file/BOPPBR-FULL-RE1-v0.1.4.zip'
[17:31:24] [Worker-Main-7/WARN]: Unknown block 'biomesoplenty:empyreal_slab' in 'matchBlocks' element 'biomesoplenty:empyreal_slab' at index 178 in file 'biomesoplenty:optifine/ctm/grass_block_side_snow.properties' in pack 'file/BOPPBR-FULL-RE1-v0.1.4.zip'
[17:31:24] [Worker-Main-7/WARN]: Unknown block 'biomesoplenty:white_sand' in 'matchBlocks' element 'biomesoplenty:white_sand' at index 37 in file 'biomesoplenty:optifine/ctm/grass_block_side_snow_dirt.properties' in pack 'file/BOPPBR-FULL-RE1-v0.1.4.zip'
[17:31:24] [Worker-Main-7/WARN]: Unknown block 'biomesoplenty:white_sandstone' in 'matchBlocks' element 'biomesoplenty:white_sandstone' at index 38 in file 'biomesoplenty:optifine/ctm/grass_block_side_snow_dirt.properties' in pack 'file/BOPPBR-FULL-RE1-v0.1.4.zip'
[17:31:24] [Worker-Main-7/WARN]: Unknown block 'biomesoplenty:cut_white_sandstone' in 'matchBlocks' element 'biomesoplenty:cut_white_sandstone' at index 39 in file 'biomesoplenty:optifine/ctm/grass_block_side_snow_dirt.properties' in pack 'file/BOPPBR-FULL-RE1-v0.1.4.zip'
[17:31:24] [Worker-Main-7/WARN]: Unknown block 'biomesoplenty:cut_white_sandstone_slab' in 'matchBlocks' element 'biomesoplenty:cut_white_sandstone_slab' at index 40 in file 'biomesoplenty:optifine/ctm/grass_block_side_snow_dirt.properties' in pack 'file/BOPPBR-FULL-RE1-v0.1.4.zip'
[17:31:24] [Worker-Main-7/WARN]: Unknown block 'biomesoplenty:chiseled_white_sandstone' in 'matchBlocks' element 'biomesoplenty:chiseled_white_sandstone' at index 41 in file 'biomesoplenty:optifine/ctm/grass_block_side_snow_dirt.properties' in pack 'file/BOPPBR-FULL-RE1-v0.1.4.zip'
[17:31:24] [Worker-Main-7/WARN]: Unknown block 'biomesoplenty:smooth_white_sandstone' in 'matchBlocks' element 'biomesoplenty:smooth_white_sandstone' at index 42 in file 'biomesoplenty:optifine/ctm/grass_block_side_snow_dirt.properties' in pack 'file/BOPPBR-FULL-RE1-v0.1.4.zip'
[17:31:24] [Worker-Main-7/WARN]: Unknown block 'biomesoplenty:smooth_white_sandstone_slab' in 'matchBlocks' element 'biomesoplenty:smooth_white_sandstone_slab' at index 43 in file 'biomesoplenty:optifine/ctm/grass_block_side_snow_dirt.properties' in pack 'file/BOPPBR-FULL-RE1-v0.1.4.zip'
[17:31:24] [Worker-Main-7/WARN]: Unknown block 'biomesoplenty:white_sandstone_slab' in 'matchBlocks' element 'biomesoplenty:white_sandstone_slab' at index 44 in file 'biomesoplenty:optifine/ctm/grass_block_side_snow_dirt.properties' in pack 'file/BOPPBR-FULL-RE1-v0.1.4.zip'
[17:31:24] [Worker-Main-7/WARN]: Unknown block 'biomesoplenty:orange_sand' in 'matchBlocks' element 'biomesoplenty:orange_sand' at index 45 in file 'biomesoplenty:optifine/ctm/grass_block_side_snow_dirt.properties' in pack 'file/BOPPBR-FULL-RE1-v0.1.4.zip'
[17:31:24] [Worker-Main-7/WARN]: Unknown block 'biomesoplenty:orange_sandstone' in 'matchBlocks' element 'biomesoplenty:orange_sandstone' at index 46 in file 'biomesoplenty:optifine/ctm/grass_block_side_snow_dirt.properties' in pack 'file/BOPPBR-FULL-RE1-v0.1.4.zip'
[17:31:24] [Worker-Main-7/WARN]: Unknown block 'biomesoplenty:cut_orange_sandstone' in 'matchBlocks' element 'biomesoplenty:cut_orange_sandstone' at index 47 in file 'biomesoplenty:optifine/ctm/grass_block_side_snow_dirt.properties' in pack 'file/BOPPBR-FULL-RE1-v0.1.4.zip'
[17:31:24] [Worker-Main-7/WARN]: Unknown block 'biomesoplenty:cut_orange_sandstone_slab' in 'matchBlocks' element 'biomesoplenty:cut_orange_sandstone_slab' at index 48 in file 'biomesoplenty:optifine/ctm/grass_block_side_snow_dirt.properties' in pack 'file/BOPPBR-FULL-RE1-v0.1.4.zip'
[17:31:24] [Worker-Main-7/WARN]: Unknown block 'biomesoplenty:chiseled_orange_sandstone' in 'matchBlocks' element 'biomesoplenty:chiseled_orange_sandstone' at index 49 in file 'biomesoplenty:optifine/ctm/grass_block_side_snow_dirt.properties' in pack 'file/BOPPBR-FULL-RE1-v0.1.4.zip'
[17:31:24] [Worker-Main-7/WARN]: Unknown block 'biomesoplenty:smooth_orange_sandstone' in 'matchBlocks' element 'biomesoplenty:smooth_orange_sandstone' at index 50 in file 'biomesoplenty:optifine/ctm/grass_block_side_snow_dirt.properties' in pack 'file/BOPPBR-FULL-RE1-v0.1.4.zip'
[17:31:24] [Worker-Main-7/WARN]: Unknown block 'biomesoplenty:smooth_orange_sandstone_slab' in 'matchBlocks' element 'biomesoplenty:smooth_orange_sandstone_slab' at index 51 in file 'biomesoplenty:optifine/ctm/grass_block_side_snow_dirt.properties' in pack 'file/BOPPBR-FULL-RE1-v0.1.4.zip'
[17:31:24] [Worker-Main-7/WARN]: Unknown block 'biomesoplenty:orange_sandstone_slab' in 'matchBlocks' element 'biomesoplenty:orange_sandstone_slab' at index 52 in file 'biomesoplenty:optifine/ctm/grass_block_side_snow_dirt.properties' in pack 'file/BOPPBR-FULL-RE1-v0.1.4.zip'
[17:31:24] [Worker-Main-7/WARN]: Unknown block 'biomesoplenty:mossy_black_sand' in 'matchBlocks' element 'biomesoplenty:mossy_black_sand' at index 53 in file 'biomesoplenty:optifine/ctm/grass_block_side_snow_dirt.properties' in pack 'file/BOPPBR-FULL-RE1-v0.1.4.zip'
[17:31:24] [Worker-Main-7/WARN]: Unknown block 'biomesoplenty:black_sand' in 'matchBlocks' element 'biomesoplenty:black_sand' at index 54 in file 'biomesoplenty:optifine/ctm/grass_block_side_snow_dirt.properties' in pack 'file/BOPPBR-FULL-RE1-v0.1.4.zip'
[17:31:24] [Worker-Main-7/WARN]: Unknown block 'biomesoplenty:black_sandstone' in 'matchBlocks' element 'biomesoplenty:black_sandstone' at index 55 in file 'biomesoplenty:optifine/ctm/grass_block_side_snow_dirt.properties' in pack 'file/BOPPBR-FULL-RE1-v0.1.4.zip'
[17:31:24] [Worker-Main-7/WARN]: Unknown block 'biomesoplenty:cut_black_sandstone' in 'matchBlocks' element 'biomesoplenty:cut_black_sandstone' at index 56 in file 'biomesoplenty:optifine/ctm/grass_block_side_snow_dirt.properties' in pack 'file/BOPPBR-FULL-RE1-v0.1.4.zip'
[17:31:24] [Worker-Main-7/WARN]: Unknown block 'biomesoplenty:cut_black_sandstone_slab' in 'matchBlocks' element 'biomesoplenty:cut_black_sandstone_slab' at index 57 in file 'biomesoplenty:optifine/ctm/grass_block_side_snow_dirt.properties' in pack 'file/BOPPBR-FULL-RE1-v0.1.4.zip'
[17:31:24] [Worker-Main-7/WARN]: Unknown block 'biomesoplenty:chiseled_black_sandstone' in 'matchBlocks' element 'biomesoplenty:chiseled_black_sandstone' at index 58 in file 'biomesoplenty:optifine/ctm/grass_block_side_snow_dirt.properties' in pack 'file/BOPPBR-FULL-RE1-v0.1.4.zip'
[17:31:24] [Worker-Main-7/WARN]: Unknown block 'biomesoplenty:smooth_black_sandstone' in 'matchBlocks' element 'biomesoplenty:smooth_black_sandstone' at index 59 in file 'biomesoplenty:optifine/ctm/grass_block_side_snow_dirt.properties' in pack 'file/BOPPBR-FULL-RE1-v0.1.4.zip'
[17:31:24] [Worker-Main-7/WARN]: Unknown block 'biomesoplenty:smooth_black_sandstone_slab' in 'matchBlocks' element 'biomesoplenty:smooth_black_sandstone_slab' at index 60 in file 'biomesoplenty:optifine/ctm/grass_block_side_snow_dirt.properties' in pack 'file/BOPPBR-FULL-RE1-v0.1.4.zip'
[17:31:24] [Worker-Main-7/WARN]: Unknown block 'biomesoplenty:black_sandstone_slab' in 'matchBlocks' element 'biomesoplenty:black_sandstone_slab' at index 61 in file 'biomesoplenty:optifine/ctm/grass_block_side_snow_dirt.properties' in pack 'file/BOPPBR-FULL-RE1-v0.1.4.zip'
[17:31:24] [Worker-Main-7/WARN]: Unknown block 'biomesoplenty:thermal_calcite' in 'matchBlocks' element 'biomesoplenty:thermal_calcite' at index 62 in file 'biomesoplenty:optifine/ctm/grass_block_side_snow_dirt.properties' in pack 'file/BOPPBR-FULL-RE1-v0.1.4.zip'
[17:31:24] [Worker-Main-7/WARN]: Unknown block 'biomesoplenty:thermal_calcite_vent' in 'matchBlocks' element 'biomesoplenty:thermal_calcite_vent' at index 63 in file 'biomesoplenty:optifine/ctm/grass_block_side_snow_dirt.properties' in pack 'file/BOPPBR-FULL-RE1-v0.1.4.zip'
[17:31:24] [Worker-Main-7/WARN]: Unknown block 'biomesoplenty:dried_salt' in 'matchBlocks' element 'biomesoplenty:dried_salt' at index 64 in file 'biomesoplenty:optifine/ctm/grass_block_side_snow_dirt.properties' in pack 'file/BOPPBR-FULL-RE1-v0.1.4.zip'
[17:31:24] [Worker-Main-7/WARN]: Unknown block 'biomesoplenty:flesh' in 'matchBlocks' element 'biomesoplenty:flesh' at index 65 in file 'biomesoplenty:optifine/ctm/grass_block_side_snow_dirt.properties' in pack 'file/BOPPBR-FULL-RE1-v0.1.4.zip'
[17:31:24] [Worker-Main-7/WARN]: Unknown block 'biomesoplenty:porous_flesh' in 'matchBlocks' element 'biomesoplenty:porous_flesh' at index 66 in file 'biomesoplenty:optifine/ctm/grass_block_side_snow_dirt.properties' in pack 'file/BOPPBR-FULL-RE1-v0.1.4.zip'
[17:31:24] [Worker-Main-7/WARN]: Unknown block 'biomesoplenty:brimstone' in 'matchBlocks' element 'biomesoplenty:brimstone' at index 67 in file 'biomesoplenty:optifine/ctm/grass_block_side_snow_dirt.properties' in pack 'file/BOPPBR-FULL-RE1-v0.1.4.zip'
[17:31:24] [Worker-Main-7/WARN]: Unknown block 'biomesoplenty:brimstone_bricks' in 'matchBlocks' element 'biomesoplenty:brimstone_bricks' at index 68 in file 'biomesoplenty:optifine/ctm/grass_block_side_snow_dirt.properties' in pack 'file/BOPPBR-FULL-RE1-v0.1.4.zip'
[17:31:24] [Worker-Main-7/WARN]: Unknown block 'biomesoplenty:brimstone_brick_slab' in 'matchBlocks' element 'biomesoplenty:brimstone_brick_slab' at index 69 in file 'biomesoplenty:optifine/ctm/grass_block_side_snow_dirt.properties' in pack 'file/BOPPBR-FULL-RE1-v0.1.4.zip'
[17:31:24] [Worker-Main-7/WARN]: Unknown block 'biomesoplenty:chiseled_brimstone_bricks' in 'matchBlocks' element 'biomesoplenty:chiseled_brimstone_bricks' at index 70 in file 'biomesoplenty:optifine/ctm/grass_block_side_snow_dirt.properties' in pack 'file/BOPPBR-FULL-RE1-v0.1.4.zip'
[17:31:24] [Worker-Main-7/WARN]: Unknown block 'biomesoplenty:rose_quartz_block' in 'matchBlocks' element 'biomesoplenty:rose_quartz_block' at index 71 in file 'biomesoplenty:optifine/ctm/grass_block_side_snow_dirt.properties' in pack 'file/BOPPBR-FULL-RE1-v0.1.4.zip'
[17:31:24] [Worker-Main-7/WARN]: Unknown block 'biomesoplenty:algal_end_stone' in 'matchBlocks' element 'biomesoplenty:algal_end_stone' at index 72 in file 'biomesoplenty:optifine/ctm/grass_block_side_snow_dirt.properties' in pack 'file/BOPPBR-FULL-RE1-v0.1.4.zip'
[17:31:24] [Worker-Main-7/WARN]: Unknown block 'biomesoplenty:unmapped_end_stone' in 'matchBlocks' element 'biomesoplenty:unmapped_end_stone' at index 73 in file 'biomesoplenty:optifine/ctm/grass_block_side_snow_dirt.properties' in pack 'file/BOPPBR-FULL-RE1-v0.1.4.zip'
[17:31:24] [Worker-Main-7/WARN]: Unknown block 'biomesoplenty:null_end_stone' in 'matchBlocks' element 'biomesoplenty:null_end_stone' at index 74 in file 'biomesoplenty:optifine/ctm/grass_block_side_snow_dirt.properties' in pack 'file/BOPPBR-FULL-RE1-v0.1.4.zip'
[17:31:24] [Worker-Main-7/WARN]: Unknown block 'biomesoplenty:null_block' in 'matchBlocks' element 'biomesoplenty:null_block' at index 75 in file 'biomesoplenty:optifine/ctm/grass_block_side_snow_dirt.properties' in pack 'file/BOPPBR-FULL-RE1-v0.1.4.zip'
[17:31:24] [Worker-Main-7/WARN]: Unknown block 'biomesoplenty:anomaly' in 'matchBlocks' element 'biomesoplenty:anomaly' at index 76 in file 'biomesoplenty:optifine/ctm/grass_block_side_snow_dirt.properties' in pack 'file/BOPPBR-FULL-RE1-v0.1.4.zip'
[17:31:24] [Worker-Main-7/WARN]: Unknown block 'biomesoplenty:toadstool_block' in 'matchBlocks' element 'biomesoplenty:toadstool_block' at index 77 in file 'biomesoplenty:optifine/ctm/grass_block_side_snow_dirt.properties' in pack 'file/BOPPBR-FULL-RE1-v0.1.4.zip'
[17:31:24] [Worker-Main-7/WARN]: Unknown block 'biomesoplenty:glowshroom_block' in 'matchBlocks' element 'biomesoplenty:glowshroom_block' at index 78 in file 'biomesoplenty:optifine/ctm/grass_block_side_snow_dirt.properties' in pack 'file/BOPPBR-FULL-RE1-v0.1.4.zip'
[17:31:24] [Worker-Main-7/WARN]: Unknown block 'biomesoplenty:glowing_moss_block' in 'matchBlocks' element 'biomesoplenty:glowing_moss_block' at index 79 in file 'biomesoplenty:optifine/ctm/grass_block_side_snow_dirt.properties' in pack 'file/BOPPBR-FULL-RE1-v0.1.4.zip'
[17:31:24] [Worker-Main-7/WARN]: Unknown block 'biomesoplenty:origin_grass_block' in 'matchBlocks' element 'biomesoplenty:origin_grass_block' at index 80 in file 'biomesoplenty:optifine/ctm/grass_block_side_snow_dirt.properties' in pack 'file/BOPPBR-FULL-RE1-v0.1.4.zip'
[17:31:24] [Worker-Main-7/WARN]: Unknown block 'biomesoplenty:white_flower_petal_block' in 'matchBlocks' element 'biomesoplenty:white_flower_petal_block' at index 81 in file 'biomesoplenty:optifine/ctm/grass_block_side_snow_dirt.properties' in pack 'file/BOPPBR-FULL-RE1-v0.1.4.zip'
[17:31:24] [Worker-Main-7/WARN]: Unknown block 'biomesoplenty:light_gray_flower_petal_block' in 'matchBlocks' element 'biomesoplenty:light_gray_flower_petal_block' at index 82 in file 'biomesoplenty:optifine/ctm/grass_block_side_snow_dirt.properties' in pack 'file/BOPPBR-FULL-RE1-v0.1.4.zip'
[17:31:24] [Worker-Main-7/WARN]: Unknown block 'biomesoplenty:gray_flower_petal_block' in 'matchBlocks' element 'biomesoplenty:gray_flower_petal_block' at index 83 in file 'biomesoplenty:optifine/ctm/grass_block_side_snow_dirt.properties' in pack 'file/BOPPBR-FULL-RE1-v0.1.4.zip'
[17:31:24] [Worker-Main-7/WARN]: Unknown block 'biomesoplenty:black_flower_petal_block' in 'matchBlocks' element 'biomesoplenty:black_flower_petal_block' at index 84 in file 'biomesoplenty:optifine/ctm/grass_block_side_snow_dirt.properties' in pack 'file/BOPPBR-FULL-RE1-v0.1.4.zip'
[17:31:24] [Worker-Main-7/WARN]: Unknown block 'biomesoplenty:brown_flower_petal_block' in 'matchBlocks' element 'biomesoplenty:brown_flower_petal_block' at index 85 in file 'biomesoplenty:optifine/ctm/grass_block_side_snow_dirt.properties' in pack 'file/BOPPBR-FULL-RE1-v0.1.4.zip'
[17:31:24] [Worker-Main-7/WARN]: Unknown block 'biomesoplenty:red_flower_petal_block' in 'matchBlocks' element 'biomesoplenty:red_flower_petal_block' at index 86 in file 'biomesoplenty:optifine/ctm/grass_block_side_snow_dirt.properties' in pack 'file/BOPPBR-FULL-RE1-v0.1.4.zip'
[17:31:24] [Worker-Main-7/WARN]: Unknown block 'biomesoplenty:orange_flower_petal_block' in 'matchBlocks' element 'biomesoplenty:orange_flower_petal_block' at index 87 in file 'biomesoplenty:optifine/ctm/grass_block_side_snow_dirt.properties' in pack 'file/BOPPBR-FULL-RE1-v0.1.4.zip'
[17:31:24] [Worker-Main-7/WARN]: Unknown block 'biomesoplenty:yellow_flower_petal_block' in 'matchBlocks' element 'biomesoplenty:yellow_flower_petal_block' at index 88 in file 'biomesoplenty:optifine/ctm/grass_block_side_snow_dirt.properties' in pack 'file/BOPPBR-FULL-RE1-v0.1.4.zip'
[17:31:24] [Worker-Main-7/WARN]: Unknown block 'biomesoplenty:lime_flower_petal_block' in 'matchBlocks' element 'biomesoplenty:lime_flower_petal_block' at index 89 in file 'biomesoplenty:optifine/ctm/grass_block_side_snow_dirt.properties' in pack 'file/BOPPBR-FULL-RE1-v0.1.4.zip'
[17:31:24] [Worker-Main-7/WARN]: Unknown block 'biomesoplenty:green_flower_petal_block' in 'matchBlocks' element 'biomesoplenty:green_flower_petal_block' at index 90 in file 'biomesoplenty:optifine/ctm/grass_block_side_snow_dirt.properties' in pack 'file/BOPPBR-FULL-RE1-v0.1.4.zip'
[17:31:24] [Worker-Main-7/WARN]: Unknown block 'biomesoplenty:cyan_flower_petal_block' in 'matchBlocks' element 'biomesoplenty:cyan_flower_petal_block' at index 91 in file 'biomesoplenty:optifine/ctm/grass_block_side_snow_dirt.properties' in pack 'file/BOPPBR-FULL-RE1-v0.1.4.zip'
[17:31:24] [Worker-Main-7/WARN]: Unknown block 'biomesoplenty:light_blue_flower_petal_block' in 'matchBlocks' element 'biomesoplenty:light_blue_flower_petal_block' at index 92 in file 'biomesoplenty:optifine/ctm/grass_block_side_snow_dirt.properties' in pack 'file/BOPPBR-FULL-RE1-v0.1.4.zip'
[17:31:24] [Worker-Main-7/WARN]: Unknown block 'biomesoplenty:blue_flower_petal_block' in 'matchBlocks' element 'biomesoplenty:blue_flower_petal_block' at index 93 in file 'biomesoplenty:optifine/ctm/grass_block_side_snow_dirt.properties' in pack 'file/BOPPBR-FULL-RE1-v0.1.4.zip'
[17:31:24] [Worker-Main-7/WARN]: Unknown block 'biomesoplenty:purple_flower_petal_block' in 'matchBlocks' element 'biomesoplenty:purple_flower_petal_block' at index 94 in file 'biomesoplenty:optifine/ctm/grass_block_side_snow_dirt.properties' in pack 'file/BOPPBR-FULL-RE1-v0.1.4.zip'
[17:31:24] [Worker-Main-7/WARN]: Unknown block 'biomesoplenty:magenta_flower_petal_block' in 'matchBlocks' element 'biomesoplenty:magenta_flower_petal_block' at index 95 in file 'biomesoplenty:optifine/ctm/grass_block_side_snow_dirt.properties' in pack 'file/BOPPBR-FULL-RE1-v0.1.4.zip'
[17:31:24] [Worker-Main-7/WARN]: Unknown block 'biomesoplenty:pink_flower_petal_block' in 'matchBlocks' element 'biomesoplenty:pink_flower_petal_block' at index 96 in file 'biomesoplenty:optifine/ctm/grass_block_side_snow_dirt.properties' in pack 'file/BOPPBR-FULL-RE1-v0.1.4.zip'
[17:31:24] [Worker-Main-7/WARN]: Unknown block 'biomesoplenty:flower_stem' in 'matchBlocks' element 'biomesoplenty:flower_stem' at index 97 in file 'biomesoplenty:optifine/ctm/grass_block_side_snow_dirt.properties' in pack 'file/BOPPBR-FULL-RE1-v0.1.4.zip'
[17:31:24] [Worker-Main-7/WARN]: Unknown block 'biomesoplenty:origin_oak_log' in 'matchBlocks' element 'biomesoplenty:origin_oak_log' at index 98 in file 'biomesoplenty:optifine/ctm/grass_block_side_snow_dirt.properties' in pack 'file/BOPPBR-FULL-RE1-v0.1.4.zip'
[17:31:24] [Worker-Main-7/WARN]: Unknown block 'biomesoplenty:stripped_origin_oak_log' in 'matchBlocks' element 'biomesoplenty:stripped_origin_oak_log' at index 99 in file 'biomesoplenty:optifine/ctm/grass_block_side_snow_dirt.properties' in pack 'file/BOPPBR-FULL-RE1-v0.1.4.zip'
[17:31:24] [Worker-Main-7/WARN]: Unknown block 'biomesoplenty:origin_oak_wood' in 'matchBlocks' element 'biomesoplenty:origin_oak_wood' at index 100 in file 'biomesoplenty:optifine/ctm/grass_block_side_snow_dirt.properties' in pack 'file/BOPPBR-FULL-RE1-v0.1.4.zip'
[17:31:24] [Worker-Main-7/WARN]: Unknown block 'biomesoplenty:stripped_origin_oak_wood' in 'matchBlocks' element 'biomesoplenty:stripped_origin_oak_wood' at index 101 in file 'biomesoplenty:optifine/ctm/grass_block_side_snow_dirt.properties' in pack 'file/BOPPBR-FULL-RE1-v0.1.4.zip'
[17:31:24] [Worker-Main-7/WARN]: Unknown block 'biomesoplenty:origin_oak_planks' in 'matchBlocks' element 'biomesoplenty:origin_oak_planks' at index 102 in file 'biomesoplenty:optifine/ctm/grass_block_side_snow_dirt.properties' in pack 'file/BOPPBR-FULL-RE1-v0.1.4.zip'
[17:31:24] [Worker-Main-7/WARN]: Unknown block 'biomesoplenty:origin_oak_slab' in 'matchBlocks' element 'biomesoplenty:origin_oak_slab' at index 103 in file 'biomesoplenty:optifine/ctm/grass_block_side_snow_dirt.properties' in pack 'file/BOPPBR-FULL-RE1-v0.1.4.zip'
[17:31:24] [Worker-Main-7/WARN]: Unknown block 'biomesoplenty:fir_log' in 'matchBlocks' element 'biomesoplenty:fir_log' at index 104 in file 'biomesoplenty:optifine/ctm/grass_block_side_snow_dirt.properties' in pack 'file/BOPPBR-FULL-RE1-v0.1.4.zip'
[17:31:24] [Worker-Main-7/WARN]: Unknown block 'biomesoplenty:stripped_fir_log' in 'matchBlocks' element 'biomesoplenty:stripped_fir_log' at index 105 in file 'biomesoplenty:optifine/ctm/grass_block_side_snow_dirt.properties' in pack 'file/BOPPBR-FULL-RE1-v0.1.4.zip'
[17:31:24] [Worker-Main-7/WARN]: Unknown block 'biomesoplenty:fir_wood' in 'matchBlocks' element 'biomesoplenty:fir_wood' at index 106 in file 'biomesoplenty:optifine/ctm/grass_block_side_snow_dirt.properties' in pack 'file/BOPPBR-FULL-RE1-v0.1.4.zip'
[17:31:24] [Worker-Main-7/WARN]: Unknown block 'biomesoplenty:stripped_fir_wood' in 'matchBlocks' element 'biomesoplenty:stripped_fir_wood' at index 107 in file 'biomesoplenty:optifine/ctm/grass_block_side_snow_dirt.properties' in pack 'file/BOPPBR-FULL-RE1-v0.1.4.zip'
[17:31:24] [Worker-Main-7/WARN]: Unknown block 'biomesoplenty:fir_planks' in 'matchBlocks' element 'biomesoplenty:fir_planks' at index 108 in file 'biomesoplenty:optifine/ctm/grass_block_side_snow_dirt.properties' in pack 'file/BOPPBR-FULL-RE1-v0.1.4.zip'
[17:31:24] [Worker-Main-7/WARN]: Unknown block 'biomesoplenty:fir_slab' in 'matchBlocks' element 'biomesoplenty:fir_slab' at index 109 in file 'biomesoplenty:optifine/ctm/grass_block_side_snow_dirt.properties' in pack 'file/BOPPBR-FULL-RE1-v0.1.4.zip'
[17:31:24] [Worker-Main-7/WARN]: Unknown block 'biomesoplenty:pine_log' in 'matchBlocks' element 'biomesoplenty:pine_log' at index 110 in file 'biomesoplenty:optifine/ctm/grass_block_side_snow_dirt.properties' in pack 'file/BOPPBR-FULL-RE1-v0.1.4.zip'
[17:31:24] [Worker-Main-7/WARN]: Unknown block 'biomesoplenty:stripped_pine_log' in 'matchBlocks' element 'biomesoplenty:stripped_pine_log' at index 111 in file 'biomesoplenty:optifine/ctm/grass_block_side_snow_dirt.properties' in pack 'file/BOPPBR-FULL-RE1-v0.1.4.zip'
[17:31:24] [Worker-Main-7/WARN]: Unknown block 'biomesoplenty:pine_wood' in 'matchBlocks' element 'biomesoplenty:pine_wood' at index 112 in file 'biomesoplenty:optifine/ctm/grass_block_side_snow_dirt.properties' in pack 'file/BOPPBR-FULL-RE1-v0.1.4.zip'
[17:31:24] [Worker-Main-7/WARN]: Unknown block 'biomesoplenty:stripped_pine_wood' in 'matchBlocks' element 'biomesoplenty:stripped_pine_wood' at index 113 in file 'biomesoplenty:optifine/ctm/grass_block_side_snow_dirt.properties' in pack 'file/BOPPBR-FULL-RE1-v0.1.4.zip'
[17:31:24] [Worker-Main-7/WARN]: Unknown block 'biomesoplenty:pine_planks' in 'matchBlocks' element 'biomesoplenty:pine_planks' at index 114 in file 'biomesoplenty:optifine/ctm/grass_block_side_snow_dirt.properties' in pack 'file/BOPPBR-FULL-RE1-v0.1.4.zip'
[17:31:24] [Worker-Main-7/WARN]: Unknown block 'biomesoplenty:pine_slab' in 'matchBlocks' element 'biomesoplenty:pine_slab' at index 115 in file 'biomesoplenty:optifine/ctm/grass_block_side_snow_dirt.properties' in pack 'file/BOPPBR-FULL-RE1-v0.1.4.zip'
[17:31:24] [Worker-Main-7/WARN]: Unknown block 'biomesoplenty:maple_log' in 'matchBlocks' element 'biomesoplenty:maple_log' at index 116 in file 'biomesoplenty:optifine/ctm/grass_block_side_snow_dirt.properties' in pack 'file/BOPPBR-FULL-RE1-v0.1.4.zip'
[17:31:24] [Worker-Main-7/WARN]: Unknown block 'biomesoplenty:stripped_maple_log' in 'matchBlocks' element 'biomesoplenty:stripped_maple_log' at index 117 in file 'biomesoplenty:optifine/ctm/grass_block_side_snow_dirt.properties' in pack 'file/BOPPBR-FULL-RE1-v0.1.4.zip'
[17:31:24] [Worker-Main-7/WARN]: Unknown block 'biomesoplenty:maple_wood' in 'matchBlocks' element 'biomesoplenty:maple_wood' at index 118 in file 'biomesoplenty:optifine/ctm/grass_block_side_snow_dirt.properties' in pack 'file/BOPPBR-FULL-RE1-v0.1.4.zip'
[17:31:24] [Worker-Main-7/WARN]: Unknown block 'biomesoplenty:stripped_maple_wood' in 'matchBlocks' element 'biomesoplenty:stripped_maple_wood' at index 119 in file 'biomesoplenty:optifine/ctm/grass_block_side_snow_dirt.properties' in pack 'file/BOPPBR-FULL-RE1-v0.1.4.zip'
[17:31:24] [Worker-Main-7/WARN]: Unknown block 'biomesoplenty:maple_planks' in 'matchBlocks' element 'biomesoplenty:maple_planks' at index 120 in file 'biomesoplenty:optifine/ctm/grass_block_side_snow_dirt.properties' in pack 'file/BOPPBR-FULL-RE1-v0.1.4.zip'
[17:31:24] [Worker-Main-7/WARN]: Unknown block 'biomesoplenty:maple_slab' in 'matchBlocks' element 'biomesoplenty:maple_slab' at index 121 in file 'biomesoplenty:optifine/ctm/grass_block_side_snow_dirt.properties' in pack 'file/BOPPBR-FULL-RE1-v0.1.4.zip'
[17:31:24] [Worker-Main-7/WARN]: Unknown block 'biomesoplenty:redwood_log' in 'matchBlocks' element 'biomesoplenty:redwood_log' at index 122 in file 'biomesoplenty:optifine/ctm/grass_block_side_snow_dirt.properties' in pack 'file/BOPPBR-FULL-RE1-v0.1.4.zip'
[17:31:24] [Worker-Main-7/WARN]: Unknown block 'biomesoplenty:stripped_redwood_log' in 'matchBlocks' element 'biomesoplenty:stripped_redwood_log' at index 123 in file 'biomesoplenty:optifine/ctm/grass_block_side_snow_dirt.properties' in pack 'file/BOPPBR-FULL-RE1-v0.1.4.zip'
[17:31:24] [Worker-Main-7/WARN]: Unknown block 'biomesoplenty:redwood_wood' in 'matchBlocks' element 'biomesoplenty:redwood_wood' at index 124 in file 'biomesoplenty:optifine/ctm/grass_block_side_snow_dirt.properties' in pack 'file/BOPPBR-FULL-RE1-v0.1.4.zip'
[17:31:24] [Worker-Main-7/WARN]: Unknown block 'biomesoplenty:stripped_redwood_wood' in 'matchBlocks' element 'biomesoplenty:stripped_redwood_wood' at index 125 in file 'biomesoplenty:optifine/ctm/grass_block_side_snow_dirt.properties' in pack 'file/BOPPBR-FULL-RE1-v0.1.4.zip'
[17:31:24] [Worker-Main-7/WARN]: Unknown block 'biomesoplenty:redwood_planks' in 'matchBlocks' element 'biomesoplenty:redwood_planks' at index 126 in file 'biomesoplenty:optifine/ctm/grass_block_side_snow_dirt.properties' in pack 'file/BOPPBR-FULL-RE1-v0.1.4.zip'
[17:31:24] [Worker-Main-7/WARN]: Unknown block 'biomesoplenty:redwood_slab' in 'matchBlocks' element 'biomesoplenty:redwood_slab' at index 127 in file 'biomesoplenty:optifine/ctm/grass_block_side_snow_dirt.properties' in pack 'file/BOPPBR-FULL-RE1-v0.1.4.zip'
[17:31:24] [Worker-Main-7/WARN]: Unknown block 'biomesoplenty:mahogany_log' in 'matchBlocks' element 'biomesoplenty:mahogany_log' at index 128 in file 'biomesoplenty:optifine/ctm/grass_block_side_snow_dirt.properties' in pack 'file/BOPPBR-FULL-RE1-v0.1.4.zip'
[17:31:24] [Worker-Main-7/WARN]: Unknown block 'biomesoplenty:stripped_mahogany_log' in 'matchBlocks' element 'biomesoplenty:stripped_mahogany_log' at index 129 in file 'biomesoplenty:optifine/ctm/grass_block_side_snow_dirt.properties' in pack 'file/BOPPBR-FULL-RE1-v0.1.4.zip'
[17:31:24] [Worker-Main-7/WARN]: Unknown block 'biomesoplenty:mahogany_wood' in 'matchBlocks' element 'biomesoplenty:mahogany_wood' at index 130 in file 'biomesoplenty:optifine/ctm/grass_block_side_snow_dirt.properties' in pack 'file/BOPPBR-FULL-RE1-v0.1.4.zip'
[17:31:24] [Worker-Main-7/WARN]: Unknown block 'biomesoplenty:stripped_mahogany_wood' in 'matchBlocks' element 'biomesoplenty:stripped_mahogany_wood' at index 131 in file 'biomesoplenty:optifine/ctm/grass_block_side_snow_dirt.properties' in pack 'file/BOPPBR-FULL-RE1-v0.1.4.zip'
[17:31:24] [Worker-Main-7/WARN]: Unknown block 'biomesoplenty:mahogany_planks' in 'matchBlocks' element 'biomesoplenty:mahogany_planks' at index 132 in file 'biomesoplenty:optifine/ctm/grass_block_side_snow_dirt.properties' in pack 'file/BOPPBR-FULL-RE1-v0.1.4.zip'
[17:31:24] [Worker-Main-7/WARN]: Unknown block 'biomesoplenty:mahogany_slab' in 'matchBlocks' element 'biomesoplenty:mahogany_slab' at index 133 in file 'biomesoplenty:optifine/ctm/grass_block_side_snow_dirt.properties' in pack 'file/BOPPBR-FULL-RE1-v0.1.4.zip'
[17:31:24] [Worker-Main-7/WARN]: Unknown block 'biomesoplenty:jacaranda_log' in 'matchBlocks' element 'biomesoplenty:jacaranda_log' at index 134 in file 'biomesoplenty:optifine/ctm/grass_block_side_snow_dirt.properties' in pack 'file/BOPPBR-FULL-RE1-v0.1.4.zip'
[17:31:24] [Worker-Main-7/WARN]: Unknown block 'biomesoplenty:stripped_jacaranda_log' in 'matchBlocks' element 'biomesoplenty:stripped_jacaranda_log' at index 135 in file 'biomesoplenty:optifine/ctm/grass_block_side_snow_dirt.properties' in pack 'file/BOPPBR-FULL-RE1-v0.1.4.zip'
[17:31:24] [Worker-Main-7/WARN]: Unknown block 'biomesoplenty:jacaranda_wood' in 'matchBlocks' element 'biomesoplenty:jacaranda_wood' at index 136 in file 'biomesoplenty:optifine/ctm/grass_block_side_snow_dirt.properties' in pack 'file/BOPPBR-FULL-RE1-v0.1.4.zip'
[17:31:24] [Worker-Main-7/WARN]: Unknown block 'biomesoplenty:stripped_jacaranda_wood' in 'matchBlocks' element 'biomesoplenty:stripped_jacaranda_wood' at index 137 in file 'biomesoplenty:optifine/ctm/grass_block_side_snow_dirt.properties' in pack 'file/BOPPBR-FULL-RE1-v0.1.4.zip'
[17:31:24] [Worker-Main-7/WARN]: Unknown block 'biomesoplenty:jacaranda_planks' in 'matchBlocks' element 'biomesoplenty:jacaranda_planks' at index 138 in file 'biomesoplenty:optifine/ctm/grass_block_side_snow_dirt.properties' in pack 'file/BOPPBR-FULL-RE1-v0.1.4.zip'
[17:31:24] [Worker-Main-7/WARN]: Unknown block 'biomesoplenty:jacaranda_slab' in 'matchBlocks' element 'biomesoplenty:jacaranda_slab' at index 139 in file 'biomesoplenty:optifine/ctm/grass_block_side_snow_dirt.properties' in pack 'file/BOPPBR-FULL-RE1-v0.1.4.zip'
[17:31:24] [Worker-Main-7/WARN]: Unknown block 'biomesoplenty:palm_log' in 'matchBlocks' element 'biomesoplenty:palm_log' at index 140 in file 'biomesoplenty:optifine/ctm/grass_block_side_snow_dirt.properties' in pack 'file/BOPPBR-FULL-RE1-v0.1.4.zip'
[17:31:24] [Worker-Main-7/WARN]: Unknown block 'biomesoplenty:stripped_palm_log' in 'matchBlocks' element 'biomesoplenty:stripped_palm_log' at index 141 in file 'biomesoplenty:optifine/ctm/grass_block_side_snow_dirt.properties' in pack 'file/BOPPBR-FULL-RE1-v0.1.4.zip'
[17:31:24] [Worker-Main-7/WARN]: Unknown block 'biomesoplenty:palm_wood' in 'matchBlocks' element 'biomesoplenty:palm_wood' at index 142 in file 'biomesoplenty:optifine/ctm/grass_block_side_snow_dirt.properties' in pack 'file/BOPPBR-FULL-RE1-v0.1.4.zip'
[17:31:24] [Worker-Main-7/WARN]: Unknown block 'biomesoplenty:stripped_palm_wood' in 'matchBlocks' element 'biomesoplenty:stripped_palm_wood' at index 143 in file 'biomesoplenty:optifine/ctm/grass_block_side_snow_dirt.properties' in pack 'file/BOPPBR-FULL-RE1-v0.1.4.zip'
[17:31:24] [Worker-Main-7/WARN]: Unknown block 'biomesoplenty:palm_planks' in 'matchBlocks' element 'biomesoplenty:palm_planks' at index 144 in file 'biomesoplenty:optifine/ctm/grass_block_side_snow_dirt.properties' in pack 'file/BOPPBR-FULL-RE1-v0.1.4.zip'
[17:31:24] [Worker-Main-7/WARN]: Unknown block 'biomesoplenty:palm_slab' in 'matchBlocks' element 'biomesoplenty:palm_slab' at index 145 in file 'biomesoplenty:optifine/ctm/grass_block_side_snow_dirt.properties' in pack 'file/BOPPBR-FULL-RE1-v0.1.4.zip'
[17:31:24] [Worker-Main-7/WARN]: Unknown block 'biomesoplenty:willow_log' in 'matchBlocks' element 'biomesoplenty:willow_log' at index 146 in file 'biomesoplenty:optifine/ctm/grass_block_side_snow_dirt.properties' in pack 'file/BOPPBR-FULL-RE1-v0.1.4.zip'
[17:31:24] [Worker-Main-7/WARN]: Unknown block 'biomesoplenty:stripped_willow_log' in 'matchBlocks' element 'biomesoplenty:stripped_willow_log' at index 147 in file 'biomesoplenty:optifine/ctm/grass_block_side_snow_dirt.properties' in pack 'file/BOPPBR-FULL-RE1-v0.1.4.zip'
[17:31:24] [Worker-Main-7/WARN]: Unknown block 'biomesoplenty:willow_wood' in 'matchBlocks' element 'biomesoplenty:willow_wood' at index 148 in file 'biomesoplenty:optifine/ctm/grass_block_side_snow_dirt.properties' in pack 'file/BOPPBR-FULL-RE1-v0.1.4.zip'
[17:31:24] [Worker-Main-7/WARN]: Unknown block 'biomesoplenty:stripped_willow_wood' in 'matchBlocks' element 'biomesoplenty:stripped_willow_wood' at index 149 in file 'biomesoplenty:optifine/ctm/grass_block_side_snow_dirt.properties' in pack 'file/BOPPBR-FULL-RE1-v0.1.4.zip'
[17:31:24] [Worker-Main-7/WARN]: Unknown block 'biomesoplenty:willow_planks' in 'matchBlocks' element 'biomesoplenty:willow_planks' at index 150 in file 'biomesoplenty:optifine/ctm/grass_block_side_snow_dirt.properties' in pack 'file/BOPPBR-FULL-RE1-v0.1.4.zip'
[17:31:24] [Worker-Main-7/WARN]: Unknown block 'biomesoplenty:willow_slab' in 'matchBlocks' element 'biomesoplenty:willow_slab' at index 151 in file 'biomesoplenty:optifine/ctm/grass_block_side_snow_dirt.properties' in pack 'file/BOPPBR-FULL-RE1-v0.1.4.zip'
[17:31:24] [Worker-Main-7/WARN]: Unknown block 'biomesoplenty:magic_log' in 'matchBlocks' element 'biomesoplenty:magic_log' at index 152 in file 'biomesoplenty:optifine/ctm/grass_block_side_snow_dirt.properties' in pack 'file/BOPPBR-FULL-RE1-v0.1.4.zip'
[17:31:24] [Worker-Main-7/WARN]: Unknown block 'biomesoplenty:stripped_magic_log' in 'matchBlocks' element 'biomesoplenty:stripped_magic_log' at index 153 in file 'biomesoplenty:optifine/ctm/grass_block_side_snow_dirt.properties' in pack 'file/BOPPBR-FULL-RE1-v0.1.4.zip'
[17:31:24] [Worker-Main-7/WARN]: Unknown block 'biomesoplenty:magic_wood' in 'matchBlocks' element 'biomesoplenty:magic_wood' at index 154 in file 'biomesoplenty:optifine/ctm/grass_block_side_snow_dirt.properties' in pack 'file/BOPPBR-FULL-RE1-v0.1.4.zip'
[17:31:24] [Worker-Main-7/WARN]: Unknown block 'biomesoplenty:stripped_magic_wood' in 'matchBlocks' element 'biomesoplenty:stripped_magic_wood' at index 155 in file 'biomesoplenty:optifine/ctm/grass_block_side_snow_dirt.properties' in pack 'file/BOPPBR-FULL-RE1-v0.1.4.zip'
[17:31:24] [Worker-Main-7/WARN]: Unknown block 'biomesoplenty:magic_planks' in 'matchBlocks' element 'biomesoplenty:magic_planks' at index 156 in file 'biomesoplenty:optifine/ctm/grass_block_side_snow_dirt.properties' in pack 'file/BOPPBR-FULL-RE1-v0.1.4.zip'
[17:31:24] [Worker-Main-7/WARN]: Unknown block 'biomesoplenty:magic_slab' in 'matchBlocks' element 'biomesoplenty:magic_slab' at index 157 in file 'biomesoplenty:optifine/ctm/grass_block_side_snow_dirt.properties' in pack 'file/BOPPBR-FULL-RE1-v0.1.4.zip'
[17:31:24] [Worker-Main-7/WARN]: Unknown block 'biomesoplenty:umbran_log' in 'matchBlocks' element 'biomesoplenty:umbran_log' at index 158 in file 'biomesoplenty:optifine/ctm/grass_block_side_snow_dirt.properties' in pack 'file/BOPPBR-FULL-RE1-v0.1.4.zip'
[17:31:24] [Worker-Main-7/WARN]: Unknown block 'biomesoplenty:stripped_umbran_log' in 'matchBlocks' element 'biomesoplenty:stripped_umbran_log' at index 159 in file 'biomesoplenty:optifine/ctm/grass_block_side_snow_dirt.properties' in pack 'file/BOPPBR-FULL-RE1-v0.1.4.zip'
[17:31:24] [Worker-Main-7/WARN]: Unknown block 'biomesoplenty:umbran_wood' in 'matchBlocks' element 'biomesoplenty:umbran_wood' at index 160 in file 'biomesoplenty:optifine/ctm/grass_block_side_snow_dirt.properties' in pack 'file/BOPPBR-FULL-RE1-v0.1.4.zip'
[17:31:24] [Worker-Main-7/WARN]: Unknown block 'biomesoplenty:stripped_umbran_wood' in 'matchBlocks' element 'biomesoplenty:stripped_umbran_wood' at index 161 in file 'biomesoplenty:optifine/ctm/grass_block_side_snow_dirt.properties' in pack 'file/BOPPBR-FULL-RE1-v0.1.4.zip'
[17:31:24] [Worker-Main-7/WARN]: Unknown block 'biomesoplenty:umbran_planks' in 'matchBlocks' element 'biomesoplenty:umbran_planks' at index 162 in file 'biomesoplenty:optifine/ctm/grass_block_side_snow_dirt.properties' in pack 'file/BOPPBR-FULL-RE1-v0.1.4.zip'
[17:31:24] [Worker-Main-7/WARN]: Unknown block 'biomesoplenty:umbran_slab' in 'matchBlocks' element 'biomesoplenty:umbran_slab' at index 163 in file 'biomesoplenty:optifine/ctm/grass_block_side_snow_dirt.properties' in pack 'file/BOPPBR-FULL-RE1-v0.1.4.zip'
[17:31:24] [Worker-Main-7/WARN]: Unknown block 'biomesoplenty:hellbark_log' in 'matchBlocks' element 'biomesoplenty:hellbark_log' at index 164 in file 'biomesoplenty:optifine/ctm/grass_block_side_snow_dirt.properties' in pack 'file/BOPPBR-FULL-RE1-v0.1.4.zip'
[17:31:24] [Worker-Main-7/WARN]: Unknown block 'biomesoplenty:stripped_hellbark_log' in 'matchBlocks' element 'biomesoplenty:stripped_hellbark_log' at index 165 in file 'biomesoplenty:optifine/ctm/grass_block_side_snow_dirt.properties' in pack 'file/BOPPBR-FULL-RE1-v0.1.4.zip'
[17:31:24] [Worker-Main-7/WARN]: Unknown block 'biomesoplenty:hellbark_wood' in 'matchBlocks' element 'biomesoplenty:hellbark_wood' at index 166 in file 'biomesoplenty:optifine/ctm/grass_block_side_snow_dirt.properties' in pack 'file/BOPPBR-FULL-RE1-v0.1.4.zip'
[17:31:24] [Worker-Main-7/WARN]: Unknown block 'biomesoplenty:stripped_hellbark_wood' in 'matchBlocks' element 'biomesoplenty:stripped_hellbark_wood' at index 167 in file 'biomesoplenty:optifine/ctm/grass_block_side_snow_dirt.properties' in pack 'file/BOPPBR-FULL-RE1-v0.1.4.zip'
[17:31:24] [Worker-Main-7/WARN]: Unknown block 'biomesoplenty:hellbark_planks' in 'matchBlocks' element 'biomesoplenty:hellbark_planks' at index 168 in file 'biomesoplenty:optifine/ctm/grass_block_side_snow_dirt.properties' in pack 'file/BOPPBR-FULL-RE1-v0.1.4.zip'
[17:31:24] [Worker-Main-7/WARN]: Unknown block 'biomesoplenty:hellbark_slab' in 'matchBlocks' element 'biomesoplenty:hellbark_slab' at index 169 in file 'biomesoplenty:optifine/ctm/grass_block_side_snow_dirt.properties' in pack 'file/BOPPBR-FULL-RE1-v0.1.4.zip'
[17:31:24] [Worker-Main-7/WARN]: Unknown block 'biomesoplenty:empyreal_log' in 'matchBlocks' element 'biomesoplenty:empyreal_log' at index 170 in file 'biomesoplenty:optifine/ctm/grass_block_side_snow_dirt.properties' in pack 'file/BOPPBR-FULL-RE1-v0.1.4.zip'
[17:31:24] [Worker-Main-7/WARN]: Unknown block 'biomesoplenty:stripped_empyreal_log' in 'matchBlocks' element 'biomesoplenty:stripped_empyreal_log' at index 171 in file 'biomesoplenty:optifine/ctm/grass_block_side_snow_dirt.properties' in pack 'file/BOPPBR-FULL-RE1-v0.1.4.zip'
[17:31:24] [Worker-Main-7/WARN]: Unknown block 'biomesoplenty:empyreal_wood' in 'matchBlocks' element 'biomesoplenty:empyreal_wood' at index 172 in file 'biomesoplenty:optifine/ctm/grass_block_side_snow_dirt.properties' in pack 'file/BOPPBR-FULL-RE1-v0.1.4.zip'
[17:31:24] [Worker-Main-7/WARN]: Unknown block 'biomesoplenty:stripped_empyreal_wood' in 'matchBlocks' element 'biomesoplenty:stripped_empyreal_wood' at index 173 in file 'biomesoplenty:optifine/ctm/grass_block_side_snow_dirt.properties' in pack 'file/BOPPBR-FULL-RE1-v0.1.4.zip'
[17:31:24] [Worker-Main-7/WARN]: Unknown block 'biomesoplenty:empyreal_planks' in 'matchBlocks' element 'biomesoplenty:empyreal_planks' at index 174 in file 'biomesoplenty:optifine/ctm/grass_block_side_snow_dirt.properties' in pack 'file/BOPPBR-FULL-RE1-v0.1.4.zip'
[17:31:24] [Worker-Main-7/WARN]: Unknown block 'biomesoplenty:empyreal_slab' in 'matchBlocks' element 'biomesoplenty:empyreal_slab' at index 175 in file 'biomesoplenty:optifine/ctm/grass_block_side_snow_dirt.properties' in pack 'file/BOPPBR-FULL-RE1-v0.1.4.zip'
[17:31:24] [Worker-Main-7/WARN]: Unknown block 'minecraft:powder_snow_block' in 'matchBlocks' element 'powder_snow_block' at index 40 in file 'biomesoplenty:optifine/ctm/grass_block_snow_top.properties' in pack 'file/BOPPBR-FULL-RE1-v0.1.4.zip'
[17:31:24] [Worker-Main-7/WARN]: Unknown block 'biomesoplenty:white_sand' in 'matchBlocks' element 'biomesoplenty:white_sand' at index 41 in file 'biomesoplenty:optifine/ctm/grass_block_snow_top.properties' in pack 'file/BOPPBR-FULL-RE1-v0.1.4.zip'
[17:31:24] [Worker-Main-7/WARN]: Unknown block 'biomesoplenty:white_sandstone' in 'matchBlocks' element 'biomesoplenty:white_sandstone' at index 42 in file 'biomesoplenty:optifine/ctm/grass_block_snow_top.properties' in pack 'file/BOPPBR-FULL-RE1-v0.1.4.zip'
[17:31:24] [Worker-Main-7/WARN]: Unknown block 'biomesoplenty:cut_white_sandstone' in 'matchBlocks' element 'biomesoplenty:cut_white_sandstone' at index 43 in file 'biomesoplenty:optifine/ctm/grass_block_snow_top.properties' in pack 'file/BOPPBR-FULL-RE1-v0.1.4.zip'
[17:31:24] [Worker-Main-7/WARN]: Unknown block 'biomesoplenty:cut_white_sandstone_slab' in 'matchBlocks' element 'biomesoplenty:cut_white_sandstone_slab' at index 44 in file 'biomesoplenty:optifine/ctm/grass_block_snow_top.properties' in pack 'file/BOPPBR-FULL-RE1-v0.1.4.zip'
[17:31:24] [Worker-Main-7/WARN]: Unknown block 'biomesoplenty:chiseled_white_sandstone' in 'matchBlocks' element 'biomesoplenty:chiseled_white_sandstone' at index 45 in file 'biomesoplenty:optifine/ctm/grass_block_snow_top.properties' in pack 'file/BOPPBR-FULL-RE1-v0.1.4.zip'
[17:31:24] [Worker-Main-7/WARN]: Unknown block 'biomesoplenty:smooth_white_sandstone' in 'matchBlocks' element 'biomesoplenty:smooth_white_sandstone' at index 46 in file 'biomesoplenty:optifine/ctm/grass_block_snow_top.properties' in pack 'file/BOPPBR-FULL-RE1-v0.1.4.zip'
[17:31:24] [Worker-Main-7/WARN]: Unknown block 'biomesoplenty:smooth_white_sandstone_slab' in 'matchBlocks' element 'biomesoplenty:smooth_white_sandstone_slab' at index 47 in file 'biomesoplenty:optifine/ctm/grass_block_snow_top.properties' in pack 'file/BOPPBR-FULL-RE1-v0.1.4.zip'
[17:31:24] [Worker-Main-7/WARN]: Unknown block 'biomesoplenty:white_sandstone_slab' in 'matchBlocks' element 'biomesoplenty:white_sandstone_slab' at index 48 in file 'biomesoplenty:optifine/ctm/grass_block_snow_top.properties' in pack 'file/BOPPBR-FULL-RE1-v0.1.4.zip'
[17:31:24] [Worker-Main-7/WARN]: Unknown block 'biomesoplenty:orange_sand' in 'matchBlocks' element 'biomesoplenty:orange_sand' at index 49 in file 'biomesoplenty:optifine/ctm/grass_block_snow_top.properties' in pack 'file/BOPPBR-FULL-RE1-v0.1.4.zip'
[17:31:24] [Worker-Main-7/WARN]: Unknown block 'biomesoplenty:orange_sandstone' in 'matchBlocks' element 'biomesoplenty:orange_sandstone' at index 50 in file 'biomesoplenty:optifine/ctm/grass_block_snow_top.properties' in pack 'file/BOPPBR-FULL-RE1-v0.1.4.zip'
[17:31:24] [Worker-Main-7/WARN]: Unknown block 'biomesoplenty:cut_orange_sandstone' in 'matchBlocks' element 'biomesoplenty:cut_orange_sandstone' at index 51 in file 'biomesoplenty:optifine/ctm/grass_block_snow_top.properties' in pack 'file/BOPPBR-FULL-RE1-v0.1.4.zip'
[17:31:24] [Worker-Main-7/WARN]: Unknown block 'biomesoplenty:cut_orange_sandstone_slab' in 'matchBlocks' element 'biomesoplenty:cut_orange_sandstone_slab' at index 52 in file 'biomesoplenty:optifine/ctm/grass_block_snow_top.properties' in pack 'file/BOPPBR-FULL-RE1-v0.1.4.zip'
[17:31:24] [Worker-Main-7/WARN]: Unknown block 'biomesoplenty:chiseled_orange_sandstone' in 'matchBlocks' element 'biomesoplenty:chiseled_orange_sandstone' at index 53 in file 'biomesoplenty:optifine/ctm/grass_block_snow_top.properties' in pack 'file/BOPPBR-FULL-RE1-v0.1.4.zip'
[17:31:24] [Worker-Main-7/WARN]: Unknown block 'biomesoplenty:smooth_orange_sandstone' in 'matchBlocks' element 'biomesoplenty:smooth_orange_sandstone' at index 54 in file 'biomesoplenty:optifine/ctm/grass_block_snow_top.properties' in pack 'file/BOPPBR-FULL-RE1-v0.1.4.zip'
[17:31:24] [Worker-Main-7/WARN]: Unknown block 'biomesoplenty:smooth_orange_sandstone_slab' in 'matchBlocks' element 'biomesoplenty:smooth_orange_sandstone_slab' at index 55 in file 'biomesoplenty:optifine/ctm/grass_block_snow_top.properties' in pack 'file/BOPPBR-FULL-RE1-v0.1.4.zip'
[17:31:24] [Worker-Main-7/WARN]: Unknown block 'biomesoplenty:orange_sandstone_slab' in 'matchBlocks' element 'biomesoplenty:orange_sandstone_slab' at index 56 in file 'biomesoplenty:optifine/ctm/grass_block_snow_top.properties' in pack 'file/BOPPBR-FULL-RE1-v0.1.4.zip'
[17:31:24] [Worker-Main-7/WARN]: Unknown block 'biomesoplenty:mossy_black_sand' in 'matchBlocks' element 'biomesoplenty:mossy_black_sand' at index 57 in file 'biomesoplenty:optifine/ctm/grass_block_snow_top.properties' in pack 'file/BOPPBR-FULL-RE1-v0.1.4.zip'
[17:31:24] [Worker-Main-7/WARN]: Unknown block 'biomesoplenty:black_sand' in 'matchBlocks' element 'biomesoplenty:black_sand' at index 58 in file 'biomesoplenty:optifine/ctm/grass_block_snow_top.properties' in pack 'file/BOPPBR-FULL-RE1-v0.1.4.zip'
[17:31:24] [Worker-Main-7/WARN]: Unknown block 'biomesoplenty:black_sandstone' in 'matchBlocks' element 'biomesoplenty:black_sandstone' at index 59 in file 'biomesoplenty:optifine/ctm/grass_block_snow_top.properties' in pack 'file/BOPPBR-FULL-RE1-v0.1.4.zip'
[17:31:24] [Worker-Main-7/WARN]: Unknown block 'biomesoplenty:cut_black_sandstone' in 'matchBlocks' element 'biomesoplenty:cut_black_sandstone' at index 60 in file 'biomesoplenty:optifine/ctm/grass_block_snow_top.properties' in pack 'file/BOPPBR-FULL-RE1-v0.1.4.zip'
[17:31:24] [Worker-Main-7/WARN]: Unknown block 'biomesoplenty:cut_black_sandstone_slab' in 'matchBlocks' element 'biomesoplenty:cut_black_sandstone_slab' at index 61 in file 'biomesoplenty:optifine/ctm/grass_block_snow_top.properties' in pack 'file/BOPPBR-FULL-RE1-v0.1.4.zip'
[17:31:24] [Worker-Main-7/WARN]: Unknown block 'biomesoplenty:chiseled_black_sandstone' in 'matchBlocks' element 'biomesoplenty:chiseled_black_sandstone' at index 62 in file 'biomesoplenty:optifine/ctm/grass_block_snow_top.properties' in pack 'file/BOPPBR-FULL-RE1-v0.1.4.zip'
[17:31:24] [Worker-Main-7/WARN]: Unknown block 'biomesoplenty:smooth_black_sandstone' in 'matchBlocks' element 'biomesoplenty:smooth_black_sandstone' at index 63 in file 'biomesoplenty:optifine/ctm/grass_block_snow_top.properties' in pack 'file/BOPPBR-FULL-RE1-v0.1.4.zip'
[17:31:24] [Worker-Main-7/WARN]: Unknown block 'biomesoplenty:smooth_black_sandstone_slab' in 'matchBlocks' element 'biomesoplenty:smooth_black_sandstone_slab' at index 64 in file 'biomesoplenty:optifine/ctm/grass_block_snow_top.properties' in pack 'file/BOPPBR-FULL-RE1-v0.1.4.zip'
[17:31:24] [Worker-Main-7/WARN]: Unknown block 'biomesoplenty:black_sandstone_slab' in 'matchBlocks' element 'biomesoplenty:black_sandstone_slab' at index 65 in file 'biomesoplenty:optifine/ctm/grass_block_snow_top.properties' in pack 'file/BOPPBR-FULL-RE1-v0.1.4.zip'
[17:31:24] [Worker-Main-7/WARN]: Unknown block 'biomesoplenty:thermal_calcite' in 'matchBlocks' element 'biomesoplenty:thermal_calcite' at index 66 in file 'biomesoplenty:optifine/ctm/grass_block_snow_top.properties' in pack 'file/BOPPBR-FULL-RE1-v0.1.4.zip'
[17:31:24] [Worker-Main-7/WARN]: Unknown block 'biomesoplenty:thermal_calcite_vent' in 'matchBlocks' element 'biomesoplenty:thermal_calcite_vent' at index 67 in file 'biomesoplenty:optifine/ctm/grass_block_snow_top.properties' in pack 'file/BOPPBR-FULL-RE1-v0.1.4.zip'
[17:31:24] [Worker-Main-7/WARN]: Unknown block 'biomesoplenty:dried_salt' in 'matchBlocks' element 'biomesoplenty:dried_salt' at index 68 in file 'biomesoplenty:optifine/ctm/grass_block_snow_top.properties' in pack 'file/BOPPBR-FULL-RE1-v0.1.4.zip'
[17:31:24] [Worker-Main-7/WARN]: Unknown block 'biomesoplenty:flesh' in 'matchBlocks' element 'biomesoplenty:flesh' at index 69 in file 'biomesoplenty:optifine/ctm/grass_block_snow_top.properties' in pack 'file/BOPPBR-FULL-RE1-v0.1.4.zip'
[17:31:24] [Worker-Main-7/WARN]: Unknown block 'biomesoplenty:porous_flesh' in 'matchBlocks' element 'biomesoplenty:porous_flesh' at index 70 in file 'biomesoplenty:optifine/ctm/grass_block_snow_top.properties' in pack 'file/BOPPBR-FULL-RE1-v0.1.4.zip'
[17:31:24] [Worker-Main-7/WARN]: Unknown block 'biomesoplenty:brimstone' in 'matchBlocks' element 'biomesoplenty:brimstone' at index 71 in file 'biomesoplenty:optifine/ctm/grass_block_snow_top.properties' in pack 'file/BOPPBR-FULL-RE1-v0.1.4.zip'
[17:31:24] [Worker-Main-7/WARN]: Unknown block 'biomesoplenty:brimstone_bricks' in 'matchBlocks' element 'biomesoplenty:brimstone_bricks' at index 72 in file 'biomesoplenty:optifine/ctm/grass_block_snow_top.properties' in pack 'file/BOPPBR-FULL-RE1-v0.1.4.zip'
[17:31:24] [Worker-Main-7/WARN]: Unknown block 'biomesoplenty:brimstone_brick_slab' in 'matchBlocks' element 'biomesoplenty:brimstone_brick_slab' at index 73 in file 'biomesoplenty:optifine/ctm/grass_block_snow_top.properties' in pack 'file/BOPPBR-FULL-RE1-v0.1.4.zip'
[17:31:24] [Worker-Main-7/WARN]: Unknown block 'biomesoplenty:chiseled_brimstone_bricks' in 'matchBlocks' element 'biomesoplenty:chiseled_brimstone_bricks' at index 74 in file 'biomesoplenty:optifine/ctm/grass_block_snow_top.properties' in pack 'file/BOPPBR-FULL-RE1-v0.1.4.zip'
[17:31:24] [Worker-Main-7/WARN]: Unknown block 'biomesoplenty:rose_quartz_block' in 'matchBlocks' element 'biomesoplenty:rose_quartz_block' at index 75 in file 'biomesoplenty:optifine/ctm/grass_block_snow_top.properties' in pack 'file/BOPPBR-FULL-RE1-v0.1.4.zip'
[17:31:24] [Worker-Main-7/WARN]: Unknown block 'biomesoplenty:algal_end_stone' in 'matchBlocks' element 'biomesoplenty:algal_end_stone' at index 76 in file 'biomesoplenty:optifine/ctm/grass_block_snow_top.properties' in pack 'file/BOPPBR-FULL-RE1-v0.1.4.zip'
[17:31:24] [Worker-Main-7/WARN]: Unknown block 'biomesoplenty:unmapped_end_stone' in 'matchBlocks' element 'biomesoplenty:unmapped_end_stone' at index 77 in file 'biomesoplenty:optifine/ctm/grass_block_snow_top.properties' in pack 'file/BOPPBR-FULL-RE1-v0.1.4.zip'
[17:31:24] [Worker-Main-7/WARN]: Unknown block 'biomesoplenty:null_end_stone' in 'matchBlocks' element 'biomesoplenty:null_end_stone' at index 78 in file 'biomesoplenty:optifine/ctm/grass_block_snow_top.properties' in pack 'file/BOPPBR-FULL-RE1-v0.1.4.zip'
[17:31:24] [Worker-Main-7/WARN]: Unknown block 'biomesoplenty:null_block' in 'matchBlocks' element 'biomesoplenty:null_block' at index 79 in file 'biomesoplenty:optifine/ctm/grass_block_snow_top.properties' in pack 'file/BOPPBR-FULL-RE1-v0.1.4.zip'
[17:31:24] [Worker-Main-7/WARN]: Unknown block 'biomesoplenty:anomaly' in 'matchBlocks' element 'biomesoplenty:anomaly' at index 80 in file 'biomesoplenty:optifine/ctm/grass_block_snow_top.properties' in pack 'file/BOPPBR-FULL-RE1-v0.1.4.zip'
[17:31:24] [Worker-Main-7/WARN]: Unknown block 'biomesoplenty:toadstool_block' in 'matchBlocks' element 'biomesoplenty:toadstool_block' at index 81 in file 'biomesoplenty:optifine/ctm/grass_block_snow_top.properties' in pack 'file/BOPPBR-FULL-RE1-v0.1.4.zip'
[17:31:24] [Worker-Main-7/WARN]: Unknown block 'biomesoplenty:glowshroom_block' in 'matchBlocks' element 'biomesoplenty:glowshroom_block' at index 82 in file 'biomesoplenty:optifine/ctm/grass_block_snow_top.properties' in pack 'file/BOPPBR-FULL-RE1-v0.1.4.zip'
[17:31:24] [Worker-Main-7/WARN]: Unknown block 'biomesoplenty:glowing_moss_block' in 'matchBlocks' element 'biomesoplenty:glowing_moss_block' at index 83 in file 'biomesoplenty:optifine/ctm/grass_block_snow_top.properties' in pack 'file/BOPPBR-FULL-RE1-v0.1.4.zip'
[17:31:24] [Worker-Main-7/WARN]: Unknown block 'biomesoplenty:origin_grass_block' in 'matchBlocks' element 'biomesoplenty:origin_grass_block' at index 84 in file 'biomesoplenty:optifine/ctm/grass_block_snow_top.properties' in pack 'file/BOPPBR-FULL-RE1-v0.1.4.zip'
[17:31:24] [Worker-Main-7/WARN]: Unknown block 'biomesoplenty:white_flower_petal_block' in 'matchBlocks' element 'biomesoplenty:white_flower_petal_block' at index 85 in file 'biomesoplenty:optifine/ctm/grass_block_snow_top.properties' in pack 'file/BOPPBR-FULL-RE1-v0.1.4.zip'
[17:31:24] [Worker-Main-7/WARN]: Unknown block 'biomesoplenty:light_gray_flower_petal_block' in 'matchBlocks' element 'biomesoplenty:light_gray_flower_petal_block' at index 86 in file 'biomesoplenty:optifine/ctm/grass_block_snow_top.properties' in pack 'file/BOPPBR-FULL-RE1-v0.1.4.zip'
[17:31:24] [Worker-Main-7/WARN]: Unknown block 'biomesoplenty:gray_flower_petal_block' in 'matchBlocks' element 'biomesoplenty:gray_flower_petal_block' at index 87 in file 'biomesoplenty:optifine/ctm/grass_block_snow_top.properties' in pack 'file/BOPPBR-FULL-RE1-v0.1.4.zip'
[17:31:24] [Worker-Main-7/WARN]: Unknown block 'biomesoplenty:black_flower_petal_block' in 'matchBlocks' element 'biomesoplenty:black_flower_petal_block' at index 88 in file 'biomesoplenty:optifine/ctm/grass_block_snow_top.properties' in pack 'file/BOPPBR-FULL-RE1-v0.1.4.zip'
[17:31:24] [Worker-Main-7/WARN]: Unknown block 'biomesoplenty:brown_flower_petal_block' in 'matchBlocks' element 'biomesoplenty:brown_flower_petal_block' at index 89 in file 'biomesoplenty:optifine/ctm/grass_block_snow_top.properties' in pack 'file/BOPPBR-FULL-RE1-v0.1.4.zip'
[17:31:24] [Worker-Main-7/WARN]: Unknown block 'biomesoplenty:red_flower_petal_block' in 'matchBlocks' element 'biomesoplenty:red_flower_petal_block' at index 90 in file 'biomesoplenty:optifine/ctm/grass_block_snow_top.properties' in pack 'file/BOPPBR-FULL-RE1-v0.1.4.zip'
[17:31:24] [Worker-Main-7/WARN]: Unknown block 'biomesoplenty:orange_flower_petal_block' in 'matchBlocks' element 'biomesoplenty:orange_flower_petal_block' at index 91 in file 'biomesoplenty:optifine/ctm/grass_block_snow_top.properties' in pack 'file/BOPPBR-FULL-RE1-v0.1.4.zip'
[17:31:24] [Worker-Main-7/WARN]: Unknown block 'biomesoplenty:yellow_flower_petal_block' in 'matchBlocks' element 'biomesoplenty:yellow_flower_petal_block' at index 92 in file 'biomesoplenty:optifine/ctm/grass_block_snow_top.properties' in pack 'file/BOPPBR-FULL-RE1-v0.1.4.zip'
[17:31:24] [Worker-Main-7/WARN]: Unknown block 'biomesoplenty:lime_flower_petal_block' in 'matchBlocks' element 'biomesoplenty:lime_flower_petal_block' at index 93 in file 'biomesoplenty:optifine/ctm/grass_block_snow_top.properties' in pack 'file/BOPPBR-FULL-RE1-v0.1.4.zip'
[17:31:24] [Worker-Main-7/WARN]: Unknown block 'biomesoplenty:green_flower_petal_block' in 'matchBlocks' element 'biomesoplenty:green_flower_petal_block' at index 94 in file 'biomesoplenty:optifine/ctm/grass_block_snow_top.properties' in pack 'file/BOPPBR-FULL-RE1-v0.1.4.zip'
[17:31:24] [Worker-Main-7/WARN]: Unknown block 'biomesoplenty:cyan_flower_petal_block' in 'matchBlocks' element 'biomesoplenty:cyan_flower_petal_block' at index 95 in file 'biomesoplenty:optifine/ctm/grass_block_snow_top.properties' in pack 'file/BOPPBR-FULL-RE1-v0.1.4.zip'
[17:31:24] [Worker-Main-7/WARN]: Unknown block 'biomesoplenty:light_blue_flower_petal_block' in 'matchBlocks' element 'biomesoplenty:light_blue_flower_petal_block' at index 96 in file 'biomesoplenty:optifine/ctm/grass_block_snow_top.properties' in pack 'file/BOPPBR-FULL-RE1-v0.1.4.zip'
[17:31:24] [Worker-Main-7/WARN]: Unknown block 'biomesoplenty:blue_flower_petal_block' in 'matchBlocks' element 'biomesoplenty:blue_flower_petal_block' at index 97 in file 'biomesoplenty:optifine/ctm/grass_block_snow_top.properties' in pack 'file/BOPPBR-FULL-RE1-v0.1.4.zip'
[17:31:24] [Worker-Main-7/WARN]: Unknown block 'biomesoplenty:purple_flower_petal_block' in 'matchBlocks' element 'biomesoplenty:purple_flower_petal_block' at index 98 in file 'biomesoplenty:optifine/ctm/grass_block_snow_top.properties' in pack 'file/BOPPBR-FULL-RE1-v0.1.4.zip'
[17:31:24] [Worker-Main-7/WARN]: Unknown block 'biomesoplenty:magenta_flower_petal_block' in 'matchBlocks' element 'biomesoplenty:magenta_flower_petal_block' at index 99 in file 'biomesoplenty:optifine/ctm/grass_block_snow_top.properties' in pack 'file/BOPPBR-FULL-RE1-v0.1.4.zip'
[17:31:24] [Worker-Main-7/WARN]: Unknown block 'biomesoplenty:pink_flower_petal_block' in 'matchBlocks' element 'biomesoplenty:pink_flower_petal_block' at index 100 in file 'biomesoplenty:optifine/ctm/grass_block_snow_top.properties' in pack 'file/BOPPBR-FULL-RE1-v0.1.4.zip'
[17:31:24] [Worker-Main-7/WARN]: Unknown block 'biomesoplenty:flower_stem' in 'matchBlocks' element 'biomesoplenty:flower_stem' at index 101 in file 'biomesoplenty:optifine/ctm/grass_block_snow_top.properties' in pack 'file/BOPPBR-FULL-RE1-v0.1.4.zip'
[17:31:24] [Worker-Main-7/WARN]: Unknown block 'biomesoplenty:origin_oak_log' in 'matchBlocks' element 'biomesoplenty:origin_oak_log' at index 102 in file 'biomesoplenty:optifine/ctm/grass_block_snow_top.properties' in pack 'file/BOPPBR-FULL-RE1-v0.1.4.zip'
[17:31:24] [Worker-Main-7/WARN]: Unknown block 'biomesoplenty:stripped_origin_oak_log' in 'matchBlocks' element 'biomesoplenty:stripped_origin_oak_log' at index 103 in file 'biomesoplenty:optifine/ctm/grass_block_snow_top.properties' in pack 'file/BOPPBR-FULL-RE1-v0.1.4.zip'
[17:31:24] [Worker-Main-7/WARN]: Unknown block 'biomesoplenty:origin_oak_wood' in 'matchBlocks' element 'biomesoplenty:origin_oak_wood' at index 104 in file 'biomesoplenty:optifine/ctm/grass_block_snow_top.properties' in pack 'file/BOPPBR-FULL-RE1-v0.1.4.zip'
[17:31:24] [Worker-Main-7/WARN]: Unknown block 'biomesoplenty:stripped_origin_oak_wood' in 'matchBlocks' element 'biomesoplenty:stripped_origin_oak_wood' at index 105 in file 'biomesoplenty:optifine/ctm/grass_block_snow_top.properties' in pack 'file/BOPPBR-FULL-RE1-v0.1.4.zip'
[17:31:24] [Worker-Main-7/WARN]: Unknown block 'biomesoplenty:origin_oak_planks' in 'matchBlocks' element 'biomesoplenty:origin_oak_planks' at index 106 in file 'biomesoplenty:optifine/ctm/grass_block_snow_top.properties' in pack 'file/BOPPBR-FULL-RE1-v0.1.4.zip'
[17:31:24] [Worker-Main-7/WARN]: Unknown block 'biomesoplenty:origin_oak_slab' in 'matchBlocks' element 'biomesoplenty:origin_oak_slab' at index 107 in file 'biomesoplenty:optifine/ctm/grass_block_snow_top.properties' in pack 'file/BOPPBR-FULL-RE1-v0.1.4.zip'
[17:31:24] [Worker-Main-7/WARN]: Unknown block 'biomesoplenty:fir_log' in 'matchBlocks' element 'biomesoplenty:fir_log' at index 108 in file 'biomesoplenty:optifine/ctm/grass_block_snow_top.properties' in pack 'file/BOPPBR-FULL-RE1-v0.1.4.zip'
[17:31:24] [Worker-Main-7/WARN]: Unknown block 'biomesoplenty:stripped_fir_log' in 'matchBlocks' element 'biomesoplenty:stripped_fir_log' at index 109 in file 'biomesoplenty:optifine/ctm/grass_block_snow_top.properties' in pack 'file/BOPPBR-FULL-RE1-v0.1.4.zip'
[17:31:24] [Worker-Main-7/WARN]: Unknown block 'biomesoplenty:fir_wood' in 'matchBlocks' element 'biomesoplenty:fir_wood' at index 110 in file 'biomesoplenty:optifine/ctm/grass_block_snow_top.properties' in pack 'file/BOPPBR-FULL-RE1-v0.1.4.zip'
[17:31:24] [Worker-Main-7/WARN]: Unknown block 'biomesoplenty:stripped_fir_wood' in 'matchBlocks' element 'biomesoplenty:stripped_fir_wood' at index 111 in file 'biomesoplenty:optifine/ctm/grass_block_snow_top.properties' in pack 'file/BOPPBR-FULL-RE1-v0.1.4.zip'
[17:31:24] [Worker-Main-7/WARN]: Unknown block 'biomesoplenty:fir_planks' in 'matchBlocks' element 'biomesoplenty:fir_planks' at index 112 in file 'biomesoplenty:optifine/ctm/grass_block_snow_top.properties' in pack 'file/BOPPBR-FULL-RE1-v0.1.4.zip'
[17:31:24] [Worker-Main-7/WARN]: Unknown block 'biomesoplenty:fir_slab' in 'matchBlocks' element 'biomesoplenty:fir_slab' at index 113 in file 'biomesoplenty:optifine/ctm/grass_block_snow_top.properties' in pack 'file/BOPPBR-FULL-RE1-v0.1.4.zip'
[17:31:24] [Worker-Main-7/WARN]: Unknown block 'biomesoplenty:pine_log' in 'matchBlocks' element 'biomesoplenty:pine_log' at index 114 in file 'biomesoplenty:optifine/ctm/grass_block_snow_top.properties' in pack 'file/BOPPBR-FULL-RE1-v0.1.4.zip'
[17:31:24] [Worker-Main-7/WARN]: Unknown block 'biomesoplenty:stripped_pine_log' in 'matchBlocks' element 'biomesoplenty:stripped_pine_log' at index 115 in file 'biomesoplenty:optifine/ctm/grass_block_snow_top.properties' in pack 'file/BOPPBR-FULL-RE1-v0.1.4.zip'
[17:31:24] [Worker-Main-7/WARN]: Unknown block 'biomesoplenty:pine_wood' in 'matchBlocks' element 'biomesoplenty:pine_wood' at index 116 in file 'biomesoplenty:optifine/ctm/grass_block_snow_top.properties' in pack 'file/BOPPBR-FULL-RE1-v0.1.4.zip'
[17:31:24] [Worker-Main-7/WARN]: Unknown block 'biomesoplenty:stripped_pine_wood' in 'matchBlocks' element 'biomesoplenty:stripped_pine_wood' at index 117 in file 'biomesoplenty:optifine/ctm/grass_block_snow_top.properties' in pack 'file/BOPPBR-FULL-RE1-v0.1.4.zip'
[17:31:24] [Worker-Main-7/WARN]: Unknown block 'biomesoplenty:pine_planks' in 'matchBlocks' element 'biomesoplenty:pine_planks' at index 118 in file 'biomesoplenty:optifine/ctm/grass_block_snow_top.properties' in pack 'file/BOPPBR-FULL-RE1-v0.1.4.zip'
[17:31:24] [Worker-Main-7/WARN]: Unknown block 'biomesoplenty:pine_slab' in 'matchBlocks' element 'biomesoplenty:pine_slab' at index 119 in file 'biomesoplenty:optifine/ctm/grass_block_snow_top.properties' in pack 'file/BOPPBR-FULL-RE1-v0.1.4.zip'
[17:31:24] [Worker-Main-7/WARN]: Unknown block 'biomesoplenty:maple_log' in 'matchBlocks' element 'biomesoplenty:maple_log' at index 120 in file 'biomesoplenty:optifine/ctm/grass_block_snow_top.properties' in pack 'file/BOPPBR-FULL-RE1-v0.1.4.zip'
[17:31:24] [Worker-Main-7/WARN]: Unknown block 'biomesoplenty:stripped_maple_log' in 'matchBlocks' element 'biomesoplenty:stripped_maple_log' at index 121 in file 'biomesoplenty:optifine/ctm/grass_block_snow_top.properties' in pack 'file/BOPPBR-FULL-RE1-v0.1.4.zip'
[17:31:24] [Worker-Main-7/WARN]: Unknown block 'biomesoplenty:maple_wood' in 'matchBlocks' element 'biomesoplenty:maple_wood' at index 122 in file 'biomesoplenty:optifine/ctm/grass_block_snow_top.properties' in pack 'file/BOPPBR-FULL-RE1-v0.1.4.zip'
[17:31:24] [Worker-Main-7/WARN]: Unknown block 'biomesoplenty:stripped_maple_wood' in 'matchBlocks' element 'biomesoplenty:stripped_maple_wood' at index 123 in file 'biomesoplenty:optifine/ctm/grass_block_snow_top.properties' in pack 'file/BOPPBR-FULL-RE1-v0.1.4.zip'
[17:31:24] [Worker-Main-7/WARN]: Unknown block 'biomesoplenty:maple_planks' in 'matchBlocks' element 'biomesoplenty:maple_planks' at index 124 in file 'biomesoplenty:optifine/ctm/grass_block_snow_top.properties' in pack 'file/BOPPBR-FULL-RE1-v0.1.4.zip'
[17:31:24] [Worker-Main-7/WARN]: Unknown block 'biomesoplenty:maple_slab' in 'matchBlocks' element 'biomesoplenty:maple_slab' at index 125 in file 'biomesoplenty:optifine/ctm/grass_block_snow_top.properties' in pack 'file/BOPPBR-FULL-RE1-v0.1.4.zip'
[17:31:24] [Worker-Main-7/WARN]: Unknown block 'biomesoplenty:redwood_log' in 'matchBlocks' element 'biomesoplenty:redwood_log' at index 126 in file 'biomesoplenty:optifine/ctm/grass_block_snow_top.properties' in pack 'file/BOPPBR-FULL-RE1-v0.1.4.zip'
[17:31:24] [Worker-Main-7/WARN]: Unknown block 'biomesoplenty:stripped_redwood_log' in 'matchBlocks' element 'biomesoplenty:stripped_redwood_log' at index 127 in file 'biomesoplenty:optifine/ctm/grass_block_snow_top.properties' in pack 'file/BOPPBR-FULL-RE1-v0.1.4.zip'
[17:31:24] [Worker-Main-7/WARN]: Unknown block 'biomesoplenty:redwood_wood' in 'matchBlocks' element 'biomesoplenty:redwood_wood' at index 128 in file 'biomesoplenty:optifine/ctm/grass_block_snow_top.properties' in pack 'file/BOPPBR-FULL-RE1-v0.1.4.zip'
[17:31:24] [Worker-Main-7/WARN]: Unknown block 'biomesoplenty:stripped_redwood_wood' in 'matchBlocks' element 'biomesoplenty:stripped_redwood_wood' at index 129 in file 'biomesoplenty:optifine/ctm/grass_block_snow_top.properties' in pack 'file/BOPPBR-FULL-RE1-v0.1.4.zip'
[17:31:24] [Worker-Main-7/WARN]: Unknown block 'biomesoplenty:redwood_planks' in 'matchBlocks' element 'biomesoplenty:redwood_planks' at index 130 in file 'biomesoplenty:optifine/ctm/grass_block_snow_top.properties' in pack 'file/BOPPBR-FULL-RE1-v0.1.4.zip'
[17:31:24] [Worker-Main-7/WARN]: Unknown block 'biomesoplenty:redwood_slab' in 'matchBlocks' element 'biomesoplenty:redwood_slab' at index 131 in file 'biomesoplenty:optifine/ctm/grass_block_snow_top.properties' in pack 'file/BOPPBR-FULL-RE1-v0.1.4.zip'
[17:31:24] [Worker-Main-7/WARN]: Unknown block 'biomesoplenty:mahogany_log' in 'matchBlocks' element 'biomesoplenty:mahogany_log' at index 132 in file 'biomesoplenty:optifine/ctm/grass_block_snow_top.properties' in pack 'file/BOPPBR-FULL-RE1-v0.1.4.zip'
[17:31:24] [Worker-Main-7/WARN]: Unknown block 'biomesoplenty:stripped_mahogany_log' in 'matchBlocks' element 'biomesoplenty:stripped_mahogany_log' at index 133 in file 'biomesoplenty:optifine/ctm/grass_block_snow_top.properties' in pack 'file/BOPPBR-FULL-RE1-v0.1.4.zip'
[17:31:24] [Worker-Main-7/WARN]: Unknown block 'biomesoplenty:mahogany_wood' in 'matchBlocks' element 'biomesoplenty:mahogany_wood' at index 134 in file 'biomesoplenty:optifine/ctm/grass_block_snow_top.properties' in pack 'file/BOPPBR-FULL-RE1-v0.1.4.zip'
[17:31:24] [Worker-Main-7/WARN]: Unknown block 'biomesoplenty:stripped_mahogany_wood' in 'matchBlocks' element 'biomesoplenty:stripped_mahogany_wood' at index 135 in file 'biomesoplenty:optifine/ctm/grass_block_snow_top.properties' in pack 'file/BOPPBR-FULL-RE1-v0.1.4.zip'
[17:31:24] [Worker-Main-7/WARN]: Unknown block 'biomesoplenty:mahogany_planks' in 'matchBlocks' element 'biomesoplenty:mahogany_planks' at index 136 in file 'biomesoplenty:optifine/ctm/grass_block_snow_top.properties' in pack 'file/BOPPBR-FULL-RE1-v0.1.4.zip'
[17:31:24] [Worker-Main-7/WARN]: Unknown block 'biomesoplenty:mahogany_slab' in 'matchBlocks' element 'biomesoplenty:mahogany_slab' at index 137 in file 'biomesoplenty:optifine/ctm/grass_block_snow_top.properties' in pack 'file/BOPPBR-FULL-RE1-v0.1.4.zip'
[17:31:24] [Worker-Main-7/WARN]: Unknown block 'biomesoplenty:jacaranda_log' in 'matchBlocks' element 'biomesoplenty:jacaranda_log' at index 138 in file 'biomesoplenty:optifine/ctm/grass_block_snow_top.properties' in pack 'file/BOPPBR-FULL-RE1-v0.1.4.zip'
[17:31:24] [Worker-Main-7/WARN]: Unknown block 'biomesoplenty:stripped_jacaranda_log' in 'matchBlocks' element 'biomesoplenty:stripped_jacaranda_log' at index 139 in file 'biomesoplenty:optifine/ctm/grass_block_snow_top.properties' in pack 'file/BOPPBR-FULL-RE1-v0.1.4.zip'
[17:31:24] [Worker-Main-7/WARN]: Unknown block 'biomesoplenty:jacaranda_wood' in 'matchBlocks' element 'biomesoplenty:jacaranda_wood' at index 140 in file 'biomesoplenty:optifine/ctm/grass_block_snow_top.properties' in pack 'file/BOPPBR-FULL-RE1-v0.1.4.zip'
[17:31:24] [Worker-Main-7/WARN]: Unknown block 'biomesoplenty:stripped_jacaranda_wood' in 'matchBlocks' element 'biomesoplenty:stripped_jacaranda_wood' at index 141 in file 'biomesoplenty:optifine/ctm/grass_block_snow_top.properties' in pack 'file/BOPPBR-FULL-RE1-v0.1.4.zip'
[17:31:24] [Worker-Main-7/WARN]: Unknown block 'biomesoplenty:jacaranda_planks' in 'matchBlocks' element 'biomesoplenty:jacaranda_planks' at index 142 in file 'biomesoplenty:optifine/ctm/grass_block_snow_top.properties' in pack 'file/BOPPBR-FULL-RE1-v0.1.4.zip'
[17:31:24] [Worker-Main-7/WARN]: Unknown block 'biomesoplenty:jacaranda_slab' in 'matchBlocks' element 'biomesoplenty:jacaranda_slab' at index 143 in file 'biomesoplenty:optifine/ctm/grass_block_snow_top.properties' in pack 'file/BOPPBR-FULL-RE1-v0.1.4.zip'
[17:31:24] [Worker-Main-7/WARN]: Unknown block 'biomesoplenty:palm_log' in 'matchBlocks' element 'biomesoplenty:palm_log' at index 144 in file 'biomesoplenty:optifine/ctm/grass_block_snow_top.properties' in pack 'file/BOPPBR-FULL-RE1-v0.1.4.zip'
[17:31:24] [Worker-Main-7/WARN]: Unknown block 'biomesoplenty:stripped_palm_log' in 'matchBlocks' element 'biomesoplenty:stripped_palm_log' at index 145 in file 'biomesoplenty:optifine/ctm/grass_block_snow_top.properties' in pack 'file/BOPPBR-FULL-RE1-v0.1.4.zip'
[17:31:24] [Worker-Main-7/WARN]: Unknown block 'biomesoplenty:palm_wood' in 'matchBlocks' element 'biomesoplenty:palm_wood' at index 146 in file 'biomesoplenty:optifine/ctm/grass_block_snow_top.properties' in pack 'file/BOPPBR-FULL-RE1-v0.1.4.zip'
[17:31:24] [Worker-Main-7/WARN]: Unknown block 'biomesoplenty:stripped_palm_wood' in 'matchBlocks' element 'biomesoplenty:stripped_palm_wood' at index 147 in file 'biomesoplenty:optifine/ctm/grass_block_snow_top.properties' in pack 'file/BOPPBR-FULL-RE1-v0.1.4.zip'
[17:31:24] [Worker-Main-7/WARN]: Unknown block 'biomesoplenty:palm_planks' in 'matchBlocks' element 'biomesoplenty:palm_planks' at index 148 in file 'biomesoplenty:optifine/ctm/grass_block_snow_top.properties' in pack 'file/BOPPBR-FULL-RE1-v0.1.4.zip'
[17:31:24] [Worker-Main-7/WARN]: Unknown block 'biomesoplenty:palm_slab' in 'matchBlocks' element 'biomesoplenty:palm_slab' at index 149 in file 'biomesoplenty:optifine/ctm/grass_block_snow_top.properties' in pack 'file/BOPPBR-FULL-RE1-v0.1.4.zip'
[17:31:24] [Worker-Main-7/WARN]: Unknown block 'biomesoplenty:willow_log' in 'matchBlocks' element 'biomesoplenty:willow_log' at index 150 in file 'biomesoplenty:optifine/ctm/grass_block_snow_top.properties' in pack 'file/BOPPBR-FULL-RE1-v0.1.4.zip'
[17:31:24] [Worker-Main-7/WARN]: Unknown block 'biomesoplenty:stripped_willow_log' in 'matchBlocks' element 'biomesoplenty:stripped_willow_log' at index 151 in file 'biomesoplenty:optifine/ctm/grass_block_snow_top.properties' in pack 'file/BOPPBR-FULL-RE1-v0.1.4.zip'
[17:31:24] [Worker-Main-7/WARN]: Unknown block 'biomesoplenty:willow_wood' in 'matchBlocks' element 'biomesoplenty:willow_wood' at index 152 in file 'biomesoplenty:optifine/ctm/grass_block_snow_top.properties' in pack 'file/BOPPBR-FULL-RE1-v0.1.4.zip'
[17:31:24] [Worker-Main-7/WARN]: Unknown block 'biomesoplenty:stripped_willow_wood' in 'matchBlocks' element 'biomesoplenty:stripped_willow_wood' at index 153 in file 'biomesoplenty:optifine/ctm/grass_block_snow_top.properties' in pack 'file/BOPPBR-FULL-RE1-v0.1.4.zip'
[17:31:24] [Worker-Main-7/WARN]: Unknown block 'biomesoplenty:willow_planks' in 'matchBlocks' element 'biomesoplenty:willow_planks' at index 154 in file 'biomesoplenty:optifine/ctm/grass_block_snow_top.properties' in pack 'file/BOPPBR-FULL-RE1-v0.1.4.zip'
[17:31:24] [Worker-Main-7/WARN]: Unknown block 'biomesoplenty:willow_slab' in 'matchBlocks' element 'biomesoplenty:willow_slab' at index 155 in file 'biomesoplenty:optifine/ctm/grass_block_snow_top.properties' in pack 'file/BOPPBR-FULL-RE1-v0.1.4.zip'
[17:31:24] [Worker-Main-7/WARN]: Unknown block 'biomesoplenty:magic_log' in 'matchBlocks' element 'biomesoplenty:magic_log' at index 156 in file 'biomesoplenty:optifine/ctm/grass_block_snow_top.properties' in pack 'file/BOPPBR-FULL-RE1-v0.1.4.zip'
[17:31:24] [Worker-Main-7/WARN]: Unknown block 'biomesoplenty:stripped_magic_log' in 'matchBlocks' element 'biomesoplenty:stripped_magic_log' at index 157 in file 'biomesoplenty:optifine/ctm/grass_block_snow_top.properties' in pack 'file/BOPPBR-FULL-RE1-v0.1.4.zip'
[17:31:24] [Worker-Main-7/WARN]: Unknown block 'biomesoplenty:magic_wood' in 'matchBlocks' element 'biomesoplenty:magic_wood' at index 158 in file 'biomesoplenty:optifine/ctm/grass_block_snow_top.properties' in pack 'file/BOPPBR-FULL-RE1-v0.1.4.zip'
[17:31:24] [Worker-Main-7/WARN]: Unknown block 'biomesoplenty:stripped_magic_wood' in 'matchBlocks' element 'biomesoplenty:stripped_magic_wood' at index 159 in file 'biomesoplenty:optifine/ctm/grass_block_snow_top.properties' in pack 'file/BOPPBR-FULL-RE1-v0.1.4.zip'
[17:31:24] [Worker-Main-7/WARN]: Unknown block 'biomesoplenty:magic_planks' in 'matchBlocks' element 'biomesoplenty:magic_planks' at index 160 in file 'biomesoplenty:optifine/ctm/grass_block_snow_top.properties' in pack 'file/BOPPBR-FULL-RE1-v0.1.4.zip'
[17:31:24] [Worker-Main-7/WARN]: Unknown block 'biomesoplenty:magic_slab' in 'matchBlocks' element 'biomesoplenty:magic_slab' at index 161 in file 'biomesoplenty:optifine/ctm/grass_block_snow_top.properties' in pack 'file/BOPPBR-FULL-RE1-v0.1.4.zip'
[17:31:24] [Worker-Main-7/WARN]: Unknown block 'biomesoplenty:umbran_log' in 'matchBlocks' element 'biomesoplenty:umbran_log' at index 162 in file 'biomesoplenty:optifine/ctm/grass_block_snow_top.properties' in pack 'file/BOPPBR-FULL-RE1-v0.1.4.zip'
[17:31:24] [Worker-Main-7/WARN]: Unknown block 'biomesoplenty:stripped_umbran_log' in 'matchBlocks' element 'biomesoplenty:stripped_umbran_log' at index 163 in file 'biomesoplenty:optifine/ctm/grass_block_snow_top.properties' in pack 'file/BOPPBR-FULL-RE1-v0.1.4.zip'
[17:31:24] [Worker-Main-7/WARN]: Unknown block 'biomesoplenty:umbran_wood' in 'matchBlocks' element 'biomesoplenty:umbran_wood' at index 164 in file 'biomesoplenty:optifine/ctm/grass_block_snow_top.properties' in pack 'file/BOPPBR-FULL-RE1-v0.1.4.zip'
[17:31:24] [Worker-Main-7/WARN]: Unknown block 'biomesoplenty:stripped_umbran_wood' in 'matchBlocks' element 'biomesoplenty:stripped_umbran_wood' at index 165 in file 'biomesoplenty:optifine/ctm/grass_block_snow_top.properties' in pack 'file/BOPPBR-FULL-RE1-v0.1.4.zip'
[17:31:24] [Worker-Main-7/WARN]: Unknown block 'biomesoplenty:umbran_planks' in 'matchBlocks' element 'biomesoplenty:umbran_planks' at index 166 in file 'biomesoplenty:optifine/ctm/grass_block_snow_top.properties' in pack 'file/BOPPBR-FULL-RE1-v0.1.4.zip'
[17:31:24] [Worker-Main-7/WARN]: Unknown block 'biomesoplenty:umbran_slab' in 'matchBlocks' element 'biomesoplenty:umbran_slab' at index 167 in file 'biomesoplenty:optifine/ctm/grass_block_snow_top.properties' in pack 'file/BOPPBR-FULL-RE1-v0.1.4.zip'
[17:31:24] [Worker-Main-7/WARN]: Unknown block 'biomesoplenty:hellbark_log' in 'matchBlocks' element 'biomesoplenty:hellbark_log' at index 168 in file 'biomesoplenty:optifine/ctm/grass_block_snow_top.properties' in pack 'file/BOPPBR-FULL-RE1-v0.1.4.zip'
[17:31:24] [Worker-Main-7/WARN]: Unknown block 'biomesoplenty:stripped_hellbark_log' in 'matchBlocks' element 'biomesoplenty:stripped_hellbark_log' at index 169 in file 'biomesoplenty:optifine/ctm/grass_block_snow_top.properties' in pack 'file/BOPPBR-FULL-RE1-v0.1.4.zip'
[17:31:24] [Worker-Main-7/WARN]: Unknown block 'biomesoplenty:hellbark_wood' in 'matchBlocks' element 'biomesoplenty:hellbark_wood' at index 170 in file 'biomesoplenty:optifine/ctm/grass_block_snow_top.properties' in pack 'file/BOPPBR-FULL-RE1-v0.1.4.zip'
[17:31:24] [Worker-Main-7/WARN]: Unknown block 'biomesoplenty:stripped_hellbark_wood' in 'matchBlocks' element 'biomesoplenty:stripped_hellbark_wood' at index 171 in file 'biomesoplenty:optifine/ctm/grass_block_snow_top.properties' in pack 'file/BOPPBR-FULL-RE1-v0.1.4.zip'
[17:31:24] [Worker-Main-7/WARN]: Unknown block 'biomesoplenty:hellbark_planks' in 'matchBlocks' element 'biomesoplenty:hellbark_planks' at index 172 in file 'biomesoplenty:optifine/ctm/grass_block_snow_top.properties' in pack 'file/BOPPBR-FULL-RE1-v0.1.4.zip'
[17:31:24] [Worker-Main-7/WARN]: Unknown block 'biomesoplenty:hellbark_slab' in 'matchBlocks' element 'biomesoplenty:hellbark_slab' at index 173 in file 'biomesoplenty:optifine/ctm/grass_block_snow_top.properties' in pack 'file/BOPPBR-FULL-RE1-v0.1.4.zip'
[17:31:24] [Worker-Main-7/WARN]: Unknown block 'biomesoplenty:empyreal_log' in 'matchBlocks' element 'biomesoplenty:empyreal_log' at index 174 in file 'biomesoplenty:optifine/ctm/grass_block_snow_top.properties' in pack 'file/BOPPBR-FULL-RE1-v0.1.4.zip'
[17:31:24] [Worker-Main-7/WARN]: Unknown block 'biomesoplenty:stripped_empyreal_log' in 'matchBlocks' element 'biomesoplenty:stripped_empyreal_log' at index 175 in file 'biomesoplenty:optifine/ctm/grass_block_snow_top.properties' in pack 'file/BOPPBR-FULL-RE1-v0.1.4.zip'
[17:31:24] [Worker-Main-7/WARN]: Unknown block 'biomesoplenty:empyreal_wood' in 'matchBlocks' element 'biomesoplenty:empyreal_wood' at index 176 in file 'biomesoplenty:optifine/ctm/grass_block_snow_top.properties' in pack 'file/BOPPBR-FULL-RE1-v0.1.4.zip'
[17:31:24] [Worker-Main-7/WARN]: Unknown block 'biomesoplenty:stripped_empyreal_wood' in 'matchBlocks' element 'biomesoplenty:stripped_empyreal_wood' at index 177 in file 'biomesoplenty:optifine/ctm/grass_block_snow_top.properties' in pack 'file/BOPPBR-FULL-RE1-v0.1.4.zip'
[17:31:24] [Worker-Main-7/WARN]: Unknown block 'biomesoplenty:empyreal_planks' in 'matchBlocks' element 'biomesoplenty:empyreal_planks' at index 178 in file 'biomesoplenty:optifine/ctm/grass_block_snow_top.properties' in pack 'file/BOPPBR-FULL-RE1-v0.1.4.zip'
[17:31:24] [Worker-Main-7/WARN]: Unknown block 'biomesoplenty:empyreal_slab' in 'matchBlocks' element 'biomesoplenty:empyreal_slab' at index 179 in file 'biomesoplenty:optifine/ctm/grass_block_snow_top.properties' in pack 'file/BOPPBR-FULL-RE1-v0.1.4.zip'
[17:31:24] [Worker-Main-7/WARN]: Unknown block 'minecraft:farm_land' in 'matchBlocks' element 'farm_land' at index 40 in file 'biomesoplenty:optifine/ctm/grass_block_top.properties' in pack 'file/BOPPBR-FULL-RE1-v0.1.4.zip'
[17:31:24] [Worker-Main-7/WARN]: Unknown block 'biomesoplenty:white_sand' in 'matchBlocks' element 'biomesoplenty:white_sand' at index 41 in file 'biomesoplenty:optifine/ctm/grass_block_top.properties' in pack 'file/BOPPBR-FULL-RE1-v0.1.4.zip'
[17:31:24] [Worker-Main-7/WARN]: Unknown block 'biomesoplenty:white_sandstone' in 'matchBlocks' element 'biomesoplenty:white_sandstone' at index 42 in file 'biomesoplenty:optifine/ctm/grass_block_top.properties' in pack 'file/BOPPBR-FULL-RE1-v0.1.4.zip'
[17:31:24] [Worker-Main-7/WARN]: Unknown block 'biomesoplenty:cut_white_sandstone' in 'matchBlocks' element 'biomesoplenty:cut_white_sandstone' at index 43 in file 'biomesoplenty:optifine/ctm/grass_block_top.properties' in pack 'file/BOPPBR-FULL-RE1-v0.1.4.zip'
[17:31:24] [Worker-Main-7/WARN]: Unknown block 'biomesoplenty:cut_white_sandstone_slab' in 'matchBlocks' element 'biomesoplenty:cut_white_sandstone_slab' at index 44 in file 'biomesoplenty:optifine/ctm/grass_block_top.properties' in pack 'file/BOPPBR-FULL-RE1-v0.1.4.zip'
[17:31:24] [Worker-Main-7/WARN]: Unknown block 'biomesoplenty:chiseled_white_sandstone' in 'matchBlocks' element 'biomesoplenty:chiseled_white_sandstone' at index 45 in file 'biomesoplenty:optifine/ctm/grass_block_top.properties' in pack 'file/BOPPBR-FULL-RE1-v0.1.4.zip'
[17:31:24] [Worker-Main-7/WARN]: Unknown block 'biomesoplenty:smooth_white_sandstone' in 'matchBlocks' element 'biomesoplenty:smooth_white_sandstone' at index 46 in file 'biomesoplenty:optifine/ctm/grass_block_top.properties' in pack 'file/BOPPBR-FULL-RE1-v0.1.4.zip'
[17:31:24] [Worker-Main-7/WARN]: Unknown block 'biomesoplenty:smooth_white_sandstone_slab' in 'matchBlocks' element 'biomesoplenty:smooth_white_sandstone_slab' at index 47 in file 'biomesoplenty:optifine/ctm/grass_block_top.properties' in pack 'file/BOPPBR-FULL-RE1-v0.1.4.zip'
[17:31:24] [Worker-Main-7/WARN]: Unknown block 'biomesoplenty:white_sandstone_slab' in 'matchBlocks' element 'biomesoplenty:white_sandstone_slab' at index 48 in file 'biomesoplenty:optifine/ctm/grass_block_top.properties' in pack 'file/BOPPBR-FULL-RE1-v0.1.4.zip'
[17:31:24] [Worker-Main-7/WARN]: Unknown block 'biomesoplenty:orange_sand' in 'matchBlocks' element 'biomesoplenty:orange_sand' at index 49 in file 'biomesoplenty:optifine/ctm/grass_block_top.properties' in pack 'file/BOPPBR-FULL-RE1-v0.1.4.zip'
[17:31:24] [Worker-Main-7/WARN]: Unknown block 'biomesoplenty:orange_sandstone' in 'matchBlocks' element 'biomesoplenty:orange_sandstone' at index 50 in file 'biomesoplenty:optifine/ctm/grass_block_top.properties' in pack 'file/BOPPBR-FULL-RE1-v0.1.4.zip'
[17:31:24] [Worker-Main-7/WARN]: Unknown block 'biomesoplenty:cut_orange_sandstone' in 'matchBlocks' element 'biomesoplenty:cut_orange_sandstone' at index 51 in file 'biomesoplenty:optifine/ctm/grass_block_top.properties' in pack 'file/BOPPBR-FULL-RE1-v0.1.4.zip'
[17:31:24] [Worker-Main-7/WARN]: Unknown block 'biomesoplenty:cut_orange_sandstone_slab' in 'matchBlocks' element 'biomesoplenty:cut_orange_sandstone_slab' at index 52 in file 'biomesoplenty:optifine/ctm/grass_block_top.properties' in pack 'file/BOPPBR-FULL-RE1-v0.1.4.zip'
[17:31:24] [Worker-Main-7/WARN]: Unknown block 'biomesoplenty:chiseled_orange_sandstone' in 'matchBlocks' element 'biomesoplenty:chiseled_orange_sandstone' at index 53 in file 'biomesoplenty:optifine/ctm/grass_block_top.properties' in pack 'file/BOPPBR-FULL-RE1-v0.1.4.zip'
[17:31:24] [Worker-Main-7/WARN]: Unknown block 'biomesoplenty:smooth_orange_sandstone' in 'matchBlocks' element 'biomesoplenty:smooth_orange_sandstone' at index 54 in file 'biomesoplenty:optifine/ctm/grass_block_top.properties' in pack 'file/BOPPBR-FULL-RE1-v0.1.4.zip'
[17:31:24] [Worker-Main-7/WARN]: Unknown block 'biomesoplenty:smooth_orange_sandstone_slab' in 'matchBlocks' element 'biomesoplenty:smooth_orange_sandstone_slab' at index 55 in file 'biomesoplenty:optifine/ctm/grass_block_top.properties' in pack 'file/BOPPBR-FULL-RE1-v0.1.4.zip'
[17:31:24] [Worker-Main-7/WARN]: Unknown block 'biomesoplenty:orange_sandstone_slab' in 'matchBlocks' element 'biomesoplenty:orange_sandstone_slab' at index 56 in file 'biomesoplenty:optifine/ctm/grass_block_top.properties' in pack 'file/BOPPBR-FULL-RE1-v0.1.4.zip'
[17:31:24] [Worker-Main-7/WARN]: Unknown block 'biomesoplenty:mossy_black_sand' in 'matchBlocks' element 'biomesoplenty:mossy_black_sand' at index 57 in file 'biomesoplenty:optifine/ctm/grass_block_top.properties' in pack 'file/BOPPBR-FULL-RE1-v0.1.4.zip'
[17:31:24] [Worker-Main-7/WARN]: Unknown block 'biomesoplenty:black_sand' in 'matchBlocks' element 'biomesoplenty:black_sand' at index 58 in file 'biomesoplenty:optifine/ctm/grass_block_top.properties' in pack 'file/BOPPBR-FULL-RE1-v0.1.4.zip'
[17:31:24] [Worker-Main-7/WARN]: Unknown block 'biomesoplenty:black_sandstone' in 'matchBlocks' element 'biomesoplenty:black_sandstone' at index 59 in file 'biomesoplenty:optifine/ctm/grass_block_top.properties' in pack 'file/BOPPBR-FULL-RE1-v0.1.4.zip'
[17:31:24] [Worker-Main-7/WARN]: Unknown block 'biomesoplenty:cut_black_sandstone' in 'matchBlocks' element 'biomesoplenty:cut_black_sandstone' at index 60 in file 'biomesoplenty:optifine/ctm/grass_block_top.properties' in pack 'file/BOPPBR-FULL-RE1-v0.1.4.zip'
[17:31:24] [Worker-Main-7/WARN]: Unknown block 'biomesoplenty:cut_black_sandstone_slab' in 'matchBlocks' element 'biomesoplenty:cut_black_sandstone_slab' at index 61 in file 'biomesoplenty:optifine/ctm/grass_block_top.properties' in pack 'file/BOPPBR-FULL-RE1-v0.1.4.zip'
[17:31:24] [Worker-Main-7/WARN]: Unknown block 'biomesoplenty:chiseled_black_sandstone' in 'matchBlocks' element 'biomesoplenty:chiseled_black_sandstone' at index 62 in file 'biomesoplenty:optifine/ctm/grass_block_top.properties' in pack 'file/BOPPBR-FULL-RE1-v0.1.4.zip'
[17:31:24] [Worker-Main-7/WARN]: Unknown block 'biomesoplenty:smooth_black_sandstone' in 'matchBlocks' element 'biomesoplenty:smooth_black_sandstone' at index 63 in file 'biomesoplenty:optifine/ctm/grass_block_top.properties' in pack 'file/BOPPBR-FULL-RE1-v0.1.4.zip'
[17:31:24] [Worker-Main-7/WARN]: Unknown block 'biomesoplenty:smooth_black_sandstone_slab' in 'matchBlocks' element 'biomesoplenty:smooth_black_sandstone_slab' at index 64 in file 'biomesoplenty:optifine/ctm/grass_block_top.properties' in pack 'file/BOPPBR-FULL-RE1-v0.1.4.zip'
[17:31:24] [Worker-Main-7/WARN]: Unknown block 'biomesoplenty:black_sandstone_slab' in 'matchBlocks' element 'biomesoplenty:black_sandstone_slab' at index 65 in file 'biomesoplenty:optifine/ctm/grass_block_top.properties' in pack 'file/BOPPBR-FULL-RE1-v0.1.4.zip'
[17:31:24] [Worker-Main-7/WARN]: Unknown block 'biomesoplenty:thermal_calcite' in 'matchBlocks' element 'biomesoplenty:thermal_calcite' at index 66 in file 'biomesoplenty:optifine/ctm/grass_block_top.properties' in pack 'file/BOPPBR-FULL-RE1-v0.1.4.zip'
[17:31:24] [Worker-Main-7/WARN]: Unknown block 'biomesoplenty:thermal_calcite_vent' in 'matchBlocks' element 'biomesoplenty:thermal_calcite_vent' at index 67 in file 'biomesoplenty:optifine/ctm/grass_block_top.properties' in pack 'file/BOPPBR-FULL-RE1-v0.1.4.zip'
[17:31:24] [Worker-Main-7/WARN]: Unknown block 'biomesoplenty:dried_salt' in 'matchBlocks' element 'biomesoplenty:dried_salt' at index 68 in file 'biomesoplenty:optifine/ctm/grass_block_top.properties' in pack 'file/BOPPBR-FULL-RE1-v0.1.4.zip'
[17:31:24] [Worker-Main-7/WARN]: Unknown block 'biomesoplenty:flesh' in 'matchBlocks' element 'biomesoplenty:flesh' at index 69 in file 'biomesoplenty:optifine/ctm/grass_block_top.properties' in pack 'file/BOPPBR-FULL-RE1-v0.1.4.zip'
[17:31:24] [Worker-Main-7/WARN]: Unknown block 'biomesoplenty:porous_flesh' in 'matchBlocks' element 'biomesoplenty:porous_flesh' at index 70 in file 'biomesoplenty:optifine/ctm/grass_block_top.properties' in pack 'file/BOPPBR-FULL-RE1-v0.1.4.zip'
[17:31:24] [Worker-Main-7/WARN]: Unknown block 'biomesoplenty:brimstone' in 'matchBlocks' element 'biomesoplenty:brimstone' at index 71 in file 'biomesoplenty:optifine/ctm/grass_block_top.properties' in pack 'file/BOPPBR-FULL-RE1-v0.1.4.zip'
[17:31:24] [Worker-Main-7/WARN]: Unknown block 'biomesoplenty:brimstone_bricks' in 'matchBlocks' element 'biomesoplenty:brimstone_bricks' at index 72 in file 'biomesoplenty:optifine/ctm/grass_block_top.properties' in pack 'file/BOPPBR-FULL-RE1-v0.1.4.zip'
[17:31:24] [Worker-Main-7/WARN]: Unknown block 'biomesoplenty:brimstone_brick_slab' in 'matchBlocks' element 'biomesoplenty:brimstone_brick_slab' at index 73 in file 'biomesoplenty:optifine/ctm/grass_block_top.properties' in pack 'file/BOPPBR-FULL-RE1-v0.1.4.zip'
[17:31:24] [Worker-Main-7/WARN]: Unknown block 'biomesoplenty:chiseled_brimstone_bricks' in 'matchBlocks' element 'biomesoplenty:chiseled_brimstone_bricks' at index 74 in file 'biomesoplenty:optifine/ctm/grass_block_top.properties' in pack 'file/BOPPBR-FULL-RE1-v0.1.4.zip'
[17:31:24] [Worker-Main-7/WARN]: Unknown block 'biomesoplenty:rose_quartz_block' in 'matchBlocks' element 'biomesoplenty:rose_quartz_block' at index 75 in file 'biomesoplenty:optifine/ctm/grass_block_top.properties' in pack 'file/BOPPBR-FULL-RE1-v0.1.4.zip'
[17:31:24] [Worker-Main-7/WARN]: Unknown block 'biomesoplenty:algal_end_stone' in 'matchBlocks' element 'biomesoplenty:algal_end_stone' at index 76 in file 'biomesoplenty:optifine/ctm/grass_block_top.properties' in pack 'file/BOPPBR-FULL-RE1-v0.1.4.zip'
[17:31:24] [Worker-Main-7/WARN]: Unknown block 'biomesoplenty:unmapped_end_stone' in 'matchBlocks' element 'biomesoplenty:unmapped_end_stone' at index 77 in file 'biomesoplenty:optifine/ctm/grass_block_top.properties' in pack 'file/BOPPBR-FULL-RE1-v0.1.4.zip'
[17:31:24] [Worker-Main-7/WARN]: Unknown block 'biomesoplenty:null_end_stone' in 'matchBlocks' element 'biomesoplenty:null_end_stone' at index 78 in file 'biomesoplenty:optifine/ctm/grass_block_top.properties' in pack 'file/BOPPBR-FULL-RE1-v0.1.4.zip'
[17:31:24] [Worker-Main-7/WARN]: Unknown block 'biomesoplenty:null_block' in 'matchBlocks' element 'biomesoplenty:null_block' at index 79 in file 'biomesoplenty:optifine/ctm/grass_block_top.properties' in pack 'file/BOPPBR-FULL-RE1-v0.1.4.zip'
[17:31:24] [Worker-Main-7/WARN]: Unknown block 'biomesoplenty:anomaly' in 'matchBlocks' element 'biomesoplenty:anomaly' at index 80 in file 'biomesoplenty:optifine/ctm/grass_block_top.properties' in pack 'file/BOPPBR-FULL-RE1-v0.1.4.zip'
[17:31:24] [Worker-Main-7/WARN]: Unknown block 'biomesoplenty:toadstool_block' in 'matchBlocks' element 'biomesoplenty:toadstool_block' at index 81 in file 'biomesoplenty:optifine/ctm/grass_block_top.properties' in pack 'file/BOPPBR-FULL-RE1-v0.1.4.zip'
[17:31:24] [Worker-Main-7/WARN]: Unknown block 'biomesoplenty:glowshroom_block' in 'matchBlocks' element 'biomesoplenty:glowshroom_block' at index 82 in file 'biomesoplenty:optifine/ctm/grass_block_top.properties' in pack 'file/BOPPBR-FULL-RE1-v0.1.4.zip'
[17:31:24] [Worker-Main-7/WARN]: Unknown block 'biomesoplenty:glowing_moss_block' in 'matchBlocks' element 'biomesoplenty:glowing_moss_block' at index 83 in file 'biomesoplenty:optifine/ctm/grass_block_top.properties' in pack 'file/BOPPBR-FULL-RE1-v0.1.4.zip'
[17:31:24] [Worker-Main-7/WARN]: Unknown block 'biomesoplenty:origin_grass_block' in 'matchBlocks' element 'biomesoplenty:origin_grass_block' at index 84 in file 'biomesoplenty:optifine/ctm/grass_block_top.properties' in pack 'file/BOPPBR-FULL-RE1-v0.1.4.zip'
[17:31:24] [Worker-Main-7/WARN]: Unknown block 'biomesoplenty:white_flower_petal_block' in 'matchBlocks' element 'biomesoplenty:white_flower_petal_block' at index 85 in file 'biomesoplenty:optifine/ctm/grass_block_top.properties' in pack 'file/BOPPBR-FULL-RE1-v0.1.4.zip'
[17:31:24] [Worker-Main-7/WARN]: Unknown block 'biomesoplenty:light_gray_flower_petal_block' in 'matchBlocks' element 'biomesoplenty:light_gray_flower_petal_block' at index 86 in file 'biomesoplenty:optifine/ctm/grass_block_top.properties' in pack 'file/BOPPBR-FULL-RE1-v0.1.4.zip'
[17:31:24] [Worker-Main-7/WARN]: Unknown block 'biomesoplenty:gray_flower_petal_block' in 'matchBlocks' element 'biomesoplenty:gray_flower_petal_block' at index 87 in file 'biomesoplenty:optifine/ctm/grass_block_top.properties' in pack 'file/BOPPBR-FULL-RE1-v0.1.4.zip'
[17:31:24] [Worker-Main-7/WARN]: Unknown block 'biomesoplenty:black_flower_petal_block' in 'matchBlocks' element 'biomesoplenty:black_flower_petal_block' at index 88 in file 'biomesoplenty:optifine/ctm/grass_block_top.properties' in pack 'file/BOPPBR-FULL-RE1-v0.1.4.zip'
[17:31:24] [Worker-Main-7/WARN]: Unknown block 'biomesoplenty:brown_flower_petal_block' in 'matchBlocks' element 'biomesoplenty:brown_flower_petal_block' at index 89 in file 'biomesoplenty:optifine/ctm/grass_block_top.properties' in pack 'file/BOPPBR-FULL-RE1-v0.1.4.zip'
[17:31:24] [Worker-Main-7/WARN]: Unknown block 'biomesoplenty:red_flower_petal_block' in 'matchBlocks' element 'biomesoplenty:red_flower_petal_block' at index 90 in file 'biomesoplenty:optifine/ctm/grass_block_top.properties' in pack 'file/BOPPBR-FULL-RE1-v0.1.4.zip'
[17:31:24] [Worker-Main-7/WARN]: Unknown block 'biomesoplenty:orange_flower_petal_block' in 'matchBlocks' element 'biomesoplenty:orange_flower_petal_block' at index 91 in file 'biomesoplenty:optifine/ctm/grass_block_top.properties' in pack 'file/BOPPBR-FULL-RE1-v0.1.4.zip'
[17:31:24] [Worker-Main-7/WARN]: Unknown block 'biomesoplenty:yellow_flower_petal_block' in 'matchBlocks' element 'biomesoplenty:yellow_flower_petal_block' at index 92 in file 'biomesoplenty:optifine/ctm/grass_block_top.properties' in pack 'file/BOPPBR-FULL-RE1-v0.1.4.zip'
[17:31:24] [Worker-Main-7/WARN]: Unknown block 'biomesoplenty:lime_flower_petal_block' in 'matchBlocks' element 'biomesoplenty:lime_flower_petal_block' at index 93 in file 'biomesoplenty:optifine/ctm/grass_block_top.properties' in pack 'file/BOPPBR-FULL-RE1-v0.1.4.zip'
[17:31:24] [Worker-Main-7/WARN]: Unknown block 'biomesoplenty:green_flower_petal_block' in 'matchBlocks' element 'biomesoplenty:green_flower_petal_block' at index 94 in file 'biomesoplenty:optifine/ctm/grass_block_top.properties' in pack 'file/BOPPBR-FULL-RE1-v0.1.4.zip'
[17:31:24] [Worker-Main-7/WARN]: Unknown block 'biomesoplenty:cyan_flower_petal_block' in 'matchBlocks' element 'biomesoplenty:cyan_flower_petal_block' at index 95 in file 'biomesoplenty:optifine/ctm/grass_block_top.properties' in pack 'file/BOPPBR-FULL-RE1-v0.1.4.zip'
[17:31:24] [Worker-Main-7/WARN]: Unknown block 'biomesoplenty:light_blue_flower_petal_block' in 'matchBlocks' element 'biomesoplenty:light_blue_flower_petal_block' at index 96 in file 'biomesoplenty:optifine/ctm/grass_block_top.properties' in pack 'file/BOPPBR-FULL-RE1-v0.1.4.zip'
[17:31:24] [Worker-Main-7/WARN]: Unknown block 'biomesoplenty:blue_flower_petal_block' in 'matchBlocks' element 'biomesoplenty:blue_flower_petal_block' at index 97 in file 'biomesoplenty:optifine/ctm/grass_block_top.properties' in pack 'file/BOPPBR-FULL-RE1-v0.1.4.zip'
[17:31:24] [Worker-Main-7/WARN]: Unknown block 'biomesoplenty:purple_flower_petal_block' in 'matchBlocks' element 'biomesoplenty:purple_flower_petal_block' at index 98 in file 'biomesoplenty:optifine/ctm/grass_block_top.properties' in pack 'file/BOPPBR-FULL-RE1-v0.1.4.zip'
[17:31:24] [Worker-Main-7/WARN]: Unknown block 'biomesoplenty:magenta_flower_petal_block' in 'matchBlocks' element 'biomesoplenty:magenta_flower_petal_block' at index 99 in file 'biomesoplenty:optifine/ctm/grass_block_top.properties' in pack 'file/BOPPBR-FULL-RE1-v0.1.4.zip'
[17:31:24] [Worker-Main-7/WARN]: Unknown block 'biomesoplenty:pink_flower_petal_block' in 'matchBlocks' element 'biomesoplenty:pink_flower_petal_block' at index 100 in file 'biomesoplenty:optifine/ctm/grass_block_top.properties' in pack 'file/BOPPBR-FULL-RE1-v0.1.4.zip'
[17:31:24] [Worker-Main-7/WARN]: Unknown block 'biomesoplenty:flower_stem' in 'matchBlocks' element 'biomesoplenty:flower_stem' at index 101 in file 'biomesoplenty:optifine/ctm/grass_block_top.properties' in pack 'file/BOPPBR-FULL-RE1-v0.1.4.zip'
[17:31:24] [Worker-Main-7/WARN]: Unknown block 'biomesoplenty:origin_oak_log' in 'matchBlocks' element 'biomesoplenty:origin_oak_log' at index 102 in file 'biomesoplenty:optifine/ctm/grass_block_top.properties' in pack 'file/BOPPBR-FULL-RE1-v0.1.4.zip'
[17:31:24] [Worker-Main-7/WARN]: Unknown block 'biomesoplenty:stripped_origin_oak_log' in 'matchBlocks' element 'biomesoplenty:stripped_origin_oak_log' at index 103 in file 'biomesoplenty:optifine/ctm/grass_block_top.properties' in pack 'file/BOPPBR-FULL-RE1-v0.1.4.zip'
[17:31:24] [Worker-Main-7/WARN]: Unknown block 'biomesoplenty:origin_oak_wood' in 'matchBlocks' element 'biomesoplenty:origin_oak_wood' at index 104 in file 'biomesoplenty:optifine/ctm/grass_block_top.properties' in pack 'file/BOPPBR-FULL-RE1-v0.1.4.zip'
[17:31:24] [Worker-Main-7/WARN]: Unknown block 'biomesoplenty:stripped_origin_oak_wood' in 'matchBlocks' element 'biomesoplenty:stripped_origin_oak_wood' at index 105 in file 'biomesoplenty:optifine/ctm/grass_block_top.properties' in pack 'file/BOPPBR-FULL-RE1-v0.1.4.zip'
[17:31:24] [Worker-Main-7/WARN]: Unknown block 'biomesoplenty:origin_oak_planks' in 'matchBlocks' element 'biomesoplenty:origin_oak_planks' at index 106 in file 'biomesoplenty:optifine/ctm/grass_block_top.properties' in pack 'file/BOPPBR-FULL-RE1-v0.1.4.zip'
[17:31:24] [Worker-Main-7/WARN]: Unknown block 'biomesoplenty:origin_oak_slab' in 'matchBlocks' element 'biomesoplenty:origin_oak_slab' at index 107 in file 'biomesoplenty:optifine/ctm/grass_block_top.properties' in pack 'file/BOPPBR-FULL-RE1-v0.1.4.zip'
[17:31:24] [Worker-Main-7/WARN]: Unknown block 'biomesoplenty:fir_log' in 'matchBlocks' element 'biomesoplenty:fir_log' at index 108 in file 'biomesoplenty:optifine/ctm/grass_block_top.properties' in pack 'file/BOPPBR-FULL-RE1-v0.1.4.zip'
[17:31:24] [Worker-Main-7/WARN]: Unknown block 'biomesoplenty:stripped_fir_log' in 'matchBlocks' element 'biomesoplenty:stripped_fir_log' at index 109 in file 'biomesoplenty:optifine/ctm/grass_block_top.properties' in pack 'file/BOPPBR-FULL-RE1-v0.1.4.zip'
[17:31:24] [Worker-Main-7/WARN]: Unknown block 'biomesoplenty:fir_wood' in 'matchBlocks' element 'biomesoplenty:fir_wood' at index 110 in file 'biomesoplenty:optifine/ctm/grass_block_top.properties' in pack 'file/BOPPBR-FULL-RE1-v0.1.4.zip'
[17:31:24] [Worker-Main-7/WARN]: Unknown block 'biomesoplenty:stripped_fir_wood' in 'matchBlocks' element 'biomesoplenty:stripped_fir_wood' at index 111 in file 'biomesoplenty:optifine/ctm/grass_block_top.properties' in pack 'file/BOPPBR-FULL-RE1-v0.1.4.zip'
[17:31:24] [Worker-Main-7/WARN]: Unknown block 'biomesoplenty:fir_planks' in 'matchBlocks' element 'biomesoplenty:fir_planks' at index 112 in file 'biomesoplenty:optifine/ctm/grass_block_top.properties' in pack 'file/BOPPBR-FULL-RE1-v0.1.4.zip'
[17:31:24] [Worker-Main-7/WARN]: Unknown block 'biomesoplenty:fir_slab' in 'matchBlocks' element 'biomesoplenty:fir_slab' at index 113 in file 'biomesoplenty:optifine/ctm/grass_block_top.properties' in pack 'file/BOPPBR-FULL-RE1-v0.1.4.zip'
[17:31:24] [Worker-Main-7/WARN]: Unknown block 'biomesoplenty:pine_log' in 'matchBlocks' element 'biomesoplenty:pine_log' at index 114 in file 'biomesoplenty:optifine/ctm/grass_block_top.properties' in pack 'file/BOPPBR-FULL-RE1-v0.1.4.zip'
[17:31:24] [Worker-Main-7/WARN]: Unknown block 'biomesoplenty:stripped_pine_log' in 'matchBlocks' element 'biomesoplenty:stripped_pine_log' at index 115 in file 'biomesoplenty:optifine/ctm/grass_block_top.properties' in pack 'file/BOPPBR-FULL-RE1-v0.1.4.zip'
[17:31:24] [Worker-Main-7/WARN]: Unknown block 'biomesoplenty:pine_wood' in 'matchBlocks' element 'biomesoplenty:pine_wood' at index 116 in file 'biomesoplenty:optifine/ctm/grass_block_top.properties' in pack 'file/BOPPBR-FULL-RE1-v0.1.4.zip'
[17:31:24] [Worker-Main-7/WARN]: Unknown block 'biomesoplenty:stripped_pine_wood' in 'matchBlocks' element 'biomesoplenty:stripped_pine_wood' at index 117 in file 'biomesoplenty:optifine/ctm/grass_block_top.properties' in pack 'file/BOPPBR-FULL-RE1-v0.1.4.zip'
[17:31:24] [Worker-Main-7/WARN]: Unknown block 'biomesoplenty:pine_planks' in 'matchBlocks' element 'biomesoplenty:pine_planks' at index 118 in file 'biomesoplenty:optifine/ctm/grass_block_top.properties' in pack 'file/BOPPBR-FULL-RE1-v0.1.4.zip'
[17:31:24] [Worker-Main-7/WARN]: Unknown block 'biomesoplenty:pine_slab' in 'matchBlocks' element 'biomesoplenty:pine_slab' at index 119 in file 'biomesoplenty:optifine/ctm/grass_block_top.properties' in pack 'file/BOPPBR-FULL-RE1-v0.1.4.zip'
[17:31:24] [Worker-Main-7/WARN]: Unknown block 'biomesoplenty:maple_log' in 'matchBlocks' element 'biomesoplenty:maple_log' at index 120 in file 'biomesoplenty:optifine/ctm/grass_block_top.properties' in pack 'file/BOPPBR-FULL-RE1-v0.1.4.zip'
[17:31:24] [Worker-Main-7/WARN]: Unknown block 'biomesoplenty:stripped_maple_log' in 'matchBlocks' element 'biomesoplenty:stripped_maple_log' at index 121 in file 'biomesoplenty:optifine/ctm/grass_block_top.properties' in pack 'file/BOPPBR-FULL-RE1-v0.1.4.zip'
[17:31:24] [Worker-Main-7/WARN]: Unknown block 'biomesoplenty:maple_wood' in 'matchBlocks' element 'biomesoplenty:maple_wood' at index 122 in file 'biomesoplenty:optifine/ctm/grass_block_top.properties' in pack 'file/BOPPBR-FULL-RE1-v0.1.4.zip'
[17:31:24] [Worker-Main-7/WARN]: Unknown block 'biomesoplenty:stripped_maple_wood' in 'matchBlocks' element 'biomesoplenty:stripped_maple_wood' at index 123 in file 'biomesoplenty:optifine/ctm/grass_block_top.properties' in pack 'file/BOPPBR-FULL-RE1-v0.1.4.zip'
[17:31:24] [Worker-Main-7/WARN]: Unknown block 'biomesoplenty:maple_planks' in 'matchBlocks' element 'biomesoplenty:maple_planks' at index 124 in file 'biomesoplenty:optifine/ctm/grass_block_top.properties' in pack 'file/BOPPBR-FULL-RE1-v0.1.4.zip'
[17:31:24] [Worker-Main-7/WARN]: Unknown block 'biomesoplenty:maple_slab' in 'matchBlocks' element 'biomesoplenty:maple_slab' at index 125 in file 'biomesoplenty:optifine/ctm/grass_block_top.properties' in pack 'file/BOPPBR-FULL-RE1-v0.1.4.zip'
[17:31:24] [Worker-Main-7/WARN]: Unknown block 'biomesoplenty:redwood_log' in 'matchBlocks' element 'biomesoplenty:redwood_log' at index 126 in file 'biomesoplenty:optifine/ctm/grass_block_top.properties' in pack 'file/BOPPBR-FULL-RE1-v0.1.4.zip'
[17:31:24] [Worker-Main-7/WARN]: Unknown block 'biomesoplenty:stripped_redwood_log' in 'matchBlocks' element 'biomesoplenty:stripped_redwood_log' at index 127 in file 'biomesoplenty:optifine/ctm/grass_block_top.properties' in pack 'file/BOPPBR-FULL-RE1-v0.1.4.zip'
[17:31:24] [Worker-Main-7/WARN]: Unknown block 'biomesoplenty:redwood_wood' in 'matchBlocks' element 'biomesoplenty:redwood_wood' at index 128 in file 'biomesoplenty:optifine/ctm/grass_block_top.properties' in pack 'file/BOPPBR-FULL-RE1-v0.1.4.zip'
[17:31:24] [Worker-Main-7/WARN]: Unknown block 'biomesoplenty:stripped_redwood_wood' in 'matchBlocks' element 'biomesoplenty:stripped_redwood_wood' at index 129 in file 'biomesoplenty:optifine/ctm/grass_block_top.properties' in pack 'file/BOPPBR-FULL-RE1-v0.1.4.zip'
[17:31:24] [Worker-Main-7/WARN]: Unknown block 'biomesoplenty:redwood_planks' in 'matchBlocks' element 'biomesoplenty:redwood_planks' at index 130 in file 'biomesoplenty:optifine/ctm/grass_block_top.properties' in pack 'file/BOPPBR-FULL-RE1-v0.1.4.zip'
[17:31:24] [Worker-Main-7/WARN]: Unknown block 'biomesoplenty:redwood_slab' in 'matchBlocks' element 'biomesoplenty:redwood_slab' at index 131 in file 'biomesoplenty:optifine/ctm/grass_block_top.properties' in pack 'file/BOPPBR-FULL-RE1-v0.1.4.zip'
[17:31:24] [Worker-Main-7/WARN]: Unknown block 'biomesoplenty:mahogany_log' in 'matchBlocks' element 'biomesoplenty:mahogany_log' at index 132 in file 'biomesoplenty:optifine/ctm/grass_block_top.properties' in pack 'file/BOPPBR-FULL-RE1-v0.1.4.zip'
[17:31:24] [Worker-Main-7/WARN]: Unknown block 'biomesoplenty:stripped_mahogany_log' in 'matchBlocks' element 'biomesoplenty:stripped_mahogany_log' at index 133 in file 'biomesoplenty:optifine/ctm/grass_block_top.properties' in pack 'file/BOPPBR-FULL-RE1-v0.1.4.zip'
[17:31:24] [Worker-Main-7/WARN]: Unknown block 'biomesoplenty:mahogany_wood' in 'matchBlocks' element 'biomesoplenty:mahogany_wood' at index 134 in file 'biomesoplenty:optifine/ctm/grass_block_top.properties' in pack 'file/BOPPBR-FULL-RE1-v0.1.4.zip'
[17:31:24] [Worker-Main-7/WARN]: Unknown block 'biomesoplenty:stripped_mahogany_wood' in 'matchBlocks' element 'biomesoplenty:stripped_mahogany_wood' at index 135 in file 'biomesoplenty:optifine/ctm/grass_block_top.properties' in pack 'file/BOPPBR-FULL-RE1-v0.1.4.zip'
[17:31:24] [Worker-Main-7/WARN]: Unknown block 'biomesoplenty:mahogany_planks' in 'matchBlocks' element 'biomesoplenty:mahogany_planks' at index 136 in file 'biomesoplenty:optifine/ctm/grass_block_top.properties' in pack 'file/BOPPBR-FULL-RE1-v0.1.4.zip'
[17:31:24] [Worker-Main-7/WARN]: Unknown block 'biomesoplenty:mahogany_slab' in 'matchBlocks' element 'biomesoplenty:mahogany_slab' at index 137 in file 'biomesoplenty:optifine/ctm/grass_block_top.properties' in pack 'file/BOPPBR-FULL-RE1-v0.1.4.zip'
[17:31:24] [Worker-Main-7/WARN]: Unknown block 'biomesoplenty:jacaranda_log' in 'matchBlocks' element 'biomesoplenty:jacaranda_log' at index 138 in file 'biomesoplenty:optifine/ctm/grass_block_top.properties' in pack 'file/BOPPBR-FULL-RE1-v0.1.4.zip'
[17:31:24] [Worker-Main-7/WARN]: Unknown block 'biomesoplenty:stripped_jacaranda_log' in 'matchBlocks' element 'biomesoplenty:stripped_jacaranda_log' at index 139 in file 'biomesoplenty:optifine/ctm/grass_block_top.properties' in pack 'file/BOPPBR-FULL-RE1-v0.1.4.zip'
[17:31:24] [Worker-Main-7/WARN]: Unknown block 'biomesoplenty:jacaranda_wood' in 'matchBlocks' element 'biomesoplenty:jacaranda_wood' at index 140 in file 'biomesoplenty:optifine/ctm/grass_block_top.properties' in pack 'file/BOPPBR-FULL-RE1-v0.1.4.zip'
[17:31:24] [Worker-Main-7/WARN]: Unknown block 'biomesoplenty:stripped_jacaranda_wood' in 'matchBlocks' element 'biomesoplenty:stripped_jacaranda_wood' at index 141 in file 'biomesoplenty:optifine/ctm/grass_block_top.properties' in pack 'file/BOPPBR-FULL-RE1-v0.1.4.zip'
[17:31:24] [Worker-Main-7/WARN]: Unknown block 'biomesoplenty:jacaranda_planks' in 'matchBlocks' element 'biomesoplenty:jacaranda_planks' at index 142 in file 'biomesoplenty:optifine/ctm/grass_block_top.properties' in pack 'file/BOPPBR-FULL-RE1-v0.1.4.zip'
[17:31:24] [Worker-Main-7/WARN]: Unknown block 'biomesoplenty:jacaranda_slab' in 'matchBlocks' element 'biomesoplenty:jacaranda_slab' at index 143 in file 'biomesoplenty:optifine/ctm/grass_block_top.properties' in pack 'file/BOPPBR-FULL-RE1-v0.1.4.zip'
[17:31:24] [Worker-Main-7/WARN]: Unknown block 'biomesoplenty:palm_log' in 'matchBlocks' element 'biomesoplenty:palm_log' at index 144 in file 'biomesoplenty:optifine/ctm/grass_block_top.properties' in pack 'file/BOPPBR-FULL-RE1-v0.1.4.zip'
[17:31:24] [Worker-Main-7/WARN]: Unknown block 'biomesoplenty:stripped_palm_log' in 'matchBlocks' element 'biomesoplenty:stripped_palm_log' at index 145 in file 'biomesoplenty:optifine/ctm/grass_block_top.properties' in pack 'file/BOPPBR-FULL-RE1-v0.1.4.zip'
[17:31:24] [Worker-Main-7/WARN]: Unknown block 'biomesoplenty:palm_wood' in 'matchBlocks' element 'biomesoplenty:palm_wood' at index 146 in file 'biomesoplenty:optifine/ctm/grass_block_top.properties' in pack 'file/BOPPBR-FULL-RE1-v0.1.4.zip'
[17:31:24] [Worker-Main-7/WARN]: Unknown block 'biomesoplenty:stripped_palm_wood' in 'matchBlocks' element 'biomesoplenty:stripped_palm_wood' at index 147 in file 'biomesoplenty:optifine/ctm/grass_block_top.properties' in pack 'file/BOPPBR-FULL-RE1-v0.1.4.zip'
[17:31:24] [Worker-Main-7/WARN]: Unknown block 'biomesoplenty:palm_planks' in 'matchBlocks' element 'biomesoplenty:palm_planks' at index 148 in file 'biomesoplenty:optifine/ctm/grass_block_top.properties' in pack 'file/BOPPBR-FULL-RE1-v0.1.4.zip'
[17:31:24] [Worker-Main-7/WARN]: Unknown block 'biomesoplenty:palm_slab' in 'matchBlocks' element 'biomesoplenty:palm_slab' at index 149 in file 'biomesoplenty:optifine/ctm/grass_block_top.properties' in pack 'file/BOPPBR-FULL-RE1-v0.1.4.zip'
[17:31:24] [Worker-Main-7/WARN]: Unknown block 'biomesoplenty:willow_log' in 'matchBlocks' element 'biomesoplenty:willow_log' at index 150 in file 'biomesoplenty:optifine/ctm/grass_block_top.properties' in pack 'file/BOPPBR-FULL-RE1-v0.1.4.zip'
[17:31:24] [Worker-Main-7/WARN]: Unknown block 'biomesoplenty:stripped_willow_log' in 'matchBlocks' element 'biomesoplenty:stripped_willow_log' at index 151 in file 'biomesoplenty:optifine/ctm/grass_block_top.properties' in pack 'file/BOPPBR-FULL-RE1-v0.1.4.zip'
[17:31:24] [Worker-Main-7/WARN]: Unknown block 'biomesoplenty:willow_wood' in 'matchBlocks' element 'biomesoplenty:willow_wood' at index 152 in file 'biomesoplenty:optifine/ctm/grass_block_top.properties' in pack 'file/BOPPBR-FULL-RE1-v0.1.4.zip'
[17:31:24] [Worker-Main-7/WARN]: Unknown block 'biomesoplenty:stripped_willow_wood' in 'matchBlocks' element 'biomesoplenty:stripped_willow_wood' at index 153 in file 'biomesoplenty:optifine/ctm/grass_block_top.properties' in pack 'file/BOPPBR-FULL-RE1-v0.1.4.zip'
[17:31:24] [Worker-Main-7/WARN]: Unknown block 'biomesoplenty:willow_planks' in 'matchBlocks' element 'biomesoplenty:willow_planks' at index 154 in file 'biomesoplenty:optifine/ctm/grass_block_top.properties' in pack 'file/BOPPBR-FULL-RE1-v0.1.4.zip'
[17:31:24] [Worker-Main-7/WARN]: Unknown block 'biomesoplenty:willow_slab' in 'matchBlocks' element 'biomesoplenty:willow_slab' at index 155 in file 'biomesoplenty:optifine/ctm/grass_block_top.properties' in pack 'file/BOPPBR-FULL-RE1-v0.1.4.zip'
[17:31:24] [Worker-Main-7/WARN]: Unknown block 'biomesoplenty:magic_log' in 'matchBlocks' element 'biomesoplenty:magic_log' at index 156 in file 'biomesoplenty:optifine/ctm/grass_block_top.properties' in pack 'file/BOPPBR-FULL-RE1-v0.1.4.zip'
[17:31:24] [Worker-Main-7/WARN]: Unknown block 'biomesoplenty:stripped_magic_log' in 'matchBlocks' element 'biomesoplenty:stripped_magic_log' at index 157 in file 'biomesoplenty:optifine/ctm/grass_block_top.properties' in pack 'file/BOPPBR-FULL-RE1-v0.1.4.zip'
[17:31:24] [Worker-Main-7/WARN]: Unknown block 'biomesoplenty:magic_wood' in 'matchBlocks' element 'biomesoplenty:magic_wood' at index 158 in file 'biomesoplenty:optifine/ctm/grass_block_top.properties' in pack 'file/BOPPBR-FULL-RE1-v0.1.4.zip'
[17:31:24] [Worker-Main-7/WARN]: Unknown block 'biomesoplenty:stripped_magic_wood' in 'matchBlocks' element 'biomesoplenty:stripped_magic_wood' at index 159 in file 'biomesoplenty:optifine/ctm/grass_block_top.properties' in pack 'file/BOPPBR-FULL-RE1-v0.1.4.zip'
[17:31:24] [Worker-Main-7/WARN]: Unknown block 'biomesoplenty:magic_planks' in 'matchBlocks' element 'biomesoplenty:magic_planks' at index 160 in file 'biomesoplenty:optifine/ctm/grass_block_top.properties' in pack 'file/BOPPBR-FULL-RE1-v0.1.4.zip'
[17:31:24] [Worker-Main-7/WARN]: Unknown block 'biomesoplenty:magic_slab' in 'matchBlocks' element 'biomesoplenty:magic_slab' at index 161 in file 'biomesoplenty:optifine/ctm/grass_block_top.properties' in pack 'file/BOPPBR-FULL-RE1-v0.1.4.zip'
[17:31:24] [Worker-Main-7/WARN]: Unknown block 'biomesoplenty:umbran_log' in 'matchBlocks' element 'biomesoplenty:umbran_log' at index 162 in file 'biomesoplenty:optifine/ctm/grass_block_top.properties' in pack 'file/BOPPBR-FULL-RE1-v0.1.4.zip'
[17:31:24] [Worker-Main-7/WARN]: Unknown block 'biomesoplenty:stripped_umbran_log' in 'matchBlocks' element 'biomesoplenty:stripped_umbran_log' at index 163 in file 'biomesoplenty:optifine/ctm/grass_block_top.properties' in pack 'file/BOPPBR-FULL-RE1-v0.1.4.zip'
[17:31:24] [Worker-Main-7/WARN]: Unknown block 'biomesoplenty:umbran_wood' in 'matchBlocks' element 'biomesoplenty:umbran_wood' at index 164 in file 'biomesoplenty:optifine/ctm/grass_block_top.properties' in pack 'file/BOPPBR-FULL-RE1-v0.1.4.zip'
[17:31:24] [Worker-Main-7/WARN]: Unknown block 'biomesoplenty:stripped_umbran_wood' in 'matchBlocks' element 'biomesoplenty:stripped_umbran_wood' at index 165 in file 'biomesoplenty:optifine/ctm/grass_block_top.properties' in pack 'file/BOPPBR-FULL-RE1-v0.1.4.zip'
[17:31:24] [Worker-Main-7/WARN]: Unknown block 'biomesoplenty:umbran_planks' in 'matchBlocks' element 'biomesoplenty:umbran_planks' at index 166 in file 'biomesoplenty:optifine/ctm/grass_block_top.properties' in pack 'file/BOPPBR-FULL-RE1-v0.1.4.zip'
[17:31:24] [Worker-Main-7/WARN]: Unknown block 'biomesoplenty:umbran_slab' in 'matchBlocks' element 'biomesoplenty:umbran_slab' at index 167 in file 'biomesoplenty:optifine/ctm/grass_block_top.properties' in pack 'file/BOPPBR-FULL-RE1-v0.1.4.zip'
[17:31:24] [Worker-Main-7/WARN]: Unknown block 'biomesoplenty:hellbark_log' in 'matchBlocks' element 'biomesoplenty:hellbark_log' at index 168 in file 'biomesoplenty:optifine/ctm/grass_block_top.properties' in pack 'file/BOPPBR-FULL-RE1-v0.1.4.zip'
[17:31:24] [Worker-Main-7/WARN]: Unknown block 'biomesoplenty:stripped_hellbark_log' in 'matchBlocks' element 'biomesoplenty:stripped_hellbark_log' at index 169 in file 'biomesoplenty:optifine/ctm/grass_block_top.properties' in pack 'file/BOPPBR-FULL-RE1-v0.1.4.zip'
[17:31:24] [Worker-Main-7/WARN]: Unknown block 'biomesoplenty:hellbark_wood' in 'matchBlocks' element 'biomesoplenty:hellbark_wood' at index 170 in file 'biomesoplenty:optifine/ctm/grass_block_top.properties' in pack 'file/BOPPBR-FULL-RE1-v0.1.4.zip'
[17:31:24] [Worker-Main-7/WARN]: Unknown block 'biomesoplenty:stripped_hellbark_wood' in 'matchBlocks' element 'biomesoplenty:stripped_hellbark_wood' at index 171 in file 'biomesoplenty:optifine/ctm/grass_block_top.properties' in pack 'file/BOPPBR-FULL-RE1-v0.1.4.zip'
[17:31:24] [Worker-Main-7/WARN]: Unknown block 'biomesoplenty:hellbark_planks' in 'matchBlocks' element 'biomesoplenty:hellbark_planks' at index 172 in file 'biomesoplenty:optifine/ctm/grass_block_top.properties' in pack 'file/BOPPBR-FULL-RE1-v0.1.4.zip'
[17:31:24] [Worker-Main-7/WARN]: Unknown block 'biomesoplenty:hellbark_slab' in 'matchBlocks' element 'biomesoplenty:hellbark_slab' at index 173 in file 'biomesoplenty:optifine/ctm/grass_block_top.properties' in pack 'file/BOPPBR-FULL-RE1-v0.1.4.zip'
[17:31:24] [Worker-Main-7/WARN]: Unknown block 'biomesoplenty:empyreal_log' in 'matchBlocks' element 'biomesoplenty:empyreal_log' at index 174 in file 'biomesoplenty:optifine/ctm/grass_block_top.properties' in pack 'file/BOPPBR-FULL-RE1-v0.1.4.zip'
[17:31:24] [Worker-Main-7/WARN]: Unknown block 'biomesoplenty:stripped_empyreal_log' in 'matchBlocks' element 'biomesoplenty:stripped_empyreal_log' at index 175 in file 'biomesoplenty:optifine/ctm/grass_block_top.properties' in pack 'file/BOPPBR-FULL-RE1-v0.1.4.zip'
[17:31:24] [Worker-Main-7/WARN]: Unknown block 'biomesoplenty:empyreal_wood' in 'matchBlocks' element 'biomesoplenty:empyreal_wood' at index 176 in file 'biomesoplenty:optifine/ctm/grass_block_top.properties' in pack 'file/BOPPBR-FULL-RE1-v0.1.4.zip'
[17:31:24] [Worker-Main-7/WARN]: Unknown block 'biomesoplenty:stripped_empyreal_wood' in 'matchBlocks' element 'biomesoplenty:stripped_empyreal_wood' at index 177 in file 'biomesoplenty:optifine/ctm/grass_block_top.properties' in pack 'file/BOPPBR-FULL-RE1-v0.1.4.zip'
[17:31:24] [Worker-Main-7/WARN]: Unknown block 'biomesoplenty:empyreal_planks' in 'matchBlocks' element 'biomesoplenty:empyreal_planks' at index 178 in file 'biomesoplenty:optifine/ctm/grass_block_top.properties' in pack 'file/BOPPBR-FULL-RE1-v0.1.4.zip'
[17:31:24] [Worker-Main-7/WARN]: Unknown block 'biomesoplenty:empyreal_slab' in 'matchBlocks' element 'biomesoplenty:empyreal_slab' at index 179 in file 'biomesoplenty:optifine/ctm/grass_block_top.properties' in pack 'file/BOPPBR-FULL-RE1-v0.1.4.zip'
[17:31:24] [Worker-Main-7/WARN]: Unknown block 'biomesoplenty:orange_sand' in 'matchBlocks' element 'biomesoplenty:orange_sand' at index 36 in file 'biomesoplenty:optifine/ctm/orange_sand.properties' in pack 'file/BOPPBR-FULL-RE1-v0.1.4.zip'
[17:31:24] [Worker-Main-7/WARN]: Unknown block 'biomesoplenty:orange_sandstone' in 'matchBlocks' element 'biomesoplenty:orange_sandstone' at index 37 in file 'biomesoplenty:optifine/ctm/orange_sand.properties' in pack 'file/BOPPBR-FULL-RE1-v0.1.4.zip'
[17:31:24] [Worker-Main-7/WARN]: Unknown block 'biomesoplenty:cut_orange_sandstone' in 'matchBlocks' element 'biomesoplenty:cut_orange_sandstone' at index 38 in file 'biomesoplenty:optifine/ctm/orange_sand.properties' in pack 'file/BOPPBR-FULL-RE1-v0.1.4.zip'
[17:31:24] [Worker-Main-7/WARN]: Unknown block 'biomesoplenty:cut_orange_sandstone_slab' in 'matchBlocks' element 'biomesoplenty:cut_orange_sandstone_slab' at index 39 in file 'biomesoplenty:optifine/ctm/orange_sand.properties' in pack 'file/BOPPBR-FULL-RE1-v0.1.4.zip'
[17:31:24] [Worker-Main-7/WARN]: Unknown block 'biomesoplenty:chiseled_orange_sandstone' in 'matchBlocks' element 'biomesoplenty:chiseled_orange_sandstone' at index 40 in file 'biomesoplenty:optifine/ctm/orange_sand.properties' in pack 'file/BOPPBR-FULL-RE1-v0.1.4.zip'
[17:31:24] [Worker-Main-7/WARN]: Unknown block 'biomesoplenty:smooth_orange_sandstone' in 'matchBlocks' element 'biomesoplenty:smooth_orange_sandstone' at index 41 in file 'biomesoplenty:optifine/ctm/orange_sand.properties' in pack 'file/BOPPBR-FULL-RE1-v0.1.4.zip'
[17:31:24] [Worker-Main-7/WARN]: Unknown block 'biomesoplenty:smooth_orange_sandstone_slab' in 'matchBlocks' element 'biomesoplenty:smooth_orange_sandstone_slab' at index 42 in file 'biomesoplenty:optifine/ctm/orange_sand.properties' in pack 'file/BOPPBR-FULL-RE1-v0.1.4.zip'
[17:31:24] [Worker-Main-7/WARN]: Unknown block 'biomesoplenty:orange_sandstone_slab' in 'matchBlocks' element 'biomesoplenty:orange_sandstone_slab' at index 43 in file 'biomesoplenty:optifine/ctm/orange_sand.properties' in pack 'file/BOPPBR-FULL-RE1-v0.1.4.zip'
[17:31:24] [Worker-Main-7/WARN]: Unknown block 'biomesoplenty:white_sand' in 'matchBlocks' element 'biomesoplenty:white_sand' at index 44 in file 'biomesoplenty:optifine/ctm/orange_sand.properties' in pack 'file/BOPPBR-FULL-RE1-v0.1.4.zip'
[17:31:24] [Worker-Main-7/WARN]: Unknown block 'biomesoplenty:white_sandstone' in 'matchBlocks' element 'biomesoplenty:white_sandstone' at index 45 in file 'biomesoplenty:optifine/ctm/orange_sand.properties' in pack 'file/BOPPBR-FULL-RE1-v0.1.4.zip'
[17:31:24] [Worker-Main-7/WARN]: Unknown block 'biomesoplenty:cut_white_sandstone' in 'matchBlocks' element 'biomesoplenty:cut_white_sandstone' at index 46 in file 'biomesoplenty:optifine/ctm/orange_sand.properties' in pack 'file/BOPPBR-FULL-RE1-v0.1.4.zip'
[17:31:24] [Worker-Main-7/WARN]: Unknown block 'biomesoplenty:cut_white_sandstone_slab' in 'matchBlocks' element 'biomesoplenty:cut_white_sandstone_slab' at index 47 in file 'biomesoplenty:optifine/ctm/orange_sand.properties' in pack 'file/BOPPBR-FULL-RE1-v0.1.4.zip'
[17:31:24] [Worker-Main-7/WARN]: Unknown block 'biomesoplenty:chiseled_white_sandstone' in 'matchBlocks' element 'biomesoplenty:chiseled_white_sandstone' at index 48 in file 'biomesoplenty:optifine/ctm/orange_sand.properties' in pack 'file/BOPPBR-FULL-RE1-v0.1.4.zip'
[17:31:24] [Worker-Main-7/WARN]: Unknown block 'biomesoplenty:smooth_white_sandstone' in 'matchBlocks' element 'biomesoplenty:smooth_white_sandstone' at index 49 in file 'biomesoplenty:optifine/ctm/orange_sand.properties' in pack 'file/BOPPBR-FULL-RE1-v0.1.4.zip'
[17:31:24] [Worker-Main-7/WARN]: Unknown block 'biomesoplenty:smooth_white_sandstone_slab' in 'matchBlocks' element 'biomesoplenty:smooth_white_sandstone_slab' at index 50 in file 'biomesoplenty:optifine/ctm/orange_sand.properties' in pack 'file/BOPPBR-FULL-RE1-v0.1.4.zip'
[17:31:24] [Worker-Main-7/WARN]: Unknown block 'biomesoplenty:white_sandstone_slab' in 'matchBlocks' element 'biomesoplenty:white_sandstone_slab' at index 51 in file 'biomesoplenty:optifine/ctm/orange_sand.properties' in pack 'file/BOPPBR-FULL-RE1-v0.1.4.zip'
[17:31:24] [Worker-Main-7/WARN]: Unknown block 'biomesoplenty:mossy_black_sand' in 'matchBlocks' element 'biomesoplenty:mossy_black_sand' at index 52 in file 'biomesoplenty:optifine/ctm/orange_sand.properties' in pack 'file/BOPPBR-FULL-RE1-v0.1.4.zip'
[17:31:24] [Worker-Main-7/WARN]: Unknown block 'biomesoplenty:black_sand' in 'matchBlocks' element 'biomesoplenty:black_sand' at index 53 in file 'biomesoplenty:optifine/ctm/orange_sand.properties' in pack 'file/BOPPBR-FULL-RE1-v0.1.4.zip'
[17:31:24] [Worker-Main-7/WARN]: Unknown block 'biomesoplenty:black_sandstone' in 'matchBlocks' element 'biomesoplenty:black_sandstone' at index 54 in file 'biomesoplenty:optifine/ctm/orange_sand.properties' in pack 'file/BOPPBR-FULL-RE1-v0.1.4.zip'
[17:31:24] [Worker-Main-7/WARN]: Unknown block 'biomesoplenty:cut_black_sandstone' in 'matchBlocks' element 'biomesoplenty:cut_black_sandstone' at index 55 in file 'biomesoplenty:optifine/ctm/orange_sand.properties' in pack 'file/BOPPBR-FULL-RE1-v0.1.4.zip'
[17:31:24] [Worker-Main-7/WARN]: Unknown block 'biomesoplenty:cut_black_sandstone_slab' in 'matchBlocks' element 'biomesoplenty:cut_black_sandstone_slab' at index 56 in file 'biomesoplenty:optifine/ctm/orange_sand.properties' in pack 'file/BOPPBR-FULL-RE1-v0.1.4.zip'
[17:31:24] [Worker-Main-7/WARN]: Unknown block 'biomesoplenty:chiseled_black_sandstone' in 'matchBlocks' element 'biomesoplenty:chiseled_black_sandstone' at index 57 in file 'biomesoplenty:optifine/ctm/orange_sand.properties' in pack 'file/BOPPBR-FULL-RE1-v0.1.4.zip'
[17:31:24] [Worker-Main-7/WARN]: Unknown block 'biomesoplenty:smooth_black_sandstone' in 'matchBlocks' element 'biomesoplenty:smooth_black_sandstone' at index 58 in file 'biomesoplenty:optifine/ctm/orange_sand.properties' in pack 'file/BOPPBR-FULL-RE1-v0.1.4.zip'
[17:31:24] [Worker-Main-7/WARN]: Unknown block 'biomesoplenty:smooth_black_sandstone_slab' in 'matchBlocks' element 'biomesoplenty:smooth_black_sandstone_slab' at index 59 in file 'biomesoplenty:optifine/ctm/orange_sand.properties' in pack 'file/BOPPBR-FULL-RE1-v0.1.4.zip'
[17:31:24] [Worker-Main-7/WARN]: Unknown block 'biomesoplenty:black_sandstone_slab' in 'matchBlocks' element 'biomesoplenty:black_sandstone_slab' at index 60 in file 'biomesoplenty:optifine/ctm/orange_sand.properties' in pack 'file/BOPPBR-FULL-RE1-v0.1.4.zip'
[17:31:24] [Worker-Main-7/WARN]: Unknown block 'biomesoplenty:thermal_calcite' in 'matchBlocks' element 'biomesoplenty:thermal_calcite' at index 61 in file 'biomesoplenty:optifine/ctm/orange_sand.properties' in pack 'file/BOPPBR-FULL-RE1-v0.1.4.zip'
[17:31:24] [Worker-Main-7/WARN]: Unknown block 'biomesoplenty:thermal_calcite_vent' in 'matchBlocks' element 'biomesoplenty:thermal_calcite_vent' at index 62 in file 'biomesoplenty:optifine/ctm/orange_sand.properties' in pack 'file/BOPPBR-FULL-RE1-v0.1.4.zip'
[17:31:24] [Worker-Main-7/WARN]: Unknown block 'biomesoplenty:dried_salt' in 'matchBlocks' element 'biomesoplenty:dried_salt' at index 63 in file 'biomesoplenty:optifine/ctm/orange_sand.properties' in pack 'file/BOPPBR-FULL-RE1-v0.1.4.zip'
[17:31:24] [Worker-Main-7/WARN]: Unknown block 'biomesoplenty:flesh' in 'matchBlocks' element 'biomesoplenty:flesh' at index 64 in file 'biomesoplenty:optifine/ctm/orange_sand.properties' in pack 'file/BOPPBR-FULL-RE1-v0.1.4.zip'
[17:31:24] [Worker-Main-7/WARN]: Unknown block 'biomesoplenty:porous_flesh' in 'matchBlocks' element 'biomesoplenty:porous_flesh' at index 65 in file 'biomesoplenty:optifine/ctm/orange_sand.properties' in pack 'file/BOPPBR-FULL-RE1-v0.1.4.zip'
[17:31:24] [Worker-Main-7/WARN]: Unknown block 'biomesoplenty:brimstone' in 'matchBlocks' element 'biomesoplenty:brimstone' at index 66 in file 'biomesoplenty:optifine/ctm/orange_sand.properties' in pack 'file/BOPPBR-FULL-RE1-v0.1.4.zip'
[17:31:24] [Worker-Main-7/WARN]: Unknown block 'biomesoplenty:brimstone_bricks' in 'matchBlocks' element 'biomesoplenty:brimstone_bricks' at index 67 in file 'biomesoplenty:optifine/ctm/orange_sand.properties' in pack 'file/BOPPBR-FULL-RE1-v0.1.4.zip'
[17:31:24] [Worker-Main-7/WARN]: Unknown block 'biomesoplenty:brimstone_brick_slab' in 'matchBlocks' element 'biomesoplenty:brimstone_brick_slab' at index 68 in file 'biomesoplenty:optifine/ctm/orange_sand.properties' in pack 'file/BOPPBR-FULL-RE1-v0.1.4.zip'
[17:31:24] [Worker-Main-7/WARN]: Unknown block 'biomesoplenty:chiseled_brimstone_bricks' in 'matchBlocks' element 'biomesoplenty:chiseled_brimstone_bricks' at index 69 in file 'biomesoplenty:optifine/ctm/orange_sand.properties' in pack 'file/BOPPBR-FULL-RE1-v0.1.4.zip'
[17:31:24] [Worker-Main-7/WARN]: Unknown block 'biomesoplenty:algal_end_stone' in 'matchBlocks' element 'biomesoplenty:algal_end_stone' at index 70 in file 'biomesoplenty:optifine/ctm/orange_sand.properties' in pack 'file/BOPPBR-FULL-RE1-v0.1.4.zip'
[17:31:24] [Worker-Main-7/WARN]: Unknown block 'biomesoplenty:unmapped_end_stone' in 'matchBlocks' element 'biomesoplenty:unmapped_end_stone' at index 71 in file 'biomesoplenty:optifine/ctm/orange_sand.properties' in pack 'file/BOPPBR-FULL-RE1-v0.1.4.zip'
[17:31:24] [Worker-Main-7/WARN]: Unknown block 'biomesoplenty:null_end_stone' in 'matchBlocks' element 'biomesoplenty:null_end_stone' at index 72 in file 'biomesoplenty:optifine/ctm/orange_sand.properties' in pack 'file/BOPPBR-FULL-RE1-v0.1.4.zip'
[17:31:24] [Worker-Main-7/WARN]: Unknown block 'biomesoplenty:null_block' in 'matchBlocks' element 'biomesoplenty:null_block' at index 73 in file 'biomesoplenty:optifine/ctm/orange_sand.properties' in pack 'file/BOPPBR-FULL-RE1-v0.1.4.zip'
[17:31:24] [Worker-Main-7/WARN]: Unknown block 'biomesoplenty:anomaly' in 'matchBlocks' element 'biomesoplenty:anomaly' at index 74 in file 'biomesoplenty:optifine/ctm/orange_sand.properties' in pack 'file/BOPPBR-FULL-RE1-v0.1.4.zip'
[17:31:24] [Worker-Main-7/WARN]: Unknown block 'biomesoplenty:toadstool_block' in 'matchBlocks' element 'biomesoplenty:toadstool_block' at index 75 in file 'biomesoplenty:optifine/ctm/orange_sand.properties' in pack 'file/BOPPBR-FULL-RE1-v0.1.4.zip'
[17:31:24] [Worker-Main-7/WARN]: Unknown block 'biomesoplenty:glowshroom_block' in 'matchBlocks' element 'biomesoplenty:glowshroom_block' at index 76 in file 'biomesoplenty:optifine/ctm/orange_sand.properties' in pack 'file/BOPPBR-FULL-RE1-v0.1.4.zip'
[17:31:24] [Worker-Main-7/WARN]: Unknown block 'biomesoplenty:glowing_moss_block' in 'matchBlocks' element 'biomesoplenty:glowing_moss_block' at index 77 in file 'biomesoplenty:optifine/ctm/orange_sand.properties' in pack 'file/BOPPBR-FULL-RE1-v0.1.4.zip'
[17:31:24] [Worker-Main-7/WARN]: Unknown block 'biomesoplenty:origin_grass_block' in 'matchBlocks' element 'biomesoplenty:origin_grass_block' at index 78 in file 'biomesoplenty:optifine/ctm/orange_sand.properties' in pack 'file/BOPPBR-FULL-RE1-v0.1.4.zip'
[17:31:24] [Worker-Main-7/WARN]: Unknown block 'biomesoplenty:white_flower_petal_block' in 'matchBlocks' element 'biomesoplenty:white_flower_petal_block' at index 79 in file 'biomesoplenty:optifine/ctm/orange_sand.properties' in pack 'file/BOPPBR-FULL-RE1-v0.1.4.zip'
[17:31:24] [Worker-Main-7/WARN]: Unknown block 'biomesoplenty:light_gray_flower_petal_block' in 'matchBlocks' element 'biomesoplenty:light_gray_flower_petal_block' at index 80 in file 'biomesoplenty:optifine/ctm/orange_sand.properties' in pack 'file/BOPPBR-FULL-RE1-v0.1.4.zip'
[17:31:24] [Worker-Main-7/WARN]: Unknown block 'biomesoplenty:gray_flower_petal_block' in 'matchBlocks' element 'biomesoplenty:gray_flower_petal_block' at index 81 in file 'biomesoplenty:optifine/ctm/orange_sand.properties' in pack 'file/BOPPBR-FULL-RE1-v0.1.4.zip'
[17:31:24] [Worker-Main-7/WARN]: Unknown block 'biomesoplenty:black_flower_petal_block' in 'matchBlocks' element 'biomesoplenty:black_flower_petal_block' at index 82 in file 'biomesoplenty:optifine/ctm/orange_sand.properties' in pack 'file/BOPPBR-FULL-RE1-v0.1.4.zip'
[17:31:24] [Worker-Main-7/WARN]: Unknown block 'biomesoplenty:brown_flower_petal_block' in 'matchBlocks' element 'biomesoplenty:brown_flower_petal_block' at index 83 in file 'biomesoplenty:optifine/ctm/orange_sand.properties' in pack 'file/BOPPBR-FULL-RE1-v0.1.4.zip'
[17:31:24] [Worker-Main-7/WARN]: Unknown block 'biomesoplenty:red_flower_petal_block' in 'matchBlocks' element 'biomesoplenty:red_flower_petal_block' at index 84 in file 'biomesoplenty:optifine/ctm/orange_sand.properties' in pack 'file/BOPPBR-FULL-RE1-v0.1.4.zip'
[17:31:24] [Worker-Main-7/WARN]: Unknown block 'biomesoplenty:orange_flower_petal_block' in 'matchBlocks' element 'biomesoplenty:orange_flower_petal_block' at index 85 in file 'biomesoplenty:optifine/ctm/orange_sand.properties' in pack 'file/BOPPBR-FULL-RE1-v0.1.4.zip'
[17:31:24] [Worker-Main-7/WARN]: Unknown block 'biomesoplenty:yellow_flower_petal_block' in 'matchBlocks' element 'biomesoplenty:yellow_flower_petal_block' at index 86 in file 'biomesoplenty:optifine/ctm/orange_sand.properties' in pack 'file/BOPPBR-FULL-RE1-v0.1.4.zip'
[17:31:24] [Worker-Main-7/WARN]: Unknown block 'biomesoplenty:lime_flower_petal_block' in 'matchBlocks' element 'biomesoplenty:lime_flower_petal_block' at index 87 in file 'biomesoplenty:optifine/ctm/orange_sand.properties' in pack 'file/BOPPBR-FULL-RE1-v0.1.4.zip'
[17:31:24] [Worker-Main-7/WARN]: Unknown block 'biomesoplenty:green_flower_petal_block' in 'matchBlocks' element 'biomesoplenty:green_flower_petal_block' at index 88 in file 'biomesoplenty:optifine/ctm/orange_sand.properties' in pack 'file/BOPPBR-FULL-RE1-v0.1.4.zip'
[17:31:24] [Worker-Main-7/WARN]: Unknown block 'biomesoplenty:cyan_flower_petal_block' in 'matchBlocks' element 'biomesoplenty:cyan_flower_petal_block' at index 89 in file 'biomesoplenty:optifine/ctm/orange_sand.properties' in pack 'file/BOPPBR-FULL-RE1-v0.1.4.zip'
[17:31:24] [Worker-Main-7/WARN]: Unknown block 'biomesoplenty:light_blue_flower_petal_block' in 'matchBlocks' element 'biomesoplenty:light_blue_flower_petal_block' at index 90 in file 'biomesoplenty:optifine/ctm/orange_sand.properties' in pack 'file/BOPPBR-FULL-RE1-v0.1.4.zip'
[17:31:24] [Worker-Main-7/WARN]: Unknown block 'biomesoplenty:blue_flower_petal_block' in 'matchBlocks' element 'biomesoplenty:blue_flower_petal_block' at index 91 in file 'biomesoplenty:optifine/ctm/orange_sand.properties' in pack 'file/BOPPBR-FULL-RE1-v0.1.4.zip'
[17:31:24] [Worker-Main-7/WARN]: Unknown block 'biomesoplenty:purple_flower_petal_block' in 'matchBlocks' element 'biomesoplenty:purple_flower_petal_block' at index 92 in file 'biomesoplenty:optifine/ctm/orange_sand.properties' in pack 'file/BOPPBR-FULL-RE1-v0.1.4.zip'
[17:31:24] [Worker-Main-7/WARN]: Unknown block 'biomesoplenty:magenta_flower_petal_block' in 'matchBlocks' element 'biomesoplenty:magenta_flower_petal_block' at index 93 in file 'biomesoplenty:optifine/ctm/orange_sand.properties' in pack 'file/BOPPBR-FULL-RE1-v0.1.4.zip'
[17:31:24] [Worker-Main-7/WARN]: Unknown block 'biomesoplenty:pink_flower_petal_block' in 'matchBlocks' element 'biomesoplenty:pink_flower_petal_block' at index 94 in file 'biomesoplenty:optifine/ctm/orange_sand.properties' in pack 'file/BOPPBR-FULL-RE1-v0.1.4.zip'
[17:31:24] [Worker-Main-7/WARN]: Unknown block 'biomesoplenty:flower_stem' in 'matchBlocks' element 'biomesoplenty:flower_stem' at index 95 in file 'biomesoplenty:optifine/ctm/orange_sand.properties' in pack 'file/BOPPBR-FULL-RE1-v0.1.4.zip'
[17:31:24] [Worker-Main-7/WARN]: Unknown block 'biomesoplenty:orange_sand' in 'connectBlocks' element 'biomesoplenty:orange_sand' at index 0 in file 'biomesoplenty:optifine/ctm/orange_sand.properties' in pack 'file/BOPPBR-FULL-RE1-v0.1.4.zip'
[17:31:24] [Worker-Main-7/WARN]: Unknown block 'biomesoplenty:white_sand' in 'matchBlocks' element 'biomesoplenty:white_sand' at index 36 in file 'biomesoplenty:optifine/ctm/white_sand.properties' in pack 'file/BOPPBR-FULL-RE1-v0.1.4.zip'
[17:31:24] [Worker-Main-7/WARN]: Unknown block 'biomesoplenty:white_sandstone' in 'matchBlocks' element 'biomesoplenty:white_sandstone' at index 37 in file 'biomesoplenty:optifine/ctm/white_sand.properties' in pack 'file/BOPPBR-FULL-RE1-v0.1.4.zip'
[17:31:24] [Worker-Main-7/WARN]: Unknown block 'biomesoplenty:cut_white_sandstone' in 'matchBlocks' element 'biomesoplenty:cut_white_sandstone' at index 38 in file 'biomesoplenty:optifine/ctm/white_sand.properties' in pack 'file/BOPPBR-FULL-RE1-v0.1.4.zip'
[17:31:24] [Worker-Main-7/WARN]: Unknown block 'biomesoplenty:cut_white_sandstone_slab' in 'matchBlocks' element 'biomesoplenty:cut_white_sandstone_slab' at index 39 in file 'biomesoplenty:optifine/ctm/white_sand.properties' in pack 'file/BOPPBR-FULL-RE1-v0.1.4.zip'
[17:31:24] [Worker-Main-7/WARN]: Unknown block 'biomesoplenty:chiseled_white_sandstone' in 'matchBlocks' element 'biomesoplenty:chiseled_white_sandstone' at index 40 in file 'biomesoplenty:optifine/ctm/white_sand.properties' in pack 'file/BOPPBR-FULL-RE1-v0.1.4.zip'
[17:31:24] [Worker-Main-7/WARN]: Unknown block 'biomesoplenty:smooth_white_sandstone' in 'matchBlocks' element 'biomesoplenty:smooth_white_sandstone' at index 41 in file 'biomesoplenty:optifine/ctm/white_sand.properties' in pack 'file/BOPPBR-FULL-RE1-v0.1.4.zip'
[17:31:24] [Worker-Main-7/WARN]: Unknown block 'biomesoplenty:smooth_white_sandstone_slab' in 'matchBlocks' element 'biomesoplenty:smooth_white_sandstone_slab' at index 42 in file 'biomesoplenty:optifine/ctm/white_sand.properties' in pack 'file/BOPPBR-FULL-RE1-v0.1.4.zip'
[17:31:24] [Worker-Main-7/WARN]: Unknown block 'biomesoplenty:white_sandstone_slab' in 'matchBlocks' element 'biomesoplenty:white_sandstone_slab' at index 43 in file 'biomesoplenty:optifine/ctm/white_sand.properties' in pack 'file/BOPPBR-FULL-RE1-v0.1.4.zip'
[17:31:24] [Worker-Main-7/WARN]: Unknown block 'biomesoplenty:orange_sand' in 'matchBlocks' element 'biomesoplenty:orange_sand' at index 44 in file 'biomesoplenty:optifine/ctm/white_sand.properties' in pack 'file/BOPPBR-FULL-RE1-v0.1.4.zip'
[17:31:24] [Worker-Main-7/WARN]: Unknown block 'biomesoplenty:orange_sandstone' in 'matchBlocks' element 'biomesoplenty:orange_sandstone' at index 45 in file 'biomesoplenty:optifine/ctm/white_sand.properties' in pack 'file/BOPPBR-FULL-RE1-v0.1.4.zip'
[17:31:24] [Worker-Main-7/WARN]: Unknown block 'biomesoplenty:cut_orange_sandstone' in 'matchBlocks' element 'biomesoplenty:cut_orange_sandstone' at index 46 in file 'biomesoplenty:optifine/ctm/white_sand.properties' in pack 'file/BOPPBR-FULL-RE1-v0.1.4.zip'
[17:31:24] [Worker-Main-7/WARN]: Unknown block 'biomesoplenty:cut_orange_sandstone_slab' in 'matchBlocks' element 'biomesoplenty:cut_orange_sandstone_slab' at index 47 in file 'biomesoplenty:optifine/ctm/white_sand.properties' in pack 'file/BOPPBR-FULL-RE1-v0.1.4.zip'
[17:31:24] [Worker-Main-7/WARN]: Unknown block 'biomesoplenty:chiseled_orange_sandstone' in 'matchBlocks' element 'biomesoplenty:chiseled_orange_sandstone' at index 48 in file 'biomesoplenty:optifine/ctm/white_sand.properties' in pack 'file/BOPPBR-FULL-RE1-v0.1.4.zip'
[17:31:24] [Worker-Main-7/WARN]: Unknown block 'biomesoplenty:smooth_orange_sandstone' in 'matchBlocks' element 'biomesoplenty:smooth_orange_sandstone' at index 49 in file 'biomesoplenty:optifine/ctm/white_sand.properties' in pack 'file/BOPPBR-FULL-RE1-v0.1.4.zip'
[17:31:24] [Worker-Main-7/WARN]: Unknown block 'biomesoplenty:smooth_orange_sandstone_slab' in 'matchBlocks' element 'biomesoplenty:smooth_orange_sandstone_slab' at index 50 in file 'biomesoplenty:optifine/ctm/white_sand.properties' in pack 'file/BOPPBR-FULL-RE1-v0.1.4.zip'
[17:31:24] [Worker-Main-7/WARN]: Unknown block 'biomesoplenty:orange_sandstone_slab' in 'matchBlocks' element 'biomesoplenty:orange_sandstone_slab' at index 51 in file 'biomesoplenty:optifine/ctm/white_sand.properties' in pack 'file/BOPPBR-FULL-RE1-v0.1.4.zip'
[17:31:24] [Worker-Main-7/WARN]: Unknown block 'biomesoplenty:mossy_black_sand' in 'matchBlocks' element 'biomesoplenty:mossy_black_sand' at index 52 in file 'biomesoplenty:optifine/ctm/white_sand.properties' in pack 'file/BOPPBR-FULL-RE1-v0.1.4.zip'
[17:31:24] [Worker-Main-7/WARN]: Unknown block 'biomesoplenty:black_sand' in 'matchBlocks' element 'biomesoplenty:black_sand' at index 53 in file 'biomesoplenty:optifine/ctm/white_sand.properties' in pack 'file/BOPPBR-FULL-RE1-v0.1.4.zip'
[17:31:24] [Worker-Main-7/WARN]: Unknown block 'biomesoplenty:black_sandstone' in 'matchBlocks' element 'biomesoplenty:black_sandstone' at index 54 in file 'biomesoplenty:optifine/ctm/white_sand.properties' in pack 'file/BOPPBR-FULL-RE1-v0.1.4.zip'
[17:31:24] [Worker-Main-7/WARN]: Unknown block 'biomesoplenty:cut_black_sandstone' in 'matchBlocks' element 'biomesoplenty:cut_black_sandstone' at index 55 in file 'biomesoplenty:optifine/ctm/white_sand.properties' in pack 'file/BOPPBR-FULL-RE1-v0.1.4.zip'
[17:31:24] [Worker-Main-7/WARN]: Unknown block 'biomesoplenty:cut_black_sandstone_slab' in 'matchBlocks' element 'biomesoplenty:cut_black_sandstone_slab' at index 56 in file 'biomesoplenty:optifine/ctm/white_sand.properties' in pack 'file/BOPPBR-FULL-RE1-v0.1.4.zip'
[17:31:24] [Worker-Main-7/WARN]: Unknown block 'biomesoplenty:chiseled_black_sandstone' in 'matchBlocks' element 'biomesoplenty:chiseled_black_sandstone' at index 57 in file 'biomesoplenty:optifine/ctm/white_sand.properties' in pack 'file/BOPPBR-FULL-RE1-v0.1.4.zip'
[17:31:24] [Worker-Main-7/WARN]: Unknown block 'biomesoplenty:smooth_black_sandstone' in 'matchBlocks' element 'biomesoplenty:smooth_black_sandstone' at index 58 in file 'biomesoplenty:optifine/ctm/white_sand.properties' in pack 'file/BOPPBR-FULL-RE1-v0.1.4.zip'
[17:31:24] [Worker-Main-7/WARN]: Unknown block 'biomesoplenty:smooth_black_sandstone_slab' in 'matchBlocks' element 'biomesoplenty:smooth_black_sandstone_slab' at index 59 in file 'biomesoplenty:optifine/ctm/white_sand.properties' in pack 'file/BOPPBR-FULL-RE1-v0.1.4.zip'
[17:31:24] [Worker-Main-7/WARN]: Unknown block 'biomesoplenty:black_sandstone_slab' in 'matchBlocks' element 'biomesoplenty:black_sandstone_slab' at index 60 in file 'biomesoplenty:optifine/ctm/white_sand.properties' in pack 'file/BOPPBR-FULL-RE1-v0.1.4.zip'
[17:31:24] [Worker-Main-7/WARN]: Unknown block 'biomesoplenty:thermal_calcite' in 'matchBlocks' element 'biomesoplenty:thermal_calcite' at index 61 in file 'biomesoplenty:optifine/ctm/white_sand.properties' in pack 'file/BOPPBR-FULL-RE1-v0.1.4.zip'
[17:31:24] [Worker-Main-7/WARN]: Unknown block 'biomesoplenty:thermal_calcite_vent' in 'matchBlocks' element 'biomesoplenty:thermal_calcite_vent' at index 62 in file 'biomesoplenty:optifine/ctm/white_sand.properties' in pack 'file/BOPPBR-FULL-RE1-v0.1.4.zip'
[17:31:24] [Worker-Main-7/WARN]: Unknown block 'biomesoplenty:dried_salt' in 'matchBlocks' element 'biomesoplenty:dried_salt' at index 63 in file 'biomesoplenty:optifine/ctm/white_sand.properties' in pack 'file/BOPPBR-FULL-RE1-v0.1.4.zip'
[17:31:24] [Worker-Main-7/WARN]: Unknown block 'biomesoplenty:flesh' in 'matchBlocks' element 'biomesoplenty:flesh' at index 64 in file 'biomesoplenty:optifine/ctm/white_sand.properties' in pack 'file/BOPPBR-FULL-RE1-v0.1.4.zip'
[17:31:24] [Worker-Main-7/WARN]: Unknown block 'biomesoplenty:porous_flesh' in 'matchBlocks' element 'biomesoplenty:porous_flesh' at index 65 in file 'biomesoplenty:optifine/ctm/white_sand.properties' in pack 'file/BOPPBR-FULL-RE1-v0.1.4.zip'
[17:31:24] [Worker-Main-7/WARN]: Unknown block 'biomesoplenty:brimstone' in 'matchBlocks' element 'biomesoplenty:brimstone' at index 66 in file 'biomesoplenty:optifine/ctm/white_sand.properties' in pack 'file/BOPPBR-FULL-RE1-v0.1.4.zip'
[17:31:24] [Worker-Main-7/WARN]: Unknown block 'biomesoplenty:brimstone_bricks' in 'matchBlocks' element 'biomesoplenty:brimstone_bricks' at index 67 in file 'biomesoplenty:optifine/ctm/white_sand.properties' in pack 'file/BOPPBR-FULL-RE1-v0.1.4.zip'
[17:31:24] [Worker-Main-7/WARN]: Unknown block 'biomesoplenty:brimstone_brick_slab' in 'matchBlocks' element 'biomesoplenty:brimstone_brick_slab' at index 68 in file 'biomesoplenty:optifine/ctm/white_sand.properties' in pack 'file/BOPPBR-FULL-RE1-v0.1.4.zip'
[17:31:24] [Worker-Main-7/WARN]: Unknown block 'biomesoplenty:chiseled_brimstone_bricks' in 'matchBlocks' element 'biomesoplenty:chiseled_brimstone_bricks' at index 69 in file 'biomesoplenty:optifine/ctm/white_sand.properties' in pack 'file/BOPPBR-FULL-RE1-v0.1.4.zip'
[17:31:24] [Worker-Main-7/WARN]: Unknown block 'biomesoplenty:algal_end_stone' in 'matchBlocks' element 'biomesoplenty:algal_end_stone' at index 70 in file 'biomesoplenty:optifine/ctm/white_sand.properties' in pack 'file/BOPPBR-FULL-RE1-v0.1.4.zip'
[17:31:24] [Worker-Main-7/WARN]: Unknown block 'biomesoplenty:unmapped_end_stone' in 'matchBlocks' element 'biomesoplenty:unmapped_end_stone' at index 71 in file 'biomesoplenty:optifine/ctm/white_sand.properties' in pack 'file/BOPPBR-FULL-RE1-v0.1.4.zip'
[17:31:24] [Worker-Main-7/WARN]: Unknown block 'biomesoplenty:null_end_stone' in 'matchBlocks' element 'biomesoplenty:null_end_stone' at index 72 in file 'biomesoplenty:optifine/ctm/white_sand.properties' in pack 'file/BOPPBR-FULL-RE1-v0.1.4.zip'
[17:31:24] [Worker-Main-7/WARN]: Unknown block 'biomesoplenty:null_block' in 'matchBlocks' element 'biomesoplenty:null_block' at index 73 in file 'biomesoplenty:optifine/ctm/white_sand.properties' in pack 'file/BOPPBR-FULL-RE1-v0.1.4.zip'
[17:31:24] [Worker-Main-7/WARN]: Unknown block 'biomesoplenty:anomaly' in 'matchBlocks' element 'biomesoplenty:anomaly' at index 74 in file 'biomesoplenty:optifine/ctm/white_sand.properties' in pack 'file/BOPPBR-FULL-RE1-v0.1.4.zip'
[17:31:24] [Worker-Main-7/WARN]: Unknown block 'biomesoplenty:toadstool_block' in 'matchBlocks' element 'biomesoplenty:toadstool_block' at index 75 in file 'biomesoplenty:optifine/ctm/white_sand.properties' in pack 'file/BOPPBR-FULL-RE1-v0.1.4.zip'
[17:31:24] [Worker-Main-7/WARN]: Unknown block 'biomesoplenty:glowshroom_block' in 'matchBlocks' element 'biomesoplenty:glowshroom_block' at index 76 in file 'biomesoplenty:optifine/ctm/white_sand.properties' in pack 'file/BOPPBR-FULL-RE1-v0.1.4.zip'
[17:31:24] [Worker-Main-7/WARN]: Unknown block 'biomesoplenty:glowing_moss_block' in 'matchBlocks' element 'biomesoplenty:glowing_moss_block' at index 77 in file 'biomesoplenty:optifine/ctm/white_sand.properties' in pack 'file/BOPPBR-FULL-RE1-v0.1.4.zip'
[17:31:24] [Worker-Main-7/WARN]: Unknown block 'biomesoplenty:origin_grass_block' in 'matchBlocks' element 'biomesoplenty:origin_grass_block' at index 78 in file 'biomesoplenty:optifine/ctm/white_sand.properties' in pack 'file/BOPPBR-FULL-RE1-v0.1.4.zip'
[17:31:24] [Worker-Main-7/WARN]: Unknown block 'biomesoplenty:white_flower_petal_block' in 'matchBlocks' element 'biomesoplenty:white_flower_petal_block' at index 79 in file 'biomesoplenty:optifine/ctm/white_sand.properties' in pack 'file/BOPPBR-FULL-RE1-v0.1.4.zip'
[17:31:24] [Worker-Main-7/WARN]: Unknown block 'biomesoplenty:light_gray_flower_petal_block' in 'matchBlocks' element 'biomesoplenty:light_gray_flower_petal_block' at index 80 in file 'biomesoplenty:optifine/ctm/white_sand.properties' in pack 'file/BOPPBR-FULL-RE1-v0.1.4.zip'
[17:31:24] [Worker-Main-7/WARN]: Unknown block 'biomesoplenty:gray_flower_petal_block' in 'matchBlocks' element 'biomesoplenty:gray_flower_petal_block' at index 81 in file 'biomesoplenty:optifine/ctm/white_sand.properties' in pack 'file/BOPPBR-FULL-RE1-v0.1.4.zip'
[17:31:24] [Worker-Main-7/WARN]: Unknown block 'biomesoplenty:black_flower_petal_block' in 'matchBlocks' element 'biomesoplenty:black_flower_petal_block' at index 82 in file 'biomesoplenty:optifine/ctm/white_sand.properties' in pack 'file/BOPPBR-FULL-RE1-v0.1.4.zip'
[17:31:24] [Worker-Main-7/WARN]: Unknown block 'biomesoplenty:brown_flower_petal_block' in 'matchBlocks' element 'biomesoplenty:brown_flower_petal_block' at index 83 in file 'biomesoplenty:optifine/ctm/white_sand.properties' in pack 'file/BOPPBR-FULL-RE1-v0.1.4.zip'
[17:31:24] [Worker-Main-7/WARN]: Unknown block 'biomesoplenty:red_flower_petal_block' in 'matchBlocks' element 'biomesoplenty:red_flower_petal_block' at index 84 in file 'biomesoplenty:optifine/ctm/white_sand.properties' in pack 'file/BOPPBR-FULL-RE1-v0.1.4.zip'
[17:31:24] [Worker-Main-7/WARN]: Unknown block 'biomesoplenty:orange_flower_petal_block' in 'matchBlocks' element 'biomesoplenty:orange_flower_petal_block' at index 85 in file 'biomesoplenty:optifine/ctm/white_sand.properties' in pack 'file/BOPPBR-FULL-RE1-v0.1.4.zip'
[17:31:24] [Worker-Main-7/WARN]: Unknown block 'biomesoplenty:yellow_flower_petal_block' in 'matchBlocks' element 'biomesoplenty:yellow_flower_petal_block' at index 86 in file 'biomesoplenty:optifine/ctm/white_sand.properties' in pack 'file/BOPPBR-FULL-RE1-v0.1.4.zip'
[17:31:24] [Worker-Main-7/WARN]: Unknown block 'biomesoplenty:lime_flower_petal_block' in 'matchBlocks' element 'biomesoplenty:lime_flower_petal_block' at index 87 in file 'biomesoplenty:optifine/ctm/white_sand.properties' in pack 'file/BOPPBR-FULL-RE1-v0.1.4.zip'
[17:31:24] [Worker-Main-7/WARN]: Unknown block 'biomesoplenty:green_flower_petal_block' in 'matchBlocks' element 'biomesoplenty:green_flower_petal_block' at index 88 in file 'biomesoplenty:optifine/ctm/white_sand.properties' in pack 'file/BOPPBR-FULL-RE1-v0.1.4.zip'
[17:31:24] [Worker-Main-7/WARN]: Unknown block 'biomesoplenty:cyan_flower_petal_block' in 'matchBlocks' element 'biomesoplenty:cyan_flower_petal_block' at index 89 in file 'biomesoplenty:optifine/ctm/white_sand.properties' in pack 'file/BOPPBR-FULL-RE1-v0.1.4.zip'
[17:31:24] [Worker-Main-7/WARN]: Unknown block 'biomesoplenty:light_blue_flower_petal_block' in 'matchBlocks' element 'biomesoplenty:light_blue_flower_petal_block' at index 90 in file 'biomesoplenty:optifine/ctm/white_sand.properties' in pack 'file/BOPPBR-FULL-RE1-v0.1.4.zip'
[17:31:24] [Worker-Main-7/WARN]: Unknown block 'biomesoplenty:blue_flower_petal_block' in 'matchBlocks' element 'biomesoplenty:blue_flower_petal_block' at index 91 in file 'biomesoplenty:optifine/ctm/white_sand.properties' in pack 'file/BOPPBR-FULL-RE1-v0.1.4.zip'
[17:31:24] [Worker-Main-7/WARN]: Unknown block 'biomesoplenty:purple_flower_petal_block' in 'matchBlocks' element 'biomesoplenty:purple_flower_petal_block' at index 92 in file 'biomesoplenty:optifine/ctm/white_sand.properties' in pack 'file/BOPPBR-FULL-RE1-v0.1.4.zip'
[17:31:24] [Worker-Main-7/WARN]: Unknown block 'biomesoplenty:magenta_flower_petal_block' in 'matchBlocks' element 'biomesoplenty:magenta_flower_petal_block' at index 93 in file 'biomesoplenty:optifine/ctm/white_sand.properties' in pack 'file/BOPPBR-FULL-RE1-v0.1.4.zip'
[17:31:24] [Worker-Main-7/WARN]: Unknown block 'biomesoplenty:pink_flower_petal_block' in 'matchBlocks' element 'biomesoplenty:pink_flower_petal_block' at index 94 in file 'biomesoplenty:optifine/ctm/white_sand.properties' in pack 'file/BOPPBR-FULL-RE1-v0.1.4.zip'
[17:31:24] [Worker-Main-7/WARN]: Unknown block 'biomesoplenty:flower_stem' in 'matchBlocks' element 'biomesoplenty:flower_stem' at index 95 in file 'biomesoplenty:optifine/ctm/white_sand.properties' in pack 'file/BOPPBR-FULL-RE1-v0.1.4.zip'
[17:31:24] [Worker-Main-7/WARN]: Unknown block 'biomesoplenty:white_sand' in 'connectBlocks' element 'biomesoplenty:white_sand' at index 0 in file 'biomesoplenty:optifine/ctm/white_sand.properties' in pack 'file/BOPPBR-FULL-RE1-v0.1.4.zip'
[17:31:24] [Worker-Main-11/WARN]: Missing sprite: biomesoplenty:textures/continuity_reserved/ctm/grass_block_side_snow_dirt_01.png
[17:31:24] [Worker-Main-11/WARN]: Missing sprite: biomesoplenty:textures/continuity_reserved/ctm/grass_block_side_snow_dirt_02.png
[17:31:24] [Worker-Main-11/WARN]: Missing sprite: biomesoplenty:textures/continuity_reserved/ctm/grass_block_side_snow_dirt_05.png
[17:31:24] [Worker-Main-11/WARN]: Missing sprite: biomesoplenty:textures/continuity_reserved/ctm/grass_block_side_snow_dirt_06.png
[17:31:24] [Worker-Main-11/WARN]: Missing sprite: biomesoplenty:textures/continuity_reserved/ctm/grass_block_side_snow_dirt_07.png
[17:31:24] [Worker-Main-11/WARN]: Missing sprite: biomesoplenty:textures/continuity_reserved/ctm/grass_block_side_snow_dirt_08.png
[17:31:24] [Worker-Main-11/WARN]: Missing sprite: biomesoplenty:textures/continuity_reserved/ctm/grass_block_side_snow_dirt_09.png
[17:31:24] [Worker-Main-11/WARN]: Missing sprite: biomesoplenty:textures/continuity_reserved/ctm/grass_block_side_snow_dirt_00.png
[17:31:24] [Worker-Main-11/WARN]: Missing sprite: biomesoplenty:textures/continuity_reserved/ctm/grass_block_side_snow_dirt_13.png
[17:31:24] [Worker-Main-11/WARN]: Missing sprite: biomesoplenty:textures/continuity_reserved/ctm/grass_block_side_snow_dirt_04.png
[17:31:24] [Worker-Main-11/WARN]: Missing sprite: biomesoplenty:textures/continuity_reserved/ctm/grass_block_side_snow_dirt_15.png
[17:31:24] [Worker-Main-11/WARN]: Missing sprite: biomesoplenty:textures/continuity_reserved/ctm/grass_block_side_snow_dirt_11.png
[17:31:24] [Worker-Main-11/WARN]: Missing sprite: biomesoplenty:textures/continuity_reserved/ctm/grass_block_side_snow_dirt_10.png
[17:31:24] [Worker-Main-11/WARN]: Missing sprite: biomesoplenty:textures/continuity_reserved/ctm/grass_block_side_snow_dirt_12.png
[17:31:24] [Worker-Main-11/WARN]: Missing sprite: biomesoplenty:textures/continuity_reserved/ctm/grass_block_side_snow_dirt_16.png
[17:31:24] [Worker-Main-11/WARN]: Missing sprite: biomesoplenty:textures/continuity_reserved/ctm/grass_block_side_snow_dirt_14.png
[17:31:24] [Worker-Main-11/WARN]: Missing sprite: biomesoplenty:textures/continuity_reserved/ctm/grass_block_side_snow_dirt_03.png
[17:31:25] [Download-1/ERROR]: Failed to retrieve profile key pair
MinecraftClientHttpException[type=HTTP_ERROR, status=401, response=ErrorResponse[path=/player/certificates, error=null, errorMessage=null, details=null]]
	at knot//com.mojang.authlib.minecraft.client.MinecraftClient.buildHttpException(MinecraftClient.java:170)
	at knot//com.mojang.authlib.minecraft.client.MinecraftClient.readServiceResponse(MinecraftClient.java:147)
	at knot//com.mojang.authlib.minecraft.client.MinecraftClient.post(MinecraftClient.java:89)
	at knot//com.mojang.authlib.yggdrasil.YggdrasilUserApiService.getKeyPair(YggdrasilUserApiService.java:62)
	at knot//net.minecraft.client.multiplayer.AccountProfileKeyPairManager.fetchProfileKeyPair(AccountProfileKeyPairManager.java:128)
	at knot//net.minecraft.client.multiplayer.AccountProfileKeyPairManager.lambda$readOrFetchProfileKeyPair$0(AccountProfileKeyPairManager.java:77)
	at java.base/java.util.concurrent.CompletableFuture$AsyncSupply.run(CompletableFuture.java:1789)
	at java.base/java.util.concurrent.ThreadPoolExecutor.runWorker(ThreadPoolExecutor.java:1090)
	at java.base/java.util.concurrent.ThreadPoolExecutor$Worker.run(ThreadPoolExecutor.java:614)
	at java.base/java.lang.Thread.run(Thread.java:1474)
[17:31:25] [Render thread/INFO]: Start loading plugin from Jade: snownee.jade.addon.core.CorePlugin
[17:31:25] [Render thread/INFO]: Start loading plugin from Jade: snownee.jade.addon.vanilla.VanillaPlugin
[17:31:25] [Render thread/INFO]: Start loading plugin from Jade: snownee.jade.addon.universal.UniversalPlugin
[17:31:25] [Render thread/INFO]: Start loading plugin from Jade: snownee.jade.addon.access.AccessibilityPlugin
[17:31:25] [Render thread/INFO]: Start loading plugin from Jade: snownee.jade.addon.debug.DebugPlugin
[17:31:25] [Render thread/INFO]: Start loading plugin from Touhou Little Maid: Orihime: com.github.tartaricacid.touhoulittlemaid.compat.jade.JadePlugin
[17:31:25] [Worker-Main-2/WARN]: Missing block model: minecraft:block/bed_item_model
[17:31:25] [Worker-Main-2/WARN]: Missing block model: minecraft:builtin/entity
[17:31:25] [Render thread/INFO]: Loading Xaero's World Map - Stage 2/3
[17:31:25] [Worker-Main-8/WARN]: Missing textures in model dream_equipment:item/basalt_shield_blocking:
    minecraft:block/basalt
[17:31:25] [Worker-Main-8/WARN]: Missing textures in model dream_equipment:item/cactus_shield:
    minecraft:block/cactus
[17:31:25] [Worker-Main-8/WARN]: Missing textures in model dream_equipment:item/cactus_shield_blocking:
    minecraft:block/cactus
[17:31:25] [Worker-Main-8/WARN]: Missing textures in model minecraft:block/05m_weathered_copper_chain:
    minecraft:block/copper_weathered_chain
[17:31:25] [Worker-Main-8/WARN]: Missing textures in model dream_equipment:item/basalt_shield:
    minecraft:block/basalt
[17:31:25] [Worker-Main-8/WARN]: Missing texture references in model minecraft:item/note_block:
    particle
[17:31:25] [Worker-Main-8/WARN]: Missing texture references in model touhou_little_maid:item/picnic_basket_in_hand:
    particle
[17:31:25] [Worker-Main-8/WARN]: Missing texture references in model minecraft:item/dragon_breath:
    particle
[17:31:25] [Worker-Main-8/WARN]: Missing texture references in model minecraft:block/bamboo_fence_inventory:
    particle
[17:31:25] [Worker-Main-8/WARN]: Missing texture references in model minecraft:block/05rd_redstone_dust_up:
    particle
[17:31:25] [Worker-Main-8/WARN]: Missing texture references in model minecraft:block/bamboo_fence_side_north:
    particle
[17:31:25] [Worker-Main-8/WARN]: Missing texture references in model minecraft:block/bamboo_fence_side_east:
    particle
[17:31:25] [Worker-Main-8/WARN]: Missing texture references in model minecraft:block/05m_table_bookshelf_2:
    #missing
[17:31:25] [Worker-Main-8/WARN]: Missing texture references in model minecraft:block/05m_table_bookshelf_1:
    #missing
[17:31:25] [Worker-Main-8/WARN]: Missing texture references in model minecraft:block/05m_table_bookshelf_potion:
    #missing
[17:31:25] [Worker-Main-8/WARN]: Missing texture references in model minecraft:block/bamboo_fence_side_west:
    particle
[17:31:25] [Worker-Main-8/WARN]: Missing texture references in model minecraft:item/crimson_fungus:
    #missing
[17:31:25] [Worker-Main-8/WARN]: Missing texture references in model minecraft:block/bamboo_fence_side_south:
    particle
[17:31:25] [Worker-Main-8/WARN]: Missing texture references in model minecraft:block/05m_table_bookshelf_compass:
    #missing
[17:31:25] [Worker-Main-8/WARN]: Missing texture references in model touhou_little_maid:item/snack_cabinet_in_hand:
    particle
[17:31:25] [Worker-Main-8/WARN]: Missing texture references in model minecraft:block/05m_mushroom_crimson_fungus_1:
    #missing
[17:31:26] [Render thread/ERROR]: io exception while checking versions: Read timed out
[17:31:26] [Render thread/INFO]: Registered player tracker system: map_synced
[17:31:26] [Render thread/INFO]: Xaero's WorldMap Mod: Xaero's minimap found!
[17:31:26] [Render thread/INFO]: Registered player tracker system: minimap_synced
[17:31:26] [Render thread/INFO]: No Optifine!
[17:31:26] [Render thread/INFO]: Xaero's World Map: No Vivecraft!
[17:31:26] [Render thread/INFO]: Xaero's World Map: Iris found!
[17:31:26] [Render thread/INFO]: Loading Xaero's World Map - Stage 3/3
[17:31:26] [Render thread/INFO]: New world map region cache hash code: 1107297706
[17:31:26] [Render thread/INFO]: Loading Xaero's Minimap - Stage 2/3
[17:31:27] [Render thread/WARN]: io exception while checking versions: Read timed out
[17:31:27] [Render thread/INFO]: Registered player tracker system: minimap_synced
[17:31:27] [Render thread/INFO]: Loading Xaero's Minimap - Stage 3/3
[17:31:27] [Render thread/INFO]: Loading XaeroLib common 2/2!
[17:31:27] [Render thread/INFO]: Loading XaeroLib client 2/3!
[17:31:27] [Render thread/INFO]: Loading XaeroLib client 3/3!
[17:31:29] [Render thread/INFO]: [Berezka API] getMetadataSection : MetadataSectionType[name=language, codec=UnboundedMapCodec[String[flatXmapped] -> RecordCodec[UnitDecoder[net.minecraft.client.resources.language.LanguageInfo$$Lambda/0x000000001a80fc00@2feaf4e5] * Field[region: String[flatXmapped]] * Field[name: String[flatXmapped]] * OptionalFieldCodec[bidirectional: Bool][xmapped]]][xmapped]]
[17:31:29] [Render thread/INFO]: OpenAL initialized on device OpenAL Soft on 耳机 (High Definition Audio Device)
[17:31:29] [Render thread/INFO]: Sound engine started
[17:31:29] [Render thread/INFO]: Created: 512x256x0 minecraft:textures/atlas/particles.png-atlas
[17:31:29] [Render thread/INFO]: Created: 128x128x0 minecraft:textures/atlas/decorated_pot.png-atlas
[17:31:29] [Render thread/INFO]: Created: 2048x1024x0 minecraft:textures/atlas/armor_trims.png-atlas
[17:31:29] [Render thread/INFO]: Created: 512x256x0 minecraft:textures/atlas/paintings.png-atlas
[17:31:29] [Render thread/INFO]: Created: 1024x1024x0 minecraft:textures/atlas/shield_patterns.png-atlas
[17:31:29] [Render thread/INFO]: Created: 16384x16384x4 minecraft:textures/atlas/blocks.png-atlas
[17:31:30] [Render thread/INFO]: Created: 8192x4096x0 minecraft:textures/atlas/chest.png-atlas
[17:31:30] [Render thread/INFO]: Created: 256x128x0 minecraft:textures/atlas/celestials.png-atlas
[17:31:30] [Render thread/INFO]: Created: 1024x512x0 minecraft:textures/atlas/banner_patterns.png-atlas
[17:31:30] [Render thread/INFO]: Created: 8192x8192x0 minecraft:textures/atlas/items.png-atlas
[17:31:30] [Render thread/INFO]: Created: 1024x1024x0 minecraft:textures/atlas/gui.png-atlas
[17:31:30] [Render thread/INFO]: Created: 128x64x0 minecraft:textures/atlas/map_decorations.png-atlas
[17:31:30] [Render thread/INFO]: Created: 8192x4096x0 minecraft:textures/atlas/shulker_boxes.png-atlas
[17:31:33] [Render thread/INFO]: Custom pack loading time: 2572.0 ms
[17:31:34] [Download-3/INFO]: Could not authorize you against Realms server: java.lang.RuntimeException: Failed to parse into SignedJWT: 0000000000003003998F501BCC5137E3
[17:31:34] [Download-3/ERROR]: Couldn't connect to realms
com.mojang.realmsclient.exception.RealmsServiceException: Realms authentication error with message 'java.lang.RuntimeException: Failed to parse into SignedJWT: 0000000000003003998F501BCC5137E3'
	at knot//com.mojang.realmsclient.client.RealmsClient.execute(RealmsClient.java:528)
	at knot//com.mojang.realmsclient.client.RealmsClient.clientCompatible(RealmsClient.java:308)
	at knot//com.mojang.realmsclient.RealmsAvailability.lambda$check$0(RealmsAvailability.java:48)
	at java.base/java.util.concurrent.CompletableFuture$AsyncSupply.run(CompletableFuture.java:1789)
	at java.base/java.util.concurrent.ThreadPoolExecutor.runWorker(ThreadPoolExecutor.java:1090)
	at java.base/java.util.concurrent.ThreadPoolExecutor$Worker.run(ThreadPoolExecutor.java:614)
	at java.base/java.lang.Thread.run(Thread.java:1474)
[17:31:44] [Render thread/INFO]: Connecting to 198.18.0.1, 58611
[17:31:46] [Render thread/INFO]: [Berezka API] injectDynamicProviders()
[17:31:46] [Render thread/INFO]: [Berezka API] getMetadataSection : MetadataSectionType[name=pack, codec=RecordCodec[UnitDecoder[net.minecraft.server.packs.metadata.pack.PackMetadataSection$$Lambda/0x000000001984f400@5d882ad3] * Field[description: RecursiveCodec[Component]] * RecordCodec[UnitDecoder[net.minecraft.server.packs.metadata.pack.PackFormat$IntermediaryFormat$$Lambda/0x000000001984d000@5569b99f] * OptionalFieldCodec[min_format: EitherCodec[first=ListCodec[Int[flatXmapped]], second=Int[flatXmapped]][xmapped][xmapped]] * OptionalFieldCodec[max_format: EitherCodec[first=ListCodec[Int[flatXmapped]], second=Int[flatXmapped]][xmapped][xmapped]] * OptionalFieldCodec[pack_format: Int] * OptionalFieldCodec[supported_formats: EitherCodec[first=Int, second=EitherCodec[first=ListCodec[Int][comapFlatMapped], second=RecordCodec[UnitDecoder[net.minecraft.util.ExtraCodecs$$Lambda/0x000000001954e000@602b8a7] * Field[min_inclusive: Int] * Field[max_inclusive: Int]][comapFlatMapped]][xmapped]][comapFlatMapped]]][flatXmapped]]]
[17:31:46] [Render thread/INFO]: [Berezka API] getMetadataSection : MetadataSectionType[name=features, codec=RecordCodec[UnitDecoder[net.minecraft.server.packs.FeatureFlagsMetadataSection$$Lambda/0x000000001a6fb800@41f7e212] * Field[enabled: ListCodec[String[comapFlatMapped]][comapFlatMapped]]]]
[17:31:46] [Render thread/INFO]: [Berezka API] getMetadataSection : MetadataSectionType[name=overlays, codec=RecordCodec[UnitDecoder[net.minecraft.server.packs.OverlayMetadataSection$$Lambda/0x000000001a6ffc00@1ebe713a] * Field[entries: ListCodec[RecordCodec[UnitDecoder[net.minecraft.server.packs.OverlayMetadataSection$OverlayEntry$IntermediateEntry$$Lambda/0x000000001a6fec00@56b7c80b] * RecordCodec[UnitDecoder[net.minecraft.server.packs.metadata.pack.PackFormat$IntermediaryFormat$$Lambda/0x000000001984e400@5915fead] * OptionalFieldCodec[min_format: EitherCodec[first=ListCodec[Int[flatXmapped]], second=Int[flatXmapped]][xmapped][xmapped]] * OptionalFieldCodec[max_format: EitherCodec[first=ListCodec[Int[flatXmapped]], second=Int[flatXmapped]][xmapped][xmapped]] * OptionalFieldCodec[formats: EitherCodec[first=Int, second=EitherCodec[first=ListCodec[Int][comapFlatMapped], second=RecordCodec[UnitDecoder[net.minecraft.util.ExtraCodecs$$Lambda/0x000000001954e000@602b8a7] * Field[min_inclusive: Int] * Field[max_inclusive: Int]][comapFlatMapped]][xmapped]][comapFlatMapped]]] * Field[directory: String[flatXmapped]]]][flatXmapped]]]]
[17:31:46] [Render thread/INFO]: [Berezka API] getMetadataSection : MetadataSectionType[name=fabric:overlays, codec=Field[entries: ListCodec[RecordCodec[UnitDecoder[net.fabricmc.fabric.impl.resource.conditions.OverlayConditionsMetadata$Entry$$Lambda/0x000000001a701c00@18f96219] * Field[directory: String[flatXmapped]] * Field[condition: KeyDispatchCodec[Field[condition: String[comapFlatMapped][comapFlatMapped]] java.util.function.Function$$Lambda/0x0000000018947000@216d4253 java.util.function.Function$$Lambda/0x0000000018947000@2c499df0]]]]][xmapped]]
[17:31:46] [Render thread/INFO]: [Berezka API] getMetadataSection : MetadataSectionType[name=pack, codec=RecordCodec[UnitDecoder[net.minecraft.server.packs.metadata.pack.PackMetadataSection$$Lambda/0x000000001984f400@5d882ad3] * Field[description: RecursiveCodec[Component]] * RecordCodec[UnitDecoder[net.minecraft.server.packs.metadata.pack.PackFormat$IntermediaryFormat$$Lambda/0x000000001984d000@5569b99f] * OptionalFieldCodec[min_format: EitherCodec[first=ListCodec[Int[flatXmapped]], second=Int[flatXmapped]][xmapped][xmapped]] * OptionalFieldCodec[max_format: EitherCodec[first=ListCodec[Int[flatXmapped]], second=Int[flatXmapped]][xmapped][xmapped]] * OptionalFieldCodec[pack_format: Int] * OptionalFieldCodec[supported_formats: EitherCodec[first=Int, second=EitherCodec[first=ListCodec[Int][comapFlatMapped], second=RecordCodec[UnitDecoder[net.minecraft.util.ExtraCodecs$$Lambda/0x000000001954e000@602b8a7] * Field[min_inclusive: Int] * Field[max_inclusive: Int]][comapFlatMapped]][xmapped]][comapFlatMapped]]][flatXmapped]]]
[17:31:46] [Render thread/INFO]: [Berezka API] getMetadataSection : MetadataSectionType[name=features, codec=RecordCodec[UnitDecoder[net.minecraft.server.packs.FeatureFlagsMetadataSection$$Lambda/0x000000001a6fb800@41f7e212] * Field[enabled: ListCodec[String[comapFlatMapped]][comapFlatMapped]]]]
[17:31:46] [Render thread/INFO]: [Berezka API] getMetadataSection : MetadataSectionType[name=overlays, codec=RecordCodec[UnitDecoder[net.minecraft.server.packs.OverlayMetadataSection$$Lambda/0x000000001a6ffc00@1ebe713a] * Field[entries: ListCodec[RecordCodec[UnitDecoder[net.minecraft.server.packs.OverlayMetadataSection$OverlayEntry$IntermediateEntry$$Lambda/0x000000001a6fec00@56b7c80b] * RecordCodec[UnitDecoder[net.minecraft.server.packs.metadata.pack.PackFormat$IntermediaryFormat$$Lambda/0x000000001984e400@5915fead] * OptionalFieldCodec[min_format: EitherCodec[first=ListCodec[Int[flatXmapped]], second=Int[flatXmapped]][xmapped][xmapped]] * OptionalFieldCodec[max_format: EitherCodec[first=ListCodec[Int[flatXmapped]], second=Int[flatXmapped]][xmapped][xmapped]] * OptionalFieldCodec[formats: EitherCodec[first=Int, second=EitherCodec[first=ListCodec[Int][comapFlatMapped], second=RecordCodec[UnitDecoder[net.minecraft.util.ExtraCodecs$$Lambda/0x000000001954e000@602b8a7] * Field[min_inclusive: Int] * Field[max_inclusive: Int]][comapFlatMapped]][xmapped]][comapFlatMapped]]] * Field[directory: String[flatXmapped]]]][flatXmapped]]]]
[17:31:46] [Render thread/INFO]: [Berezka API] getMetadataSection : MetadataSectionType[name=fabric:overlays, codec=Field[entries: ListCodec[RecordCodec[UnitDecoder[net.fabricmc.fabric.impl.resource.conditions.OverlayConditionsMetadata$Entry$$Lambda/0x000000001a701c00@18f96219] * Field[directory: String[flatXmapped]] * Field[condition: KeyDispatchCodec[Field[condition: String[comapFlatMapped][comapFlatMapped]] java.util.function.Function$$Lambda/0x0000000018947000@216d4253 java.util.function.Function$$Lambda/0x0000000018947000@2c499df0]]]]][xmapped]]
[17:31:46] [Render thread/INFO]: [Berezka API] getMetadataSection : MetadataSectionType[name=filter, codec=RecordCodec[UnitDecoder[net.minecraft.server.packs.resources.ResourceFilterSection$$Lambda/0x000000001a9f5c00@3c503860] * Field[block: ListCodec[RecordCodec[UnitDecoder[net.minecraft.util.IdentifierPattern$$Lambda/0x00000000197d3c00@441df3c9] * OptionalFieldCodec[namespace: String[comapFlatMapped]] * OptionalFieldCodec[path: String[comapFlatMapped]]]]]]]
[17:31:47] [Render thread/INFO]: Minimap required item set to nothing.
[17:31:47] [Render thread/INFO]: New Xaero hud session initialized!
[17:31:47] [Render thread/INFO]: Fullscreen map required item set to nothing.
[17:31:47] [Render thread/INFO]: New world map session initialized!
[17:31:47] [Render thread/INFO]: Started 10 worker threads
[17:31:47] [Render thread/INFO]: Starting [1] Worker Daemon threads
[17:31:47] [Render thread/INFO]: [CHAT] ! [First Aid] Press H to open the health UI and inspect or treat body parts.
[17:31:47] [Render thread/INFO]: [CHAT] [FirstAid] 可用管理指令：
[17:31:47] [Render thread/INFO]: [CHAT] 点击方括号指令可直接填入聊天框，悬停查看参数与示例
[17:31:47] [Render thread/INFO]: [CHAT] 核心 [疼痛] [压制] [Join Tips] [药效]
[17:31:47] [Render thread/INFO]: [CHAT] 救援 [自然回血] [苏醒]
[17:31:47] [Render thread/INFO]: [CHAT] 进阶 [减益] [Random Damage] [成瘾] [测试伤害]
[17:31:47] [Render thread/INFO]: Received 7 throwable index(es) from server
[17:31:47] [Render thread/INFO]: Received 1 melee index(es) from server
[17:31:47] [Render thread/INFO]: Received 1 consumable index(es) from server
[17:31:47] [Render thread/WARN]: [REI] Found 1 existing reload task(s) after trying to terminate them!
[17:31:47] [REI-ReloadPlugins/INFO]: [REI] ========================================
[17:31:47] [REI-ReloadPlugins/INFO]: [REI] REICommonPlugin starting main-reload for START.
[17:31:47] [REI-ReloadPlugins/INFO]: [REI] Plugins (4):
[17:31:47] [REI-ReloadPlugins/INFO]: [REI]  - (-100.00) DefaultPlugin of DefaultPlugin [roughlyenoughitems]
[17:31:47] [REI-ReloadPlugins/INFO]: [REI]  - (0.00) FabricFluidAPISupportPlugin
[17:31:47] [REI-ReloadPlugins/INFO]: [REI]  - (0.00) REIPlugin of REIPlugin [tacz]
[17:31:47] [REI-ReloadPlugins/INFO]: [REI]  - (0.00) DefaultRuntimePlugin of DefaultRuntimePlugin [roughlyenoughitems]
[17:31:47] [REI-ReloadPlugins/INFO]: [REI] ========================================
[17:31:47] [Render thread/INFO]: Minimap updated server level id: -476031147 for world ResourceKey[minecraft:dimension / minecraft:overworld]
[17:31:47] [Render thread/INFO]: Received 1 network capability from server (responded with 1)
[17:31:47] [Render thread/INFO]: Loaded 3 advancements
[17:31:47] [REI-ReloadPlugins/INFO]: [REI] ++++++++++++++++++++++++++++++++++++++++
[17:31:47] [REI-ReloadPlugins/INFO]: [REI] REIClientPlugin starting main-reload for START.
[17:31:47] [REI-ReloadPlugins/INFO]: [REI] Plugins (5):
[17:31:47] [REI-ReloadPlugins/INFO]: [REI]  - (-100.00) DefaultClientPlugin of DefaultClientPlugin [roughlyenoughitems]
[17:31:47] [REI-ReloadPlugins/INFO]: [REI]  - (0.00) REIClientPlugin of REIClientPlugin [tacz]
[17:31:47] [REI-ReloadPlugins/INFO]: [REI]  - (0.00) HideIngredientsFromTagsPlugin of HideIngredientsFromTagsPlugin [roughlyenoughitems]
[17:31:47] [REI-ReloadPlugins/INFO]: [REI]  - (0.00) DefaultClientRuntimePlugin of DefaultClientRuntimePlugin [roughlyenoughitems]
[17:31:47] [REI-ReloadPlugins/INFO]: [REI]  - (0.00) REITooltipPlugin of REITooltipPlugin [appleskin]
[17:31:47] [REI-ReloadPlugins/INFO]: [REI] ++++++++++++++++++++++++++++++++++++++++
[17:31:47] [Render thread/INFO]: [REI] [REI Server Display Sync] Received server's request to set 2412 recipes.
[17:31:47] [Render thread/INFO]: Received config from the server: {}
[17:31:47] [Render thread/INFO]: Stopping worker threads
[17:31:47] [Render thread/INFO]: Started 10 worker threads
[17:31:47] [Render thread/INFO]: [FWA] Config file not found or invalid, using default
[17:31:47] [Render thread/WARN]: [TACZ Scope] Mask enabled but no ocular geometry was registered this frame. Either no scope is equipped/aimed, or ocular collection is broken.
[17:31:47] [Render thread/INFO]: Resizing Dynamic Transforms UBO, capacity limit of 2 reached during a single frame. New capacity will be 4.
[17:31:47] [REI-ReloadPlugins/INFO]: [REI] REICommonPlugin finished post-reload for START in 1.191 ms, totaling 47.21 ms.
[17:31:47] [REI-ReloadPlugins/INFO]: [REI] REIClientPlugin finished post-reload for START in 635.7 μs, totaling 224.2 ms.
[17:31:47] [REI-ReloadPlugins/INFO]: [REI] @@@@@@@@@@@@@@@@@@@@@@@@@@@@@@@@@@@@@@@@
[17:31:47] [REI-ReloadPlugins/INFO]: [REI] REICommonPlugin starting main-reload for END.
[17:31:47] [REI-ReloadPlugins/INFO]: [REI] Plugins (4):
[17:31:47] [REI-ReloadPlugins/INFO]: [REI]  - (-100.00) DefaultPlugin of DefaultPlugin [roughlyenoughitems]
[17:31:47] [REI-ReloadPlugins/INFO]: [REI]  - (0.00) FabricFluidAPISupportPlugin
[17:31:47] [REI-ReloadPlugins/INFO]: [REI]  - (0.00) REIPlugin of REIPlugin [tacz]
[17:31:47] [REI-ReloadPlugins/INFO]: [REI]  - (0.00) DefaultRuntimePlugin of DefaultRuntimePlugin [roughlyenoughitems]
[17:31:47] [REI-ReloadPlugins/INFO]: [REI] @@@@@@@@@@@@@@@@@@@@@@@@@@@@@@@@@@@@@@@@
[17:31:47] [REI-ReloadPlugins/INFO]: [REI] %%%%%%%%%%%%%%%%%%%%%%%%%%%%%%%%%%%%%%%%
[17:31:47] [REI-ReloadPlugins/INFO]: [REI] REIClientPlugin starting main-reload for END.
[17:31:47] [REI-ReloadPlugins/INFO]: [REI] Plugins (5):
[17:31:47] [REI-ReloadPlugins/INFO]: [REI]  - (-100.00) DefaultClientPlugin of DefaultClientPlugin [roughlyenoughitems]
[17:31:47] [REI-ReloadPlugins/INFO]: [REI]  - (0.00) REIClientPlugin of REIClientPlugin [tacz]
[17:31:47] [REI-ReloadPlugins/INFO]: [REI]  - (0.00) HideIngredientsFromTagsPlugin of HideIngredientsFromTagsPlugin [roughlyenoughitems]
[17:31:47] [REI-ReloadPlugins/INFO]: [REI]  - (0.00) DefaultClientRuntimePlugin of DefaultClientRuntimePlugin [roughlyenoughitems]
[17:31:47] [REI-ReloadPlugins/INFO]: [REI]  - (0.00) REITooltipPlugin of REITooltipPlugin [appleskin]
[17:31:47] [REI-ReloadPlugins/INFO]: [REI] %%%%%%%%%%%%%%%%%%%%%%%%%%%%%%%%%%%%%%%%
[17:31:47] [Render thread/INFO]: [TACZ Recipe Viewer] Refreshing after gun-pack sync (4 table(s), 231 recipe(s)).
[17:31:47] [Render thread/WARN]: [REI] Trying to start reload plugins of stage null but found 1 existing reload task(s)!
[17:31:47] [Render thread/INFO]: [TACZ Recipe Viewer] JEI/REI refresh completed.
[17:31:47] [REI-ReloadPlugins/INFO]: [REI] ----------------------------------------
[17:31:47] [REI-ReloadPlugins/INFO]: [REI] REICommonPlugin starting main-reload for START.
[17:31:47] [REI-ReloadPlugins/INFO]: [REI] Plugins (4):
[17:31:47] [REI-ReloadPlugins/INFO]: [REI]  - (-100.00) DefaultPlugin of DefaultPlugin [roughlyenoughitems]
[17:31:47] [REI-ReloadPlugins/INFO]: [REI]  - (0.00) FabricFluidAPISupportPlugin
[17:31:47] [REI-ReloadPlugins/INFO]: [REI]  - (0.00) REIPlugin of REIPlugin [tacz]
[17:31:47] [REI-ReloadPlugins/INFO]: [REI]  - (0.00) DefaultRuntimePlugin of DefaultRuntimePlugin [roughlyenoughitems]
[17:31:47] [REI-ReloadPlugins/INFO]: [REI] ----------------------------------------
[17:31:47] [REI-ReloadPlugins/INFO]: [REI] ----------------------------------------
[17:31:47] [REI-ReloadPlugins/INFO]: [REI] REIClientPlugin starting main-reload for START.
[17:31:47] [REI-ReloadPlugins/INFO]: [REI] Plugins (5):
[17:31:47] [REI-ReloadPlugins/INFO]: [REI]  - (-100.00) DefaultClientPlugin of DefaultClientPlugin [roughlyenoughitems]
[17:31:47] [REI-ReloadPlugins/INFO]: [REI]  - (0.00) REIClientPlugin of REIClientPlugin [tacz]
[17:31:47] [REI-ReloadPlugins/INFO]: [REI]  - (0.00) HideIngredientsFromTagsPlugin of HideIngredientsFromTagsPlugin [roughlyenoughitems]
[17:31:47] [REI-ReloadPlugins/INFO]: [REI]  - (0.00) DefaultClientRuntimePlugin of DefaultClientRuntimePlugin [roughlyenoughitems]
[17:31:47] [REI-ReloadPlugins/INFO]: [REI]  - (0.00) REITooltipPlugin of REITooltipPlugin [appleskin]
[17:31:47] [REI-ReloadPlugins/INFO]: [REI] ----------------------------------------
[17:31:47] [Render thread/INFO]: Resizing Dynamic Transforms UBO, capacity limit of 4 reached during a single frame. New capacity will be 8.
[17:31:47] [REI-ReloadPlugins/INFO]: [REI] REICommonPlugin finished post-reload for START in 317.7 μs, totaling 3.276 ms.
[17:31:47] [REI-ReloadPlugins/INFO]: [REI] REIClientPlugin finished post-reload for START in 444.9 μs, totaling 74.02 ms.
[17:31:47] [REI-ReloadPlugins/INFO]: [REI] ~~~~~~~~~~~~~~~~~~~~~~~~~~~~~~~~~~~~~~~~
[17:31:47] [REI-ReloadPlugins/INFO]: [REI] REICommonPlugin starting main-reload for END.
[17:31:47] [REI-ReloadPlugins/INFO]: [REI] Plugins (4):
[17:31:47] [REI-ReloadPlugins/INFO]: [REI]  - (-100.00) DefaultPlugin of DefaultPlugin [roughlyenoughitems]
[17:31:47] [REI-ReloadPlugins/INFO]: [REI]  - (0.00) FabricFluidAPISupportPlugin
[17:31:47] [REI-ReloadPlugins/INFO]: [REI]  - (0.00) REIPlugin of REIPlugin [tacz]
[17:31:47] [REI-ReloadPlugins/INFO]: [REI]  - (0.00) DefaultRuntimePlugin of DefaultRuntimePlugin [roughlyenoughitems]
[17:31:47] [REI-ReloadPlugins/INFO]: [REI] ~~~~~~~~~~~~~~~~~~~~~~~~~~~~~~~~~~~~~~~~
[17:31:47] [REI-ReloadPlugins/INFO]: [REI] OOOOOOOOOOOOOOOOOOOOOOOOOOOOOOOOOOOOOOOO
[17:31:47] [REI-ReloadPlugins/INFO]: [REI] REIClientPlugin starting main-reload for END.
[17:31:47] [REI-ReloadPlugins/INFO]: [REI] Plugins (5):
[17:31:47] [REI-ReloadPlugins/INFO]: [REI]  - (-100.00) DefaultClientPlugin of DefaultClientPlugin [roughlyenoughitems]
[17:31:47] [REI-ReloadPlugins/INFO]: [REI]  - (0.00) REIClientPlugin of REIClientPlugin [tacz]
[17:31:47] [REI-ReloadPlugins/INFO]: [REI]  - (0.00) HideIngredientsFromTagsPlugin of HideIngredientsFromTagsPlugin [roughlyenoughitems]
[17:31:47] [REI-ReloadPlugins/INFO]: [REI]  - (0.00) DefaultClientRuntimePlugin of DefaultClientRuntimePlugin [roughlyenoughitems]
[17:31:47] [REI-ReloadPlugins/INFO]: [REI]  - (0.00) REITooltipPlugin of REITooltipPlugin [appleskin]
[17:31:47] [REI-ReloadPlugins/INFO]: [REI] OOOOOOOOOOOOOOOOOOOOOOOOOOOOOOOOOOOOOOOO
[17:31:47] [Render thread/INFO]: Resizing Dynamic Transforms UBO, capacity limit of 8 reached during a single frame. New capacity will be 16.
[17:31:48] [Render thread/INFO]: Reloading radar icon resources...
[17:31:48] [Render thread/INFO]: Reloaded radar icon resources!
[17:31:48] [Render thread/INFO]: Resized a dynamic immediate buffer to 160!
[17:31:48] [Render thread/INFO]: Resized a dynamic immediate buffer to 320!
[17:31:48] [Render thread/INFO]: Resized a dynamic immediate buffer to 640!
[17:31:48] [Render thread/INFO]: Resized a dynamic immediate buffer to 1120!
[17:31:48] [Render thread/INFO]: Resized a dynamic immediate buffer to 2240!
[17:31:48] [Render thread/INFO]: Resizing Dynamic Transforms UBO, capacity limit of 16 reached during a single frame. New capacity will be 32.
[17:31:48] [REI-ReloadPlugins/INFO]: [REI] REICommonPlugin finished post-reload for END in 275.7 μs, totaling 2.385 ms.
[17:31:48] [REI-ReloadPlugins/INFO]: [REI] REIClientPlugin finished post-reload for END in 1.279 ms, totaling 517.1 ms.
[17:31:48] [Render thread/INFO]: Resized a dynamic immediate buffer to 1280!
[17:31:48] [Render thread/INFO]: Resized a dynamic immediate buffer to 10512!
[17:31:48] [Render thread/INFO]: Resized a dynamic immediate buffer to 21024!
[17:31:48] [InventoryHUD+ version check/INFO]: Can't find update string
[17:31:50] [Render thread/INFO]: Resized a dynamic immediate buffer to 160!
[17:31:50] [Render thread/INFO]: Resized a dynamic immediate buffer to 320!
[17:31:50] [Render thread/INFO]: Resized a dynamic immediate buffer to 640!
[17:31:50] [Render thread/INFO]: Resized a dynamic immediate buffer to 1280!
[17:31:58] [Render thread/INFO]: [CHAT] 已将自己的游戏模式设置为生存模式
[17:32:02] [Render thread/ERROR]: Couldn't compile pipeline firstaid:pain_low/0: Unable to find shader defined uniform (DynamicTransforms)
[17:32:02] [Render thread/ERROR]: Failed to load post chain: firstaid:pain_low
net.minecraft.client.renderer.ShaderManager$CompilationException: Failed to compile post processing pipeline firstaid:pain_low/0
	at knot//net.minecraft.client.renderer.PostChain.createPass(PostChain.java:89)
	at knot//net.minecraft.client.renderer.PostChain.load(PostChain.java:63)
	at knot//net.minecraft.client.renderer.ShaderManager$CompilationCache.loadPostChain(ShaderManager.java:248)
	at knot//net.minecraft.client.renderer.ShaderManager$CompilationCache.getOrLoadPostChain(ShaderManager.java:238)
	at knot//net.minecraft.client.renderer.ShaderManager.getPostChain(ShaderManager.java:195)
	at knot//net.minecraft.client.renderer.GameRenderer.render(GameRenderer.java:435)
	at knot//net.minecraft.client.Minecraft.renderFrame(Minecraft.java:1374)
	at knot//net.minecraft.client.Minecraft.runTick(Minecraft.java:1269)
	at knot//net.minecraft.client.Minecraft.run(Minecraft.java:959)
	at knot//net.minecraft.client.main.Main.main(Main.java:292)
	at net.fabricmc.loader.impl.game.minecraft.MinecraftGameProvider.launch(MinecraftGameProvider.java:514)
	at net.fabricmc.loader.impl.launch.knot.Knot.launch(Knot.java:72)
	at net.fabricmc.loader.impl.launch.knot.KnotClient.main(KnotClient.java:23)
[17:32:02] [Render thread/INFO]: Caught error loading resourcepacks, removing all selected resourcepacks
net.minecraft.client.renderer.ShaderManager$CompilationException: Failed to compile post processing pipeline firstaid:pain_low/0
	at knot//net.minecraft.client.renderer.PostChain.createPass(PostChain.java:89)
	at knot//net.minecraft.client.renderer.PostChain.load(PostChain.java:63)
	at knot//net.minecraft.client.renderer.ShaderManager$CompilationCache.loadPostChain(ShaderManager.java:248)
	at knot//net.minecraft.client.renderer.ShaderManager$CompilationCache.getOrLoadPostChain(ShaderManager.java:238)
	at knot//net.minecraft.client.renderer.ShaderManager.getPostChain(ShaderManager.java:195)
	at knot//net.minecraft.client.renderer.GameRenderer.render(GameRenderer.java:435)
	at knot//net.minecraft.client.Minecraft.renderFrame(Minecraft.java:1374)
	at knot//net.minecraft.client.Minecraft.runTick(Minecraft.java:1269)
	at knot//net.minecraft.client.Minecraft.run(Minecraft.java:959)
	at knot//net.minecraft.client.main.Main.main(Main.java:292)
	at net.fabricmc.loader.impl.game.minecraft.MinecraftGameProvider.launch(MinecraftGameProvider.java:514)
	at net.fabricmc.loader.impl.launch.knot.Knot.launch(Knot.java:72)
	at net.fabricmc.loader.impl.launch.knot.KnotClient.main(KnotClient.java:23)
[17:32:02] [Render thread/INFO]: [Berezka API] getMetadataSection : MetadataSectionType[name=pack, codec=RecordCodec[UnitDecoder[net.minecraft.server.packs.metadata.pack.PackMetadataSection$$Lambda/0x000000001984f400@5d882ad3] * Field[description: RecursiveCodec[Component]] * RecordCodec[UnitDecoder[net.minecraft.server.packs.metadata.pack.PackFormat$IntermediaryFormat$$Lambda/0x000000001984d000@5569b99f] * OptionalFieldCodec[min_format: EitherCodec[first=ListCodec[Int[flatXmapped]], second=Int[flatXmapped]][xmapped][xmapped]] * OptionalFieldCodec[max_format: EitherCodec[first=ListCodec[Int[flatXmapped]], second=Int[flatXmapped]][xmapped][xmapped]] * OptionalFieldCodec[pack_format: Int] * OptionalFieldCodec[supported_formats: EitherCodec[first=Int, second=EitherCodec[first=ListCodec[Int][comapFlatMapped], second=RecordCodec[UnitDecoder[net.minecraft.util.ExtraCodecs$$Lambda/0x000000001954e000@602b8a7] * Field[min_inclusive: Int] * Field[max_inclusive: Int]][comapFlatMapped]][xmapped]][comapFlatMapped]]][flatXmapped]]]
[17:32:02] [Render thread/INFO]: [Berezka API] getMetadataSection : MetadataSectionType[name=features, codec=RecordCodec[UnitDecoder[net.minecraft.server.packs.FeatureFlagsMetadataSection$$Lambda/0x000000001a6fb800@41f7e212] * Field[enabled: ListCodec[String[comapFlatMapped]][comapFlatMapped]]]]
[17:32:02] [Render thread/INFO]: [Berezka API] getMetadataSection : MetadataSectionType[name=overlays, codec=RecordCodec[UnitDecoder[net.minecraft.server.packs.OverlayMetadataSection$$Lambda/0x000000001a6ffc00@1ebe713a] * Field[entries: ListCodec[RecordCodec[UnitDecoder[net.minecraft.server.packs.OverlayMetadataSection$OverlayEntry$IntermediateEntry$$Lambda/0x000000001a6fec00@56b7c80b] * RecordCodec[UnitDecoder[net.minecraft.server.packs.metadata.pack.PackFormat$IntermediaryFormat$$Lambda/0x000000001984e400@5915fead] * OptionalFieldCodec[min_format: EitherCodec[first=ListCodec[Int[flatXmapped]], second=Int[flatXmapped]][xmapped][xmapped]] * OptionalFieldCodec[max_format: EitherCodec[first=ListCodec[Int[flatXmapped]], second=Int[flatXmapped]][xmapped][xmapped]] * OptionalFieldCodec[formats: EitherCodec[first=Int, second=EitherCodec[first=ListCodec[Int][comapFlatMapped], second=RecordCodec[UnitDecoder[net.minecraft.util.ExtraCodecs$$Lambda/0x000000001954e000@602b8a7] * Field[min_inclusive: Int] * Field[max_inclusive: Int]][comapFlatMapped]][xmapped]][comapFlatMapped]]] * Field[directory: String[flatXmapped]]]][flatXmapped]]]]
[17:32:02] [Render thread/INFO]: [Berezka API] getMetadataSection : MetadataSectionType[name=fabric:overlays, codec=Field[entries: ListCodec[RecordCodec[UnitDecoder[net.fabricmc.fabric.impl.resource.conditions.OverlayConditionsMetadata$Entry$$Lambda/0x000000001a701c00@18f96219] * Field[directory: String[flatXmapped]] * Field[condition: KeyDispatchCodec[Field[condition: String[comapFlatMapped][comapFlatMapped]] java.util.function.Function$$Lambda/0x0000000018947000@216d4253 java.util.function.Function$$Lambda/0x0000000018947000@2c499df0]]]]][xmapped]]
[17:32:02] [Render thread/INFO]: [Berezka API] getMetadataSection : MetadataSectionType[name=pack, codec=RecordCodec[UnitDecoder[net.minecraft.server.packs.metadata.pack.PackMetadataSection$$Lambda/0x000000001984f400@5d882ad3] * Field[description: RecursiveCodec[Component]] * RecordCodec[UnitDecoder[net.minecraft.server.packs.metadata.pack.PackFormat$IntermediaryFormat$$Lambda/0x000000001984d000@5569b99f] * OptionalFieldCodec[min_format: EitherCodec[first=ListCodec[Int[flatXmapped]], second=Int[flatXmapped]][xmapped][xmapped]] * OptionalFieldCodec[max_format: EitherCodec[first=ListCodec[Int[flatXmapped]], second=Int[flatXmapped]][xmapped][xmapped]] * OptionalFieldCodec[pack_format: Int] * OptionalFieldCodec[supported_formats: EitherCodec[first=Int, second=EitherCodec[first=ListCodec[Int][comapFlatMapped], second=RecordCodec[UnitDecoder[net.minecraft.util.ExtraCodecs$$Lambda/0x000000001954e000@602b8a7] * Field[min_inclusive: Int] * Field[max_inclusive: Int]][comapFlatMapped]][xmapped]][comapFlatMapped]]][flatXmapped]]]
[17:32:02] [Render thread/INFO]: [Berezka API] getMetadataSection : MetadataSectionType[name=features, codec=RecordCodec[UnitDecoder[net.minecraft.server.packs.FeatureFlagsMetadataSection$$Lambda/0x000000001a6fb800@41f7e212] * Field[enabled: ListCodec[String[comapFlatMapped]][comapFlatMapped]]]]
[17:32:02] [Render thread/INFO]: [Berezka API] getMetadataSection : MetadataSectionType[name=overlays, codec=RecordCodec[UnitDecoder[net.minecraft.server.packs.OverlayMetadataSection$$Lambda/0x000000001a6ffc00@1ebe713a] * Field[entries: ListCodec[RecordCodec[UnitDecoder[net.minecraft.server.packs.OverlayMetadataSection$OverlayEntry$IntermediateEntry$$Lambda/0x000000001a6fec00@56b7c80b] * RecordCodec[UnitDecoder[net.minecraft.server.packs.metadata.pack.PackFormat$IntermediaryFormat$$Lambda/0x000000001984e400@5915fead] * OptionalFieldCodec[min_format: EitherCodec[first=ListCodec[Int[flatXmapped]], second=Int[flatXmapped]][xmapped][xmapped]] * OptionalFieldCodec[max_format: EitherCodec[first=ListCodec[Int[flatXmapped]], second=Int[flatXmapped]][xmapped][xmapped]] * OptionalFieldCodec[formats: EitherCodec[first=Int, second=EitherCodec[first=ListCodec[Int][comapFlatMapped], second=RecordCodec[UnitDecoder[net.minecraft.util.ExtraCodecs$$Lambda/0x000000001954e000@602b8a7] * Field[min_inclusive: Int] * Field[max_inclusive: Int]][comapFlatMapped]][xmapped]][comapFlatMapped]]] * Field[directory: String[flatXmapped]]]][flatXmapped]]]]
[17:32:02] [Render thread/INFO]: [Berezka API] getMetadataSection : MetadataSectionType[name=fabric:overlays, codec=Field[entries: ListCodec[RecordCodec[UnitDecoder[net.fabricmc.fabric.impl.resource.conditions.OverlayConditionsMetadata$Entry$$Lambda/0x000000001a701c00@18f96219] * Field[directory: String[flatXmapped]] * Field[condition: KeyDispatchCodec[Field[condition: String[comapFlatMapped][comapFlatMapped]] java.util.function.Function$$Lambda/0x0000000018947000@216d4253 java.util.function.Function$$Lambda/0x0000000018947000@2c499df0]]]]][xmapped]]
[17:32:02] [Render thread/INFO]: Start scanning for gun packs in D:\DOWLOD\.minecraft\versions\26.2-Fabric 0.19.3 测试\tacz
[17:32:02] [Render thread/INFO]: - Ra1k_gunpack_v2.0.3_hotfix.zip, Main namespace: Phoenix
[17:32:02] [Render thread/INFO]: - tacztweaks-2.14.2+fabric.26.2.R1-example-pack, Main namespace: tacztweaks
[17:32:02] [Render thread/INFO]: - tacz_default_gun, Main namespace: tacz
[17:32:02] [Render thread/INFO]: Found 3 possible gunpack(s) and added them to resource set.
[17:32:02] [Render thread/INFO]: Reloading ResourceManager: vanilla, appleskin, berezka_api, carryon, chat_heads, cloth-config, conditional-mixin, continuity, dream_equipment, fabric-api, fabric-api-base, fabric-api-lookup-api-v1, fabric-biome-api-v1, fabric-block-api-v1, fabric-block-getter-api-v2, fabric-command-api-v2, fabric-content-registries-v0, fabric-convention-tags-v2, fabric-crash-report-info-v1, fabric-creative-tab-api-v1, fabric-data-attachment-api-v1, fabric-data-generation-api-v1, fabric-debug-api-v1, fabric-dimensions-v1, fabric-entity-events-v1, fabric-events-interaction-v0, fabric-game-rule-api-v1, fabric-item-api-v1, fabric-key-mapping-api-v1, fabric-language-kotlin, fabric-lifecycle-events-v1, fabric-loot-api-v3, fabric-menu-api-v1, fabric-message-api-v1, fabric-model-loading-api-v1, fabric-networking-api-v1, fabric-object-builder-api-v1, fabric-particles-v1, fabric-permission-api-v1, fabric-recipe-api-v1, fabric-registry-sync-v0, fabric-renderer-api-v1, fabric-renderer-indigo, fabric-rendering-fluids-v1, fabric-rendering-v1, fabric-resource-conditions-api-v1, fabric-resource-loader-v0, fabric-resource-loader-v1, fabric-screen-api-v1, fabric-serialization-api-v1, fabric-sound-api-v1, fabric-tag-api-v1, fabric-transfer-api-v1, fabric-transitive-access-wideners-v1, fabricloader, firstaid, forgeconfigapiport, fwa, immediatelyfast, inventoryhud, inventorymanagement, iris, jade, jamlib, justzoom, lambdynlights, lambdynlights_api, malilib, mcwifipnp, minihud, modmenu, nochatreports, notenoughanimations, org_apache_commons_commons-math3, placeholder-api, player_animation_library, pride, reeses-sodium-options, resourcify, roughlyenoughitems, skinlayers3d, sodium, spruceui, tacz, tacztweaks, touhou_little_maid, trade_cycling, trender, tweakermore, tweakeroo, xaerolib, xaerominimap, xaeroworldmap, yet_another_config_lib_v3, tacz_resources, berezka_api_data
[17:32:02] [Render thread/INFO]: [Berezka API] getMetadataSection : MetadataSectionType[name=filter, codec=RecordCodec[UnitDecoder[net.minecraft.server.packs.resources.ResourceFilterSection$$Lambda/0x000000001a9f5c00@3c503860] * Field[block: ListCodec[RecordCodec[UnitDecoder[net.minecraft.util.IdentifierPattern$$Lambda/0x00000000197d3c00@441df3c9] * OptionalFieldCodec[namespace: String[comapFlatMapped]] * OptionalFieldCodec[path: String[comapFlatMapped]]]]]]]
[17:32:02] [Render thread/ERROR]: Couldn't compile pipeline firstaid:pain_mid/0: Unable to find shader defined uniform (DynamicTransforms)
[17:32:02] [Render thread/ERROR]: Failed to load post chain: firstaid:pain_mid
net.minecraft.client.renderer.ShaderManager$CompilationException: Failed to compile post processing pipeline firstaid:pain_mid/0
	at knot//net.minecraft.client.renderer.PostChain.createPass(PostChain.java:89)
	at knot//net.minecraft.client.renderer.PostChain.load(PostChain.java:63)
	at knot//net.minecraft.client.renderer.ShaderManager$CompilationCache.loadPostChain(ShaderManager.java:248)
	at knot//net.minecraft.client.renderer.ShaderManager$CompilationCache.getOrLoadPostChain(ShaderManager.java:238)
	at knot//net.minecraft.client.renderer.ShaderManager.getPostChain(ShaderManager.java:195)
	at knot//net.minecraft.client.renderer.GameRenderer.render(GameRenderer.java:435)
	at knot//net.minecraft.client.Minecraft.renderFrame(Minecraft.java:1374)
	at knot//net.minecraft.client.Minecraft.runTick(Minecraft.java:1269)
	at knot//net.minecraft.client.Minecraft.run(Minecraft.java:959)
	at knot//net.minecraft.client.main.Main.main(Main.java:292)
	at net.fabricmc.loader.impl.game.minecraft.MinecraftGameProvider.launch(MinecraftGameProvider.java:514)
	at net.fabricmc.loader.impl.launch.knot.Knot.launch(Knot.java:72)
	at net.fabricmc.loader.impl.launch.knot.KnotClient.main(KnotClient.java:23)
[17:32:02] [Worker-Main-13/INFO]: Found unifont_all_no_pua-17.0.01.hex, loading
[17:32:02] [Worker-Main-15/INFO]: Found unifont_pua-17.0.01.hex, loading
[17:32:02] [Worker-Main-5/INFO]: Loading bedrock model file: touhou_little_maid:models/bedrock/entity/tombstone.json
[17:32:02] [Worker-Main-8/INFO]: Loading bedrock model file: touhou_little_maid:models/bedrock/block/shrine.json
[17:32:02] [Worker-Main-5/INFO]: Loading bedrock model file: touhou_little_maid:models/bedrock/entity/cake_box.json
[17:32:02] [Worker-Main-8/INFO]: Loading bedrock model file: touhou_little_maid:models/bedrock/block/altar.json
[17:32:02] [Worker-Main-5/INFO]: Loading bedrock model file: touhou_little_maid:models/bedrock/entity/backpack/middle_backpack.json
[17:32:02] [Worker-Main-5/INFO]: Loading bedrock model file: touhou_little_maid:models/bedrock/entity/new_maid_fairy.json
[17:32:02] [Render thread/ERROR]: Couldn't compile pipeline firstaid:pain/0: Unable to find shader defined uniform (DynamicTransforms)
[17:32:02] [Render thread/ERROR]: Failed to load post chain: firstaid:pain
net.minecraft.client.renderer.ShaderManager$CompilationException: Failed to compile post processing pipeline firstaid:pain/0
	at knot//net.minecraft.client.renderer.PostChain.createPass(PostChain.java:89)
	at knot//net.minecraft.client.renderer.PostChain.load(PostChain.java:63)
	at knot//net.minecraft.client.renderer.ShaderManager$CompilationCache.loadPostChain(ShaderManager.java:248)
	at knot//net.minecraft.client.renderer.ShaderManager$CompilationCache.getOrLoadPostChain(ShaderManager.java:238)
	at knot//net.minecraft.client.renderer.ShaderManager.getPostChain(ShaderManager.java:195)
	at knot//net.minecraft.client.renderer.GameRenderer.render(GameRenderer.java:435)
	at knot//net.minecraft.client.Minecraft.renderFrame(Minecraft.java:1374)
	at knot//net.minecraft.client.Minecraft.runTick(Minecraft.java:1269)
	at knot//net.minecraft.client.Minecraft.run(Minecraft.java:959)
	at knot//net.minecraft.client.main.Main.main(Main.java:292)
	at net.fabricmc.loader.impl.game.minecraft.MinecraftGameProvider.launch(MinecraftGameProvider.java:514)
	at net.fabricmc.loader.impl.launch.knot.Knot.launch(Knot.java:72)
	at net.fabricmc.loader.impl.launch.knot.KnotClient.main(KnotClient.java:23)
[17:32:02] [Worker-Main-5/INFO]: Loading bedrock model file: touhou_little_maid:models/bedrock/entity/backpack/big_backpack.json
[17:32:02] [Worker-Main-5/INFO]: Loading bedrock model file: touhou_little_maid:models/bedrock/entity/maid_fairy.json
[17:32:02] [Worker-Main-8/INFO]: Loading bedrock model file: touhou_little_maid:models/bedrock/block/gomoku_piece.json
[17:32:02] [Worker-Main-8/INFO]: Loading bedrock model file: touhou_little_maid:models/bedrock/block/bookshelf.json
[17:32:02] [Worker-Main-5/INFO]: Loading bedrock model file: touhou_little_maid:models/bedrock/entity/backpack/small_backpack.json
[17:32:02] [Worker-Main-5/INFO]: Loading bedrock model file: touhou_little_maid:models/bedrock/entity/broom.json
[17:32:02] [Worker-Main-5/INFO]: Loading bedrock model file: touhou_little_maid:models/bedrock/entity/baby_maid_fairy.json
[17:32:02] [Worker-Main-8/INFO]: Loading bedrock model file: touhou_little_maid:models/bedrock/block/maid_bed/blue.json
[17:32:02] [Worker-Main-5/WARN]: Invalid path in datapack: ra1k:geo_models/player/Ra1k.png, ignoring
[17:32:02] [Worker-Main-8/INFO]: Loading bedrock model file: touhou_little_maid:models/bedrock/block/keyboard.json
[17:32:02] [Worker-Main-3/WARN]: Invalid sounds.json in resourcepack: 'tacz'
com.google.gson.JsonSyntaxException: Expected entry to be a JsonObject, was "Sou...e."
	at knot//net.minecraft.util.GsonHelper.convertToJsonObject(GsonHelper.java:415)
	at knot//net.minecraft.client.resources.sounds.SoundEventRegistrationSerializer.deserialize(SoundEventRegistrationSerializer.java:25)
	at knot//net.minecraft.client.resources.sounds.SoundEventRegistrationSerializer.deserialize(SoundEventRegistrationSerializer.java:20)
	at knot//com.google.gson.internal.bind.TreeTypeAdapter.read(TreeTypeAdapter.java:95)
	at knot//com.google.gson.internal.bind.TypeAdapterRuntimeTypeWrapper.read(TypeAdapterRuntimeTypeWrapper.java:40)
	at knot//com.google.gson.internal.bind.MapTypeAdapterFactory$Adapter.read(MapTypeAdapterFactory.java:203)
	at knot//com.google.gson.internal.bind.MapTypeAdapterFactory$Adapter.read(MapTypeAdapterFactory.java:161)
	at knot//net.minecraft.util.GsonHelper.fromNullableJson(GsonHelper.java:530)
	at knot//net.minecraft.util.GsonHelper.fromJson(GsonHelper.java:537)
	at knot//net.minecraft.client.sounds.SoundManager.prepare(SoundManager.java:80)
	at knot//net.minecraft.client.sounds.SoundManager.prepare(SoundManager.java:41)
	at knot//net.minecraft.server.packs.resources.SimplePreparableReloadListener.lambda$reload$0(SimplePreparableReloadListener.java:13)
	at java.base/java.util.concurrent.CompletableFuture$AsyncSupply.run(CompletableFuture.java:1789)
	at knot//net.minecraft.server.packs.resources.SimpleReloadInstance.lambda$prepareTasks$1(SimpleReloadInstance.java:51)
	at java.base/java.util.concurrent.ForkJoinTask$RunnableExecuteAction.compute(ForkJoinTask.java:1753)
	at java.base/java.util.concurrent.ForkJoinTask$RunnableExecuteAction.compute(ForkJoinTask.java:1745)
	at java.base/java.util.concurrent.ForkJoinTask$InterruptibleTask.exec(ForkJoinTask.java:1662)
	at java.base/java.util.concurrent.ForkJoinTask.doExec(ForkJoinTask.java:511)
	at java.base/java.util.concurrent.ForkJoinPool$WorkQueue.topLevelExec(ForkJoinPool.java:1450)
	at java.base/java.util.concurrent.ForkJoinPool.runWorker(ForkJoinPool.java:2019)
	at java.base/java.util.concurrent.ForkJoinWorkerThread.run(ForkJoinWorkerThread.java:187)
[17:32:02] [Worker-Main-8/INFO]: Loading bedrock model file: touhou_little_maid:models/bedrock/block/picnic_mat.json
[17:32:02] [Worker-Main-8/INFO]: Loading bedrock model file: touhou_little_maid:models/bedrock/block/snack_cabinet.json
[17:32:02] [Worker-Main-8/INFO]: Loading bedrock model file: touhou_little_maid:models/bedrock/block/statue_base.json
[17:32:02] [Worker-Main-8/INFO]: Loading bedrock model file: touhou_little_maid:models/bedrock/block/wchess.json
[17:32:02] [Worker-Main-8/INFO]: Loading bedrock model file: touhou_little_maid:models/bedrock/block/cchess_pieces.json
[17:32:02] [Worker-Main-8/INFO]: Loading bedrock model file: touhou_little_maid:models/bedrock/block/maid_bed/black.json
[17:32:02] [Worker-Main-8/INFO]: Loading bedrock model file: touhou_little_maid:models/bedrock/block/maid_bed/purple.json
[17:32:02] [Worker-Main-8/INFO]: Loading bedrock model file: touhou_little_maid:models/bedrock/block/cchess.json
[17:32:02] [Worker-Main-8/INFO]: Loading bedrock model file: touhou_little_maid:models/bedrock/block/maid_bed/pink.json
[17:32:02] [Worker-Main-8/INFO]: Loading bedrock model file: touhou_little_maid:models/bedrock/block/gomoku.json
[17:32:02] [Worker-Main-8/INFO]: Loading bedrock model file: touhou_little_maid:models/bedrock/block/maid_bed/green.json
[17:32:02] [Worker-Main-8/INFO]: Loading bedrock model file: touhou_little_maid:models/bedrock/block/wchess_pieces.json
[17:32:02] [Worker-Main-8/INFO]: Loading bedrock model file: touhou_little_maid:models/bedrock/block/maid_banner.json
[17:32:02] [Worker-Main-8/INFO]: Loading bedrock model file: touhou_little_maid:models/bedrock/block/maid_bed/yellow.json
[17:32:02] [Worker-Main-8/INFO]: Loading bedrock model file: touhou_little_maid:models/bedrock/block/computer.json
[17:32:02] [Worker-Main-8/INFO]: Loading bedrock model file: touhou_little_maid:models/bedrock/block/maid_bed/white.json
[17:32:02] [Worker-Main-14/INFO]: Found unifont_jp_patch-17.0.01.hex, loading
[17:32:03] [Worker-Main-12/WARN]: Missing block model: minecraft:builtin/entity
[17:32:03] [Worker-Main-10/WARN]: Missing textures in model dream_equipment:item/basalt_shield_blocking:
    minecraft:block/basalt
[17:32:03] [Worker-Main-10/WARN]: Missing textures in model dream_equipment:item/cactus_shield:
    minecraft:block/cactus
[17:32:03] [Worker-Main-10/WARN]: Missing textures in model dream_equipment:item/cactus_shield_blocking:
    minecraft:block/cactus
[17:32:03] [Worker-Main-10/WARN]: Missing textures in model dream_equipment:item/basalt_shield:
    minecraft:block/basalt
[17:32:03] [Worker-Main-10/WARN]: Missing texture references in model touhou_little_maid:item/picnic_basket_in_hand:
    particle
[17:32:03] [Worker-Main-10/WARN]: Missing texture references in model touhou_little_maid:item/snack_cabinet_in_hand:
    particle
[17:32:03] [Render thread/INFO]: [Berezka API] getMetadataSection : MetadataSectionType[name=language, codec=UnboundedMapCodec[String[flatXmapped] -> RecordCodec[UnitDecoder[net.minecraft.client.resources.language.LanguageInfo$$Lambda/0x000000001a80fc00@2feaf4e5] * Field[region: String[flatXmapped]] * Field[name: String[flatXmapped]] * OptionalFieldCodec[bidirectional: Bool][xmapped]]][xmapped]]
[17:32:03] [Render thread/INFO]: OpenAL initialized on device OpenAL Soft on 耳机 (High Definition Audio Device)
[17:32:03] [Render thread/INFO]: Sound engine started
[17:32:03] [Render thread/INFO]: Created: 512x256x0 minecraft:textures/atlas/particles.png-atlas
[17:32:03] [Render thread/INFO]: Created: 128x128x0 minecraft:textures/atlas/decorated_pot.png-atlas
[17:32:03] [Render thread/INFO]: Created: 2048x1024x0 minecraft:textures/atlas/armor_trims.png-atlas
[17:32:03] [Render thread/INFO]: Created: 512x256x0 minecraft:textures/atlas/paintings.png-atlas
[17:32:03] [Render thread/INFO]: Created: 1024x1024x0 minecraft:textures/atlas/shield_patterns.png-atlas
[17:32:03] [Render thread/INFO]: Created: 2048x2048x4 minecraft:textures/atlas/blocks.png-atlas
[17:32:03] [Render thread/INFO]: Radar icon manager reset!
[17:32:03] [Render thread/INFO]: Reloading radar icon resources...
[17:32:03] [Render thread/INFO]: Reloaded radar icon resources!
[17:32:03] [Render thread/INFO]: New world map region cache hash code: 1754205453
[17:32:03] [Render thread/INFO]: Created: 512x512x0 minecraft:textures/atlas/chest.png-atlas
[17:32:03] [Render thread/INFO]: Created: 256x128x0 minecraft:textures/atlas/celestials.png-atlas
[17:32:03] [Render thread/INFO]: Created: 1024x512x0 minecraft:textures/atlas/banner_patterns.png-atlas
[17:32:03] [Render thread/INFO]: Created: 4096x2048x0 minecraft:textures/atlas/items.png-atlas
[17:32:03] [Render thread/INFO]: Created: 1024x1024x0 minecraft:textures/atlas/gui.png-atlas
[17:32:03] [Render thread/INFO]: Created: 128x64x0 minecraft:textures/atlas/map_decorations.png-atlas
[17:32:03] [Render thread/INFO]: Created: 512x512x0 minecraft:textures/atlas/shulker_boxes.png-atlas
[17:32:03] [Render thread/ERROR]: Couldn't compile pipeline firstaid:pain/0: Unable to find shader defined uniform (DynamicTransforms)
[17:32:03] [Render thread/ERROR]: Failed to load post chain: firstaid:pain
net.minecraft.client.renderer.ShaderManager$CompilationException: Failed to compile post processing pipeline firstaid:pain/0
	at knot//net.minecraft.client.renderer.PostChain.createPass(PostChain.java:89)
	at knot//net.minecraft.client.renderer.PostChain.load(PostChain.java:63)
	at knot//net.minecraft.client.renderer.ShaderManager$CompilationCache.loadPostChain(ShaderManager.java:248)
	at knot//net.minecraft.client.renderer.ShaderManager$CompilationCache.getOrLoadPostChain(ShaderManager.java:238)
	at knot//net.minecraft.client.renderer.ShaderManager.getPostChain(ShaderManager.java:195)
	at knot//net.minecraft.client.renderer.GameRenderer.render(GameRenderer.java:435)
	at knot//net.minecraft.client.Minecraft.renderFrame(Minecraft.java:1374)
	at knot//net.minecraft.client.Minecraft.runTick(Minecraft.java:1269)
	at knot//net.minecraft.client.Minecraft.run(Minecraft.java:959)
	at knot//net.minecraft.client.main.Main.main(Main.java:292)
	at net.fabricmc.loader.impl.game.minecraft.MinecraftGameProvider.launch(MinecraftGameProvider.java:514)
	at net.fabricmc.loader.impl.launch.knot.Knot.launch(Knot.java:72)
	at net.fabricmc.loader.impl.launch.knot.KnotClient.main(KnotClient.java:23)
[17:32:03] [Render thread/INFO]: Stopping [1] Worker Daemon threads
[17:32:03] [Render thread/INFO]: Xaero hud session finalized.
[17:32:03] [Render thread/INFO]: Finalizing world map session...
[17:32:03] [Thread-3/INFO]: World map cleaned normally!
[17:32:03] [Render thread/INFO]: World map session finalized.
[17:32:03] [Render thread/INFO]: Stopping worker threads
                                                                                                                                                                                                                                                                                                                                                                                                                                                                                                                                                                                                                                                                                                                                                                                                                                                                                                                                                                                                                                                                                                                                                                                                                                                                                                                                                                                                                                                                                                                                                                                                                                                                                                                                                                                                                                                                                                                                                                                                                                                                                                                                                                                                                                                                                                                                                                                                                                                                                                                                                                                                                                                                                                                                                                                                                                                                                                                                                                                                                                                                                                                                                                                                                                                                                                                                                                                                                                         [17:31:19] [Server thread/INFO]: GOOSTL取得了进度[退治异变]
[17:31:19] [Render thread/INFO]: [CHAT] [GOOSTL head]GOOSTL取得了进度[退治异变]
[17:31:19] [Render thread/INFO]: Loaded 106 advancements
[17:31:21] [Server thread/INFO]: [GOOSTL: 已将自己的游戏模式设置为冒险模式]
[17:31:21] [Render thread/INFO]: [CHAT] 已将自己的游戏模式设置为冒险模式
[17:31:24] [Server thread/INFO]: [GOOSTL: 已将自己的游戏模式设置为创造模式]
[17:31:24] [Render thread/INFO]: [CHAT] 已将自己的游戏模式设置为创造模式
[17:31:38] [Server thread/INFO]: Saving and pausing game...
[17:31:38] [Server thread/INFO]: Saving chunks for level 'ServerLevel[新的世界]'/minecraft:overworld
[17:31:38] [Server thread/INFO]: Saving chunks for level 'ServerLevel[新的世界]'/minecraft:the_nether
[17:31:38] [Server thread/INFO]: Saving chunks for level 'ServerLevel[新的世界]'/minecraft:the_end
[17:31:43] [Render thread/INFO]: Published LAN server on port 58611
[17:31:43] [Render thread/INFO]: [CHAT] 此世界现已对局域网开放。端口号为[58611]
[17:31:45] [Netty NIO IO #1/INFO]: Policy of GIG is: online
[17:31:46] [Render thread/INFO]: [CHAT] 无法转发端口58611：路由器上未启用UPnP，你可能需要端口映射软件。
[17:31:46] [Render thread/INFO]: [CHAT] 成功获取到[内网IPv4][内网IPv4][公网IPv4]，由于NAT等因素，这些IP可能仍旧无法直接联机。
[17:31:46] [Server thread/INFO]: GIG[/198.18.0.1:63155] logged in with entity id 131 at (3.5, -60.0, -8.5)
[17:31:46] [Server thread/INFO]: GIG加入了游戏
[17:31:46] [Render thread/INFO]: [CHAT] GIG加入了游戏
[17:31:47] [Server thread/INFO]: Sending 1 network capability to GIG
[17:31:47] [Server thread/INFO]: Received 1 capability from GIG
[17:31:48] [Render thread/WARN]: [TACZ Sound] Missing gun sound resource, skipped. sound=minecraft:p02_sm_mpapa5_raise, path=minecraft:tacz_sounds/p02_sm_mpapa5_raise.ogg
[17:31:54] [Render thread/WARN]: [TACZ Sound] Missing gun sound resource, skipped. sound=minecraft:weap_mpapa5_fire_first_plr_01, path=minecraft:tacz_sounds/weap_mpapa5_fire_first_plr_01.ogg
[17:31:58] [Server thread/INFO]: [GIG: 已将自己的游戏模式设置为生存模式]
[17:31:58] [Render thread/INFO]: [CHAT] [[GIG head]GIG: 已将自己的游戏模式设置为生存模式]
[17:32:03] [Server thread/INFO]: GIG lost connection: 连接中断
[17:32:03] [Server thread/INFO]: GIG退出了游戏
[17:32:03] [Render thread/INFO]: [CHAT] [GIG head]GIG退出了游戏
[17:32:05] [Render thread/WARN]: [TACZ Sound] Missing gun sound resource, skipped. sound=tacz:hk_mp5a5/hk_mp5a5_reload_tactical, path=tacz:tacz_sounds/hk_mp5a5/hk_mp5a5_reload_tactical.ogg
